# 1: Detection or Track-id,2: Video or Image Identifier,3: Unique Frame Identifier,4-7: Img-bbox(TL_x,TL_y,BR_x,BR_y),8: Detection or Length Confidence,9: Target Length (0 or -1 if invalid),10-11+: Repeated Species,Confidence Pairs or Attributes
# metadata,fps: 1,"exported_by: ""dive:typescript""","exported_time: ""5/14/2026, 2:12:39 PM"""
1,\\akc0ss-n086\NMML_Polar_Imagery_4\Surveys_IceSeals_2025\fl223\images_30deg_N68RF\center_view\ice_seals_2025_fl223_C_20250513_223137.115060_rgb.jpg,130,700,7606,748,7712,1,-1,ringed_seal,1,(trk-atr) age_class nonpup,(trk-atr) age_class_confidence positive,(trk-atr) species_confidence positive
2,\\akc0ss-n086\NMML_Polar_Imagery_4\Surveys_IceSeals_2025\fl223\images_30deg_N68RF\center_view\ice_seals_2025_fl223_C_20250513_223147.763899_rgb.jpg,140,2171,7011,2275,7076,1,-1,ringed_seal,1,(trk-atr) age_class nonpup,(trk-atr) age_class_confidence positive,(trk-atr) species_confidence likely
3,\\akc0ss-n086\NMML_Polar_Imagery_4\Surveys_IceSeals_2025\fl223\images_30deg_N68RF\center_view\ice_seals_2025_fl223_C_20250513_223646.824115_rgb.jpg,398,8733,7341,8820,7394,1,-1,ringed_seal,1,(trk-atr) age_class nonpup,(trk-atr) age_class_confidence positive,(trk-atr) species_confidence likely
4,\\akc0ss-n086\NMML_Polar_Imagery_4\Surveys_IceSeals_2025\fl223\images_30deg_N68RF\center_view\ice_seals_2025_fl223_C_20250513_223922.353818_rgb.jpg,534,10329,8231,10491,8370,1,-1,false_positive,1
5,\\akc0ss-n086\NMML_Polar_Imagery_4\Surveys_IceSeals_2025\fl223\images_30deg_N68RF\center_view\ice_seals_2025_fl223_C_20250513_224216.291918_rgb.jpg,687,3081,4266,3210,4402,1,-1,false_positive,1
6,\\akc0ss-n086\NMML_Polar_Imagery_4\Surveys_IceSeals_2025\fl223\images_30deg_N68RF\center_view\ice_seals_2025_fl223_C_20250513_224458.921984_rgb.jpg,829,912,4970,1064,5180,1,-1,false_positive,1
7,\\akc0ss-n086\NMML_Polar_Imagery_4\Surveys_IceSeals_2025\fl223\images_30deg_N68RF\center_view\ice_seals_2025_fl223_C_20250513_224637.587981_rgb.jpg,916,7760,2741,7919,2939,1,-1,false_positive,1
8,\\akc0ss-n086\NMML_Polar_Imagery_4\Surveys_IceSeals_2025\fl223\images_30deg_N68RF\center_view\ice_seals_2025_fl223_C_20250513_224704.780545_rgb.jpg,940,6733,2782,6874,2954,1,-1,false_positive,1
9,\\akc0ss-n086\NMML_Polar_Imagery_4\Surveys_IceSeals_2025\fl223\images_30deg_N68RF\center_view\ice_seals_2025_fl223_C_20250513_224916.114506_rgb.jpg,1057,3136,7584,3272,7746,1,-1,false_positive,1
10,\\akc0ss-n086\NMML_Polar_Imagery_4\Surveys_IceSeals_2025\fl223\images_30deg_N68RF\center_view\ice_seals_2025_fl223_C_20250513_224919.431888_rgb.jpg,1060,3359,9790,3486,9956,1,-1,off_frame,1
11,\\akc0ss-n086\NMML_Polar_Imagery_4\Surveys_IceSeals_2025\fl223\images_30deg_N68RF\center_view\ice_seals_2025_fl223_C_20250513_224921.645401_rgb.jpg,1062,8674,2159,8851,2346,1,-1,false_positive,1
12,\\akc0ss-n086\NMML_Polar_Imagery_4\Surveys_IceSeals_2025\fl223\images_30deg_N68RF\center_view\ice_seals_2025_fl223_C_20250513_224949.385488_rgb.jpg,1087,6525,3324,6731,3499,1,-1,false_positive,1
13,\\akc0ss-n086\NMML_Polar_Imagery_4\Surveys_IceSeals_2025\fl223\images_30deg_N68RF\center_view\ice_seals_2025_fl223_C_20250513_224954.924700_rgb.jpg,1092,6079,812,6258,907,1,-1,false_positive,1
14,\\akc0ss-n086\NMML_Polar_Imagery_4\Surveys_IceSeals_2025\fl223\images_30deg_N68RF\center_view\ice_seals_2025_fl223_C_20250513_225201.625272_rgb.jpg,1145,9018,2477,9132,2558,1,-1,ringed_seal,1,(trk-atr) age_class nonpup,(trk-atr) age_class_confidence positive,(trk-atr) species_confidence positive
15,\\akc0ss-n086\NMML_Polar_Imagery_4\Surveys_IceSeals_2025\fl223\images_30deg_N68RF\center_view\ice_seals_2025_fl223_C_20250513_225406.707597_rgb.jpg,1259,-96,4349,223,4548,1,-1,false_positive,1
16,\\akc0ss-n086\NMML_Polar_Imagery_4\Surveys_IceSeals_2025\fl223\images_30deg_N68RF\center_view\ice_seals_2025_fl223_C_20250513_225506.708623_rgb.jpg,1314,5994,2588,6156,2766,1,-1,false_positive,1
17,\\akc0ss-n086\NMML_Polar_Imagery_4\Surveys_IceSeals_2025\fl223\images_30deg_N68RF\center_view\ice_seals_2025_fl223_C_20250513_225647.518800_rgb.jpg,1407,8568,4173,8643,4280,1,-1,ringed_seal,1,(trk-atr) age_class nonpup,(trk-atr) age_class_confidence positive,(trk-atr) species_confidence positive
18,\\akc0ss-n086\NMML_Polar_Imagery_4\Surveys_IceSeals_2025\fl223\images_30deg_N68RF\center_view\ice_seals_2025_fl223_C_20250513_225647.518800_rgb.jpg,1407,8210,4107,8318,4178,1,-1,ringed_seal,1,(trk-atr) age_class nonpup,(trk-atr) age_class_confidence positive,(trk-atr) species_confidence positive
19,\\akc0ss-n086\NMML_Polar_Imagery_4\Surveys_IceSeals_2025\fl223\images_30deg_N68RF\center_view\ice_seals_2025_fl223_C_20250513_225725.065175_rgb.jpg,1442,7667,6121,7939,6319,1,-1,false_positive,1
20,\\akc0ss-n086\NMML_Polar_Imagery_4\Surveys_IceSeals_2025\fl223\images_30deg_N68RF\center_view\ice_seals_2025_fl223_C_20250513_225746.545744_rgb.jpg,1462,9137,924,9260,1099,1,-1,bearded_seal,1,(trk-atr) age_class nonpup,(trk-atr) age_class_confidence positive,(trk-atr) species_confidence positive
21,\\akc0ss-n086\NMML_Polar_Imagery_4\Surveys_IceSeals_2025\fl223\images_30deg_N68RF\center_view\ice_seals_2025_fl223_C_20250513_225747.614950_rgb.jpg,1463,9431,10039,9655,10302,1,-1,off_frame,1
22,\\akc0ss-n086\NMML_Polar_Imagery_4\Surveys_IceSeals_2025\fl223\images_30deg_N68RF\center_view\ice_seals_2025_fl223_C_20250513_225805.825259_rgb.jpg,1480,8891,8988,9051,9219,1,-1,false_positive,1
23,\\akc0ss-n086\NMML_Polar_Imagery_4\Surveys_IceSeals_2025\fl223\images_30deg_N68RF\center_view\ice_seals_2025_fl223_C_20250513_225910.829298_rgb.jpg,1539,2546,1949,2625,2043,1,-1,ringed_seal,1,(trk-atr) age_class nonpup,(trk-atr) age_class_confidence positive,(trk-atr) species_confidence positive
24,\\akc0ss-n086\NMML_Polar_Imagery_4\Surveys_IceSeals_2025\fl223\images_30deg_N68RF\center_view\ice_seals_2025_fl223_C_20250513_230056.164747_rgb.jpg,1633,5222,5916,5284,6015,1,-1,ringed_seal,1,(trk-atr) age_class nonpup,(trk-atr) age_class_confidence positive,(trk-atr) species_confidence positive
25,\\akc0ss-n086\NMML_Polar_Imagery_4\Surveys_IceSeals_2025\fl223\images_30deg_N68RF\center_view\ice_seals_2025_fl223_C_20250513_230059.540608_rgb.jpg,1636,9247,868,9337,950,1,-1,ringed_seal,1,(trk-atr) age_class nonpup,(trk-atr) age_class_confidence positive,(trk-atr) species_confidence positive
26,\\akc0ss-n086\NMML_Polar_Imagery_4\Surveys_IceSeals_2025\fl223\images_30deg_N68RF\center_view\ice_seals_2025_fl223_C_20250513_230100.662072_rgb.jpg,1637,9709,9977,9899,10165,1,-1,off_frame,1
27,\\akc0ss-n086\NMML_Polar_Imagery_4\Surveys_IceSeals_2025\fl223\images_30deg_N68RF\center_view\ice_seals_2025_fl223_C_20250513_230111.846740_rgb.jpg,1647,10679,1902,10753,2010,1,-1,ringed_seal,1,(trk-atr) age_class nonpup,(trk-atr) age_class_confidence positive,(trk-atr) species_confidence positive
28,\\akc0ss-n086\NMML_Polar_Imagery_4\Surveys_IceSeals_2025\fl223\images_30deg_N68RF\center_view\ice_seals_2025_fl223_C_20250513_230112.962948_rgb.jpg,1648,5926,5368,5976,5461,1,-1,ringed_seal,1,(trk-atr) age_class nonpup,(trk-atr) age_class_confidence positive,(trk-atr) species_confidence positive
29,\\akc0ss-n086\NMML_Polar_Imagery_4\Surveys_IceSeals_2025\fl223\images_30deg_N68RF\center_view\ice_seals_2025_fl223_C_20250513_230144.111079_rgb.jpg,1676,10037,7034,10118,7140,1,-1,ringed_seal,1,(trk-atr) age_class nonpup,(trk-atr) age_class_confidence positive,(trk-atr) species_confidence positive
30,\\akc0ss-n086\NMML_Polar_Imagery_4\Surveys_IceSeals_2025\fl223\images_30deg_N68RF\center_view\ice_seals_2025_fl223_C_20250513_230211.884232_rgb.jpg,1701,7083,5540,7176,5628,1,-1,ringed_seal,1,(trk-atr) age_class nonpup,(trk-atr) age_class_confidence positive,(trk-atr) species_confidence positive
31,\\akc0ss-n086\NMML_Polar_Imagery_4\Surveys_IceSeals_2025\fl223\images_30deg_N68RF\center_view\ice_seals_2025_fl223_C_20250513_230218.572036_rgb.jpg,1707,10208,8743,10350,8918,1,-1,bearded_seal,1,(trk-atr) age_class nonpup,(trk-atr) age_class_confidence positive,(trk-atr) species_confidence positive
32,\\akc0ss-n086\NMML_Polar_Imagery_4\Surveys_IceSeals_2025\fl223\images_30deg_N68RF\center_view\ice_seals_2025_fl223_C_20250513_230308.725285_rgb.jpg,1752,10167,3660,10281,3715,1,-1,ringed_seal,1,(trk-atr) age_class nonpup,(trk-atr) age_class_confidence positive,(trk-atr) species_confidence likely
33,\\akc0ss-n086\NMML_Polar_Imagery_4\Surveys_IceSeals_2025\fl223\images_30deg_N68RF\center_view\ice_seals_2025_fl223_C_20250513_230308.725285_rgb.jpg,1752,10074,3619,10198,3665,1,-1,ringed_seal,1,(trk-atr) age_class nonpup,(trk-atr) age_class_confidence positive,(trk-atr) species_confidence likely
34,\\akc0ss-n086\NMML_Polar_Imagery_4\Surveys_IceSeals_2025\fl223\images_30deg_N68RF\center_view\ice_seals_2025_fl223_C_20250513_230405.746752_rgb.jpg,1803,2278,8053,2384,8123,1,-1,ringed_seal,1,(trk-atr) age_class nonpup,(trk-atr) age_class_confidence positive,(trk-atr) species_confidence positive
35,\\akc0ss-n086\NMML_Polar_Imagery_4\Surveys_IceSeals_2025\fl223\images_30deg_N68RF\center_view\ice_seals_2025_fl223_C_20250513_230405.746752_rgb.jpg,1803,2434,7901,2544,7981,1,-1,ringed_seal,1,(trk-atr) age_class nonpup,(trk-atr) age_class_confidence positive,(trk-atr) species_confidence positive
36,\\akc0ss-n086\NMML_Polar_Imagery_4\Surveys_IceSeals_2025\fl223\images_30deg_N68RF\center_view\ice_seals_2025_fl223_C_20250513_230416.950560_rgb.jpg,1813,5563,6217,5627,6336,1,-1,ringed_seal,1,(trk-atr) age_class nonpup,(trk-atr) age_class_confidence positive,(trk-atr) species_confidence positive
37,\\akc0ss-n086\NMML_Polar_Imagery_4\Surveys_IceSeals_2025\fl223\images_30deg_N68RF\center_view\ice_seals_2025_fl223_C_20250513_230509.658405_rgb.jpg,1860,1879,7805,2061,7988,1,-1,false_positive,1
38,\\akc0ss-n086\NMML_Polar_Imagery_4\Surveys_IceSeals_2025\fl223\images_30deg_N68RF\center_view\ice_seals_2025_fl223_C_20250513_230701.441154_rgb.jpg,1957,8187,5309,8350,5512,1,-1,false_positive,1
39,\\akc0ss-n086\NMML_Polar_Imagery_4\Surveys_IceSeals_2025\fl223\images_30deg_N68RF\center_view\ice_seals_2025_fl223_C_20250513_230704.816355_rgb.jpg,1960,9386,6335,9507,6389,1,-1,ringed_seal,1,(trk-atr) age_class nonpup,(trk-atr) age_class_confidence positive,(trk-atr) species_confidence positive
40,\\akc0ss-n086\NMML_Polar_Imagery_4\Surveys_IceSeals_2025\fl223\images_30deg_N68RF\center_view\ice_seals_2025_fl223_C_20250513_230713.818053_rgb.jpg,1968,2968,8622,3077,8714,1,-1,ringed_seal,1,(trk-atr) age_class nonpup,(trk-atr) age_class_confidence positive,(trk-atr) species_confidence positive
41,\\akc0ss-n086\NMML_Polar_Imagery_4\Surveys_IceSeals_2025\fl223\images_30deg_N68RF\center_view\ice_seals_2025_fl223_C_20250513_230738.427222_rgb.jpg,1990,1353,3174,1406,3219,1,-1,ringed_seal,1,(trk-atr) age_class pup,(trk-atr) age_class_confidence positive,(trk-atr) species_confidence likely,(trk-atr) flag interesting
42,\\akc0ss-n086\NMML_Polar_Imagery_4\Surveys_IceSeals_2025\fl223\images_30deg_N68RF\center_view\ice_seals_2025_fl223_C_20250513_230807.492943_rgb.jpg,2016,8870,990,8982,1049,1,-1,ringed_seal,1,(trk-atr) age_class nonpup,(trk-atr) age_class_confidence positive,(trk-atr) species_confidence positive
43,\\akc0ss-n086\NMML_Polar_Imagery_4\Surveys_IceSeals_2025\fl223\images_30deg_N68RF\center_view\ice_seals_2025_fl223_C_20250513_230807.492943_rgb.jpg,2016,8895,1087,9005,1188,1,-1,ringed_seal,1,(trk-atr) age_class nonpup,(trk-atr) age_class_confidence positive,(trk-atr) species_confidence positive
44,\\akc0ss-n086\NMML_Polar_Imagery_4\Surveys_IceSeals_2025\fl223\images_30deg_N68RF\center_view\ice_seals_2025_fl223_C_20250513_230808.610789_rgb.jpg,2017,8715,10165,8886,10401,1,-1,off_frame,1
45,\\akc0ss-n086\NMML_Polar_Imagery_4\Surveys_IceSeals_2025\fl223\images_30deg_N68RF\center_view\ice_seals_2025_fl223_C_20250513_231019.559158_rgb.jpg,2133,4169,2380,4318,2536,1,-1,false_positive,1
46,\\akc0ss-n086\NMML_Polar_Imagery_4\Surveys_IceSeals_2025\fl223\images_30deg_N68RF\center_view\ice_seals_2025_fl223_C_20250513_231126.626775_rgb.jpg,2192,10690,6734,10743,6859,1,-1,ringed_seal,1,(trk-atr) age_class nonpup,(trk-atr) age_class_confidence positive,(trk-atr) species_confidence likely
47,\\akc0ss-n086\NMML_Polar_Imagery_4\Surveys_IceSeals_2025\fl223\images_30deg_N68RF\center_view\ice_seals_2025_fl223_C_20250513_231126.626775_rgb.jpg,2192,10183,6536,10266,6611,1,-1,false_positive,1
48,\\akc0ss-n086\NMML_Polar_Imagery_4\Surveys_IceSeals_2025\fl223\images_30deg_N68RF\center_view\ice_seals_2025_fl223_C_20250513_231158.490930_rgb.jpg,2220,8874,4216,9042,4467,1,-1,false_positive,1
49,\\akc0ss-n086\NMML_Polar_Imagery_4\Surveys_IceSeals_2025\fl223\images_30deg_N68RF\center_view\ice_seals_2025_fl223_C_20250513_231213.296320_rgb.jpg,2233,8256,7569,8423,7793,1,-1,false_positive,1
50,\\akc0ss-n086\NMML_Polar_Imagery_4\Surveys_IceSeals_2025\fl223\images_30deg_N68RF\center_view\ice_seals_2025_fl223_C_20250513_231214.431986_rgb.jpg,2234,1809,6504,2015,6699,1,-1,false_positive,1
51,\\akc0ss-n086\NMML_Polar_Imagery_4\Surveys_IceSeals_2025\fl223\images_30deg_N68RF\center_view\ice_seals_2025_fl223_C_20250513_231236.053040_rgb.jpg,2253,3656,7378,3855,7553,1,-1,bearded_seal,1,(trk-atr) age_class nonpup,(trk-atr) age_class_confidence positive,(trk-atr) species_confidence positive
52,\\akc0ss-n086\NMML_Polar_Imagery_4\Surveys_IceSeals_2025\fl223\images_30deg_N68RF\center_view\ice_seals_2025_fl223_C_20250513_231322.826452_rgb.jpg,2294,5831,5613,6032,5791,1,-1,false_positive,1
53,\\akc0ss-n086\NMML_Polar_Imagery_4\Surveys_IceSeals_2025\fl223\images_30deg_N68RF\center_view\ice_seals_2025_fl223_C_20250513_231323.970577_rgb.jpg,2295,11436,5504,11519,5618,1,-1,ringed_seal,1,(trk-atr) age_class nonpup,(trk-atr) age_class_confidence positive,(trk-atr) species_confidence positive
54,\\akc0ss-n086\NMML_Polar_Imagery_4\Surveys_IceSeals_2025\fl223\images_30deg_N68RF\center_view\ice_seals_2025_fl223_C_20250513_231334.256542_rgb.jpg,2304,6581,4341,6719,4548,1,-1,false_positive,1
55,\\akc0ss-n086\NMML_Polar_Imagery_4\Surveys_IceSeals_2025\fl223\images_30deg_N68RF\center_view\ice_seals_2025_fl223_C_20250513_231404.040004_rgb.jpg,2330,10591,4114,10756,4282,1,-1,false_positive,1
56,\\akc0ss-n086\NMML_Polar_Imagery_4\Surveys_IceSeals_2025\fl223\images_30deg_N68RF\center_view\ice_seals_2025_fl223_C_20250513_231446.288764_rgb.jpg,2367,1224,4352,1425,4479,1,-1,bearded_seal,1,(trk-atr) age_class nonpup,(trk-atr) age_class_confidence positive,(trk-atr) species_confidence positive
57,\\akc0ss-n086\NMML_Polar_Imagery_4\Surveys_IceSeals_2025\fl223\images_30deg_N68RF\center_view\ice_seals_2025_fl223_C_20250513_231457.673914_rgb.jpg,2377,8276,4539,8490,4724,1,-1,false_positive,1
58,\\akc0ss-n086\NMML_Polar_Imagery_4\Surveys_IceSeals_2025\fl223\images_30deg_N68RF\center_view\ice_seals_2025_fl223_C_20250513_231524.949984_rgb.jpg,2401,8558,2612,8735,2836,1,-1,false_positive,1
59,\\akc0ss-n086\NMML_Polar_Imagery_4\Surveys_IceSeals_2025\fl223\images_30deg_N68RF\center_view\ice_seals_2025_fl223_C_20250513_231618.561274_rgb.jpg,2448,11595,6948,11681,7008,1,-1,ringed_seal,1,(trk-atr) age_class nonpup,(trk-atr) age_class_confidence positive,(trk-atr) species_confidence positive
60,\\akc0ss-n086\NMML_Polar_Imagery_4\Surveys_IceSeals_2025\fl223\images_30deg_N68RF\center_view\ice_seals_2025_fl223_C_20250513_231636.813251_rgb.jpg,2464,4974,2102,5019,2214,1,-1,ringed_seal,1,(trk-atr) age_class nonpup,(trk-atr) age_class_confidence positive,(trk-atr) species_confidence positive
61,\\akc0ss-n086\NMML_Polar_Imagery_4\Surveys_IceSeals_2025\fl223\images_30deg_N68RF\center_view\ice_seals_2025_fl223_C_20250513_231729.375533_rgb.jpg,2510,5888,5089,6016,5230,1,-1,false_positive,1
62,\\akc0ss-n086\NMML_Polar_Imagery_4\Surveys_IceSeals_2025\fl223\images_30deg_N68RF\center_view\ice_seals_2025_fl223_C_20250513_231813.866852_rgb.jpg,2549,62,4564,307,4744,1,-1,false_positive,1
63,\\akc0ss-n086\NMML_Polar_Imagery_4\Surveys_IceSeals_2025\fl223\images_30deg_N68RF\center_view\ice_seals_2025_fl223_C_20250513_231847.044251_rgb.jpg,2578,3633,2013,3804,2184,1,-1,false_positive,1
64,\\akc0ss-n086\NMML_Polar_Imagery_4\Surveys_IceSeals_2025\fl223\images_30deg_N68RF\center_view\ice_seals_2025_fl223_C_20250513_232004.600816_rgb.jpg,2646,1187,8943,1380,9197,1,-1,false_positive,1
65,\\akc0ss-n086\NMML_Polar_Imagery_4\Surveys_IceSeals_2025\fl223\images_30deg_N68RF\center_view\ice_seals_2025_fl223_C_20250513_232008.024231_rgb.jpg,2649,10010,5423,10180,5695,1,-1,false_positive,1
66,\\akc0ss-n086\NMML_Polar_Imagery_4\Surveys_IceSeals_2025\fl223\images_30deg_N68RF\center_view\ice_seals_2025_fl223_C_20250513_232017.151293_rgb.jpg,2657,3390,5793,3571,5969,1,-1,false_positive,1
67,\\akc0ss-n086\NMML_Polar_Imagery_4\Surveys_IceSeals_2025\fl223\images_30deg_N68RF\center_view\ice_seals_2025_fl223_C_20250513_232033.081250_rgb.jpg,2671,5464,7785,5643,7983,1,-1,false_positive,1
68,\\akc0ss-n086\NMML_Polar_Imagery_4\Surveys_IceSeals_2025\fl223\images_30deg_N68RF\center_view\ice_seals_2025_fl223_C_20250513_232349.333503_rgb.jpg,2783,358,5457,530,5619,1,-1,false_positive,1
69,\\akc0ss-n086\NMML_Polar_Imagery_4\Surveys_IceSeals_2025\fl223\images_30deg_N68RF\center_view\ice_seals_2025_fl223_C_20250513_232433.954978_rgb.jpg,2823,10536,5618,10769,5816,1,-1,false_positive,1
70,\\akc0ss-n086\NMML_Polar_Imagery_4\Surveys_IceSeals_2025\fl223\images_30deg_N68RF\center_view\ice_seals_2025_fl223_C_20250513_232440.600759_rgb.jpg,2829,-64,7296,56,7566,1,-1,off_frame,1
71,\\akc0ss-n086\NMML_Polar_Imagery_4\Surveys_IceSeals_2025\fl223\images_30deg_N68RF\center_view\ice_seals_2025_fl223_C_20250513_232446.133553_rgb.jpg,2834,3750,2724,3947,2995,1,-1,false_positive,1
72,\\akc0ss-n086\NMML_Polar_Imagery_4\Surveys_IceSeals_2025\fl223\images_30deg_N68RF\center_view\ice_seals_2025_fl223_C_20250513_232504.949790_rgb.jpg,2851,9700,2908,9890,3115,1,-1,false_positive,1
73,\\akc0ss-n086\NMML_Polar_Imagery_4\Surveys_IceSeals_2025\fl223\images_30deg_N68RF\center_view\ice_seals_2025_fl223_C_20250513_232530.436685_rgb.jpg,2874,9259,1086,9457,1247,1,-1,false_positive,1
74,\\akc0ss-n086\NMML_Polar_Imagery_4\Surveys_IceSeals_2025\fl223\images_30deg_N68RF\center_view\ice_seals_2025_fl223_C_20250513_232559.195462_rgb.jpg,2900,7041,10275,7252,10521,1,-1,off_frame,1
75,\\akc0ss-n086\NMML_Polar_Imagery_4\Surveys_IceSeals_2025\fl223\images_30deg_N68RF\center_view\ice_seals_2025_fl223_C_20250513_232606.905611_rgb.jpg,2907,5060,1256,5148,1382,1,-1,bird,1,(trk-atr) species_confidence positive
76,\\akc0ss-n086\NMML_Polar_Imagery_4\Surveys_IceSeals_2025\fl223\images_30deg_N68RF\center_view\ice_seals_2025_fl223_C_20250513_232820.838618_rgb.jpg,3029,4272,5145,4435,5336,1,-1,bearded_seal,1,(trk-atr) age_class nonpup,(trk-atr) age_class_confidence positive,(trk-atr) species_confidence positive,(trk-atr) flag representative
77,\\akc0ss-n086\NMML_Polar_Imagery_4\Surveys_IceSeals_2025\fl223\images_30deg_N68RF\center_view\ice_seals_2025_fl223_C_20250513_233319.808470_rgb.jpg,3304,9142,1515,9237,1578,1,-1,ringed_seal,1,(trk-atr) age_class nonpup,(trk-atr) age_class_confidence positive,(trk-atr) species_confidence positive
78,\\akc0ss-n086\NMML_Polar_Imagery_4\Surveys_IceSeals_2025\fl223\images_30deg_N68RF\center_view\ice_seals_2025_fl223_C_20250513_233534.784960_rgb.jpg,3431,11552,1569,11781,1753,1,-1,false_positive,1
79,\\akc0ss-n086\NMML_Polar_Imagery_4\Surveys_IceSeals_2025\fl223\images_30deg_N68RF\center_view\ice_seals_2025_fl223_C_20250513_233605.544212_rgb.jpg,3460,6930,1623,7150,1918,1,-1,false_positive,1
80,\\akc0ss-n086\NMML_Polar_Imagery_4\Surveys_IceSeals_2025\fl223\images_30deg_N68RF\center_view\ice_seals_2025_fl223_C_20250513_233749.649600_rgb.jpg,3558,7518,3470,7690,3676,1,-1,false_positive,1
81,\\akc0ss-n086\NMML_Polar_Imagery_4\Surveys_IceSeals_2025\fl223\images_30deg_N68RF\center_view\ice_seals_2025_fl223_C_20250513_233750.715764_rgb.jpg,3559,9644,9297,9829,9503,1,-1,false_positive,1
82,\\akc0ss-n086\NMML_Polar_Imagery_4\Surveys_IceSeals_2025\fl223\images_30deg_N68RF\center_view\ice_seals_2025_fl223_C_20250513_234149.586325_rgb.jpg,3784,11118,9224,11173,9320,1,-1,ringed_seal,1,(trk-atr) age_class nonpup,(trk-atr) age_class_confidence positive,(trk-atr) species_confidence positive
83,\\akc0ss-n086\NMML_Polar_Imagery_4\Surveys_IceSeals_2025\fl223\images_30deg_N68RF\center_view\ice_seals_2025_fl223_C_20250513_234307.746988_rgb.jpg,3860,6664,2890,6786,2987,1,-1,bird,1,(trk-atr) species_confidence positive
84,\\akc0ss-n086\NMML_Polar_Imagery_4\Surveys_IceSeals_2025\fl223\images_30deg_N68RF\center_view\ice_seals_2025_fl223_C_20250513_234325.208039_rgb.jpg,3877,8106,5298,8340,5452,1,-1,false_positive,1
85,\\akc0ss-n086\NMML_Polar_Imagery_4\Surveys_IceSeals_2025\fl223\images_30deg_N68RF\center_view\ice_seals_2025_fl223_C_20250513_234326.234764_rgb.jpg,3878,10079,4742,10267,4998,1,-1,false_positive,1
86,\\akc0ss-n086\NMML_Polar_Imagery_4\Surveys_IceSeals_2025\fl223\images_30deg_N68RF\center_view\ice_seals_2025_fl223_C_20250513_234346.874850_rgb.jpg,3898,3522,5544,3689,5734,1,-1,false_positive,1
87,\\akc0ss-n086\NMML_Polar_Imagery_4\Surveys_IceSeals_2025\fl223\images_30deg_N68RF\center_view\ice_seals_2025_fl223_C_20250513_234352.116085_rgb.jpg,3903,3916,2735,4116,3004,1,-1,false_positive,1
88,\\akc0ss-n086\NMML_Polar_Imagery_4\Surveys_IceSeals_2025\fl223\images_30deg_N68RF\center_view\ice_seals_2025_fl223_C_20250513_234445.055954_rgb.jpg,3953,1880,5889,2088,6086,1,-1,false_positive,1
89,\\akc0ss-n086\NMML_Polar_Imagery_4\Surveys_IceSeals_2025\fl223\images_30deg_N68RF\center_view\ice_seals_2025_fl223_C_20250513_234446.117078_rgb.jpg,3954,-45,8511,81,8757,1,-1,off_frame,1
90,\\akc0ss-n086\NMML_Polar_Imagery_4\Surveys_IceSeals_2025\fl223\images_30deg_N68RF\center_view\ice_seals_2025_fl223_C_20250513_234446.117078_rgb.jpg,3954,5907,3204,6128,3394,1,-1,false_positive,1
91,\\akc0ss-n086\NMML_Polar_Imagery_4\Surveys_IceSeals_2025\fl223\images_30deg_N68RF\center_view\ice_seals_2025_fl223_C_20250513_234446.117078_rgb.jpg,3954,5882,3074,6098,3238,1,-1,false_positive,1
92,\\akc0ss-n086\NMML_Polar_Imagery_4\Surveys_IceSeals_2025\fl223\images_30deg_N68RF\center_view\ice_seals_2025_fl223_C_20250513_234446.117078_rgb.jpg,3954,5843,3173,6087,3389,1,-1,false_positive,1
93,\\akc0ss-n086\NMML_Polar_Imagery_4\Surveys_IceSeals_2025\fl223\images_30deg_N68RF\center_view\ice_seals_2025_fl223_C_20250513_234447.178383_rgb.jpg,3955,11372,2995,11567,3168,1,-1,false_positive,1
94,\\akc0ss-n086\NMML_Polar_Imagery_4\Surveys_IceSeals_2025\fl223\images_30deg_N68RF\center_view\ice_seals_2025_fl223_C_20250513_234447.178383_rgb.jpg,3955,11340,2969,11585,3191,1,-1,false_positive,1
95,\\akc0ss-n086\NMML_Polar_Imagery_4\Surveys_IceSeals_2025\fl223\images_30deg_N68RF\center_view\ice_seals_2025_fl223_C_20250513_234448.239712_rgb.jpg,3956,10278,4436,10462,4669,1,-1,false_positive,1
96,\\akc0ss-n086\NMML_Polar_Imagery_4\Surveys_IceSeals_2025\fl223\images_30deg_N68RF\center_view\ice_seals_2025_fl223_C_20250513_234455.672018_rgb.jpg,3963,2720,3722,2878,3932,1,-1,false_positive,1
97,\\akc0ss-n086\NMML_Polar_Imagery_4\Surveys_IceSeals_2025\fl223\images_30deg_N68RF\center_view\ice_seals_2025_fl223_C_20250513_234456.733942_rgb.jpg,3964,204,8083,433,8303,1,-1,false_positive,1
98,\\akc0ss-n086\NMML_Polar_Imagery_4\Surveys_IceSeals_2025\fl223\images_30deg_N68RF\center_view\ice_seals_2025_fl223_C_20250513_234508.423357_rgb.jpg,3975,1703,3930,1920,4103,1,-1,false_positive,1
99,\\akc0ss-n086\NMML_Polar_Imagery_4\Surveys_IceSeals_2025\fl223\images_30deg_N68RF\center_view\ice_seals_2025_fl223_C_20250513_234508.423357_rgb.jpg,3975,1670,3897,1952,4136,1,-1,false_positive,1
100,\\akc0ss-n086\NMML_Polar_Imagery_4\Surveys_IceSeals_2025\fl223\images_30deg_N68RF\center_view\ice_seals_2025_fl223_C_20250513_234523.357686_rgb.jpg,3989,11705,3450,11892,3640,1,-1,false_positive,1
101,\\akc0ss-n086\NMML_Polar_Imagery_4\Surveys_IceSeals_2025\fl223\images_30deg_N68RF\center_view\ice_seals_2025_fl223_C_20250513_234524.427233_rgb.jpg,3990,5896,8918,6129,9094,1,-1,false_positive,1
102,\\akc0ss-n086\NMML_Polar_Imagery_4\Surveys_IceSeals_2025\fl223\images_30deg_N68RF\center_view\ice_seals_2025_fl223_C_20250513_234525.496639_rgb.jpg,3991,5875,8125,6039,8314,1,-1,false_positive,1
103,\\akc0ss-n086\NMML_Polar_Imagery_4\Surveys_IceSeals_2025\fl223\images_30deg_N68RF\center_view\ice_seals_2025_fl223_C_20250513_234525.496639_rgb.jpg,3991,5734,7984,5897,8155,1,-1,false_positive,1
104,\\akc0ss-n086\NMML_Polar_Imagery_4\Surveys_IceSeals_2025\fl223\images_30deg_N68RF\center_view\ice_seals_2025_fl223_C_20250513_234527.637213_rgb.jpg,3993,5568,2604,5782,2913,1,-1,false_positive,1
105,\\akc0ss-n086\NMML_Polar_Imagery_4\Surveys_IceSeals_2025\fl223\images_30deg_N68RF\center_view\ice_seals_2025_fl223_C_20250513_234532.989485_rgb.jpg,3998,2319,6020,2508,6177,1,-1,false_positive,1
106,\\akc0ss-n086\NMML_Polar_Imagery_4\Surveys_IceSeals_2025\fl223\images_30deg_N68RF\center_view\ice_seals_2025_fl223_C_20250513_234534.060215_rgb.jpg,3999,287,6047,472,6212,1,-1,false_positive,1
107,\\akc0ss-n086\NMML_Polar_Imagery_4\Surveys_IceSeals_2025\fl223\images_30deg_N68RF\center_view\ice_seals_2025_fl223_C_20250513_234642.861819_rgb.jpg,4063,2678,2768,2889,2977,1,-1,false_positive,1
108,\\akc0ss-n086\NMML_Polar_Imagery_4\Surveys_IceSeals_2025\fl223\images_30deg_N68RF\center_view\ice_seals_2025_fl223_C_20250513_234730.319674_rgb.jpg,4107,5661,6909,5777,6962,1,-1,ringed_seal,1,(trk-atr) age_class nonpup,(trk-atr) age_class_confidence positive,(trk-atr) species_confidence positive
109,\\akc0ss-n086\NMML_Polar_Imagery_4\Surveys_IceSeals_2025\fl223\images_30deg_N68RF\center_view\ice_seals_2025_fl223_C_20250513_234730.319674_rgb.jpg,4107,5509,6900,5591,7002,1,-1,ringed_seal,1,(trk-atr) age_class nonpup,(trk-atr) age_class_confidence positive,(trk-atr) species_confidence positive
110,\\akc0ss-n086\NMML_Polar_Imagery_4\Surveys_IceSeals_2025\fl223\images_30deg_N68RF\center_view\ice_seals_2025_fl223_C_20250513_234812.485996_rgb.jpg,4146,9396,2083,9575,2304,1,-1,false_positive,1
111,\\akc0ss-n086\NMML_Polar_Imagery_4\Surveys_IceSeals_2025\fl223\images_30deg_N68RF\center_view\ice_seals_2025_fl223_C_20250513_234837.475251_rgb.jpg,4169,9192,7369,9269,7461,1,-1,ringed_seal,1,(trk-atr) age_class nonpup,(trk-atr) age_class_confidence positive,(trk-atr) species_confidence positive
112,\\akc0ss-n086\NMML_Polar_Imagery_4\Surveys_IceSeals_2025\fl223\images_30deg_N68RF\center_view\ice_seals_2025_fl223_C_20250513_234906.825815_rgb.jpg,4196,8186,4814,8245,4926,1,-1,ringed_seal,1,(trk-atr) age_class nonpup,(trk-atr) age_class_confidence positive,(trk-atr) species_confidence positive,(trk-atr) flag interesting
113,\\akc0ss-n086\NMML_Polar_Imagery_4\Surveys_IceSeals_2025\fl223\images_30deg_N68RF\center_view\ice_seals_2025_fl223_C_20250513_235027.862534_rgb.jpg,4271,6500,4347,6644,4520,1,-1,bearded_seal,1,(trk-atr) age_class nonpup,(trk-atr) age_class_confidence positive,(trk-atr) species_confidence positive
114,\\akc0ss-n086\NMML_Polar_Imagery_4\Surveys_IceSeals_2025\fl223\images_30deg_N68RF\center_view\ice_seals_2025_fl223_C_20250513_235209.145988_rgb.jpg,4304,7531,7121,7670,7308,1,-1,false_positive,1
115,\\akc0ss-n086\NMML_Polar_Imagery_4\Surveys_IceSeals_2025\fl223\images_30deg_N68RF\center_view\ice_seals_2025_fl223_C_20250513_235329.503566_rgb.jpg,4380,5244,6545,5410,6823,1,-1,false_positive,1
116,\\akc0ss-n086\NMML_Polar_Imagery_4\Surveys_IceSeals_2025\fl223\images_30deg_N68RF\center_view\ice_seals_2025_fl223_C_20250513_235348.478461_rgb.jpg,4398,4086,5485,4258,5779,1,-1,false_positive,1
117,\\akc0ss-n086\NMML_Polar_Imagery_4\Surveys_IceSeals_2025\fl223\images_30deg_N68RF\center_view\ice_seals_2025_fl223_C_20250513_235359.010047_rgb.jpg,4408,3506,8726,3642,8904,1,-1,bearded_seal,1,(trk-atr) age_class nonpup,(trk-atr) age_class_confidence positive,(trk-atr) species_confidence positive
118,\\akc0ss-n086\NMML_Polar_Imagery_4\Surveys_IceSeals_2025\fl223\images_30deg_N68RF\center_view\ice_seals_2025_fl223_C_20250513_235412.681272_rgb.jpg,4421,9404,2212,9591,2398,1,-1,false_positive,1
119,\\akc0ss-n086\NMML_Polar_Imagery_4\Surveys_IceSeals_2025\fl223\images_30deg_N68RF\center_view\ice_seals_2025_fl223_C_20250513_235510.366431_rgb.jpg,4476,7292,4256,7435,4489,1,-1,false_positive,1
120,\\akc0ss-n086\NMML_Polar_Imagery_4\Surveys_IceSeals_2025\fl223\images_30deg_N68RF\center_view\ice_seals_2025_fl223_C_20250513_235516.637015_rgb.jpg,4482,7237,9438,7425,9683,1,-1,off_frame,1
121,\\akc0ss-n086\NMML_Polar_Imagery_4\Surveys_IceSeals_2025\fl223\images_30deg_N68RF\center_view\ice_seals_2025_fl223_C_20250513_235520.817476_rgb.jpg,4486,3792,2139,3975,2416,1,-1,false_positive,1
122,\\akc0ss-n086\NMML_Polar_Imagery_4\Surveys_IceSeals_2025\fl223\images_30deg_N68RF\center_view\ice_seals_2025_fl223_C_20250513_235607.858249_rgb.jpg,4531,1816,1278,2014,1526,1,-1,false_positive,1
123,\\akc0ss-n086\NMML_Polar_Imagery_4\Surveys_IceSeals_2025\fl223\images_30deg_N68RF\center_view\ice_seals_2025_fl223_C_20250513_235608.902636_rgb.jpg,4532,2099,10367,2294,10587,1,-1,off_frame,1
124,\\akc0ss-n086\NMML_Polar_Imagery_4\Surveys_IceSeals_2025\fl223\images_30deg_N68RF\center_view\ice_seals_2025_fl223_C_20250513_235613.079322_rgb.jpg,4536,7617,3083,7801,3253,1,-1,false_positive,1
125,\\akc0ss-n086\NMML_Polar_Imagery_4\Surveys_IceSeals_2025\fl223\images_30deg_N68RF\center_view\ice_seals_2025_fl223_C_20250513_235634.977183_rgb.jpg,4557,5892,5980,6127,6144,1,-1,false_positive,1
126,\\akc0ss-n086\NMML_Polar_Imagery_4\Surveys_IceSeals_2025\fl223\images_30deg_N68RF\center_view\ice_seals_2025_fl223_C_20250513_235708.393151_rgb.jpg,4589,6207,6664,6384,6873,1,-1,false_positive,1
127,\\akc0ss-n086\NMML_Polar_Imagery_4\Surveys_IceSeals_2025\fl223\images_30deg_N68RF\center_view\ice_seals_2025_fl223_C_20250513_235806.126388_rgb.jpg,4644,4160,1920,4325,2084,1,-1,false_positive,1
128,\\akc0ss-n086\NMML_Polar_Imagery_4\Surveys_IceSeals_2025\fl223\images_30deg_N68RF\center_view\ice_seals_2025_fl223_C_20250513_235824.037101_rgb.jpg,4661,6449,3818,6638,4140,1,-1,false_positive,1
129,\\akc0ss-n086\NMML_Polar_Imagery_4\Surveys_IceSeals_2025\fl223\images_30deg_N68RF\center_view\ice_seals_2025_fl223_C_20250513_235922.222881_rgb.jpg,4716,11905,5851,12087,6114,1,-1,false_positive,1
130,\\akc0ss-n086\NMML_Polar_Imagery_4\Surveys_IceSeals_2025\fl223\images_30deg_N68RF\center_view\ice_seals_2025_fl223_C_20250513_235940.285037_rgb.jpg,4733,6529,6686,6699,6851,1,-1,false_positive,1
131,\\akc0ss-n086\NMML_Polar_Imagery_4\Surveys_IceSeals_2025\fl223\images_30deg_N68RF\center_view\ice_seals_2025_fl223_C_20250513_235943.472753_rgb.jpg,4736,1780,9292,1975,9477,1,-1,false_positive,1
132,\\akc0ss-n086\NMML_Polar_Imagery_4\Surveys_IceSeals_2025\fl223\images_30deg_N68RF\center_view\ice_seals_2025_fl223_C_20250514_000008.973694_rgb.jpg,4760,6709,3689,6865,3868,1,-1,false_positive,1
133,\\akc0ss-n086\NMML_Polar_Imagery_4\Surveys_IceSeals_2025\fl223\images_30deg_N68RF\center_view\ice_seals_2025_fl223_C_20250514_000008.973694_rgb.jpg,4760,6933,5992,7114,6227,1,-1,false_positive,1
134,\\akc0ss-n086\NMML_Polar_Imagery_4\Surveys_IceSeals_2025\fl223\images_30deg_N68RF\center_view\ice_seals_2025_fl223_C_20250514_000022.835078_rgb.jpg,4773,6400,3653,6580,3820,1,-1,false_positive,1
135,\\akc0ss-n086\NMML_Polar_Imagery_4\Surveys_IceSeals_2025\fl223\images_30deg_N68RF\center_view\ice_seals_2025_fl223_C_20250514_000046.292947_rgb.jpg,4795,4680,4550,4857,4783,1,-1,false_positive,1
136,\\akc0ss-n086\NMML_Polar_Imagery_4\Surveys_IceSeals_2025\fl223\images_30deg_N68RF\center_view\ice_seals_2025_fl223_C_20250514_000131.106349_rgb.jpg,4837,1555,7590,1676,7645,1,-1,ringed_seal,1,(trk-atr) age_class nonpup,(trk-atr) age_class_confidence positive,(trk-atr) species_confidence positive
137,\\akc0ss-n086\NMML_Polar_Imagery_4\Surveys_IceSeals_2025\fl223\images_30deg_N68RF\center_view\ice_seals_2025_fl223_C_20250514_000151.412132_rgb.jpg,4856,10708,1173,10939,1442,1,-1,false_positive,1
138,\\akc0ss-n086\NMML_Polar_Imagery_4\Surveys_IceSeals_2025\fl223\images_30deg_N68RF\center_view\ice_seals_2025_fl223_C_20250514_000152.482641_rgb.jpg,4857,10892,10223,11126,10456,1,-1,off_frame,1
139,\\akc0ss-n086\NMML_Polar_Imagery_4\Surveys_IceSeals_2025\fl223\images_30deg_N68RF\center_view\ice_seals_2025_fl223_C_20250514_000153.553107_rgb.jpg,4858,3223,2886,3524,3085,1,-1,false_positive,1
140,\\akc0ss-n086\NMML_Polar_Imagery_4\Surveys_IceSeals_2025\fl223\images_30deg_N68RF\center_view\ice_seals_2025_fl223_C_20250514_000153.553107_rgb.jpg,4858,10239,2514,10495,2692,1,-1,false_positive,1
141,\\akc0ss-n086\NMML_Polar_Imagery_4\Surveys_IceSeals_2025\fl223\images_30deg_N68RF\center_view\ice_seals_2025_fl223_C_20250514_000158.898602_rgb.jpg,4863,5663,9622,5866,9904,1,-1,off_frame,1
142,\\akc0ss-n086\NMML_Polar_Imagery_4\Surveys_IceSeals_2025\fl223\images_30deg_N68RF\center_view\ice_seals_2025_fl223_C_20250514_000203.170288_rgb.jpg,4867,11986,5780,12095,6056,1,-1,false_positive,1
143,\\akc0ss-n086\NMML_Polar_Imagery_4\Surveys_IceSeals_2025\fl223\images_30deg_N68RF\center_view\ice_seals_2025_fl223_C_20250514_000212.804326_rgb.jpg,4876,5288,926,5508,1117,1,-1,false_positive,1
144,\\akc0ss-n086\NMML_Polar_Imagery_4\Surveys_IceSeals_2025\fl223\images_30deg_N68RF\center_view\ice_seals_2025_fl223_C_20250514_000212.804326_rgb.jpg,4876,5467,822,5628,951,1,-1,false_positive,1
145,\\akc0ss-n086\NMML_Polar_Imagery_4\Surveys_IceSeals_2025\fl223\images_30deg_N68RF\center_view\ice_seals_2025_fl223_C_20250514_000312.689763_rgb.jpg,4932,5864,1083,6053,1335,1,-1,false_positive,1
146,\\akc0ss-n086\NMML_Polar_Imagery_4\Surveys_IceSeals_2025\fl223\images_30deg_N68RF\center_view\ice_seals_2025_fl223_C_20250514_000328.691665_rgb.jpg,4947,1634,4241,1827,4426,1,-1,false_positive,1
147,\\akc0ss-n086\NMML_Polar_Imagery_4\Surveys_IceSeals_2025\fl223\images_30deg_N68RF\center_view\ice_seals_2025_fl223_C_20250514_000359.641200_rgb.jpg,4976,4898,1055,5105,1251,1,-1,false_positive,1
148,\\akc0ss-n086\NMML_Polar_Imagery_4\Surveys_IceSeals_2025\fl223\images_30deg_N68RF\center_view\ice_seals_2025_fl223_C_20250514_000401.777132_rgb.jpg,4978,10029,1499,10217,1673,1,-1,false_positive,1
149,\\akc0ss-n086\NMML_Polar_Imagery_4\Surveys_IceSeals_2025\fl223\images_30deg_N68RF\center_view\ice_seals_2025_fl223_C_20250514_000403.912962_rgb.jpg,4980,479,1523,659,1686,1,-1,false_positive,1
150,\\akc0ss-n086\NMML_Polar_Imagery_4\Surveys_IceSeals_2025\fl223\images_30deg_N68RF\center_view\ice_seals_2025_fl223_C_20250514_000404.981230_rgb.jpg,4981,721,6525,972,6716,1,-1,false_positive,1
151,\\akc0ss-n086\NMML_Polar_Imagery_4\Surveys_IceSeals_2025\fl223\images_30deg_N68RF\center_view\ice_seals_2025_fl223_C_20250514_000407.118504_rgb.jpg,4983,9796,4358,9956,4573,1,-1,false_positive,1
152,\\akc0ss-n086\NMML_Polar_Imagery_4\Surveys_IceSeals_2025\fl223\images_30deg_N68RF\center_view\ice_seals_2025_fl223_C_20250514_000407.118504_rgb.jpg,4983,7206,2796,7362,3002,1,-1,false_positive,1
153,\\akc0ss-n086\NMML_Polar_Imagery_4\Surveys_IceSeals_2025\fl223\images_30deg_N68RF\center_view\ice_seals_2025_fl223_C_20250514_000439.207227_rgb.jpg,5013,6369,4877,6565,5051,1,-1,false_positive,1
154,\\akc0ss-n086\NMML_Polar_Imagery_4\Surveys_IceSeals_2025\fl223\images_30deg_N68RF\center_view\ice_seals_2025_fl223_C_20250514_000442.415107_rgb.jpg,5016,592,5928,779,6129,1,-1,false_positive,1
155,\\akc0ss-n086\NMML_Polar_Imagery_4\Surveys_IceSeals_2025\fl223\images_30deg_N68RF\center_view\ice_seals_2025_fl223_C_20250514_000519.830358_rgb.jpg,5051,4941,4876,5019,4961,1,-1,ringed_seal,1,(trk-atr) age_class nonpup,(trk-atr) age_class_confidence positive,(trk-atr) species_confidence positive
156,\\akc0ss-n086\NMML_Polar_Imagery_4\Surveys_IceSeals_2025\fl223\images_30deg_N68RF\center_view\ice_seals_2025_fl223_C_20250514_000519.830358_rgb.jpg,5051,7483,5567,7544,5670,1,-1,ringed_seal,1,(trk-atr) age_class nonpup,(trk-atr) age_class_confidence positive,(trk-atr) species_confidence positive,(trk-atr) flag representative
157,\\akc0ss-n086\NMML_Polar_Imagery_4\Surveys_IceSeals_2025\fl223\images_30deg_N68RF\center_view\ice_seals_2025_fl223_C_20250514_000526.252579_rgb.jpg,5057,7395,851,7474,1055,1,-1,bearded_seal,1,(trk-atr) age_class nonpup,(trk-atr) age_class_confidence positive,(trk-atr) species_confidence positive
158,\\akc0ss-n086\NMML_Polar_Imagery_4\Surveys_IceSeals_2025\fl223\images_30deg_N68RF\center_view\ice_seals_2025_fl223_C_20250514_000527.321604_rgb.jpg,5058,7598,9970,7786,10243,1,-1,off_frame,1
159,\\akc0ss-n086\NMML_Polar_Imagery_4\Surveys_IceSeals_2025\fl223\images_30deg_N68RF\center_view\ice_seals_2025_fl223_C_20250514_000528.390590_rgb.jpg,5059,5440,7647,5598,7856,1,-1,false_positive,1
160,\\akc0ss-n086\NMML_Polar_Imagery_4\Surveys_IceSeals_2025\fl223\images_30deg_N68RF\center_view\ice_seals_2025_fl223_C_20250514_000528.390590_rgb.jpg,5059,5294,7835,5494,7983,1,-1,false_positive,1
161,\\akc0ss-n086\NMML_Polar_Imagery_4\Surveys_IceSeals_2025\fl223\images_30deg_N68RF\center_view\ice_seals_2025_fl223_C_20250514_000528.390590_rgb.jpg,5059,5181,7678,5392,7850,1,-1,false_positive,1
162,\\akc0ss-n086\NMML_Polar_Imagery_4\Surveys_IceSeals_2025\fl223\images_30deg_N68RF\center_view\ice_seals_2025_fl223_C_20250514_000528.390590_rgb.jpg,5059,5156,7696,5353,7864,1,-1,false_positive,1
163,\\akc0ss-n086\NMML_Polar_Imagery_4\Surveys_IceSeals_2025\fl223\images_30deg_N68RF\center_view\ice_seals_2025_fl223_C_20250514_000528.390590_rgb.jpg,5059,5338,7821,5539,7972,1,-1,false_positive,1
164,\\akc0ss-n086\NMML_Polar_Imagery_4\Surveys_IceSeals_2025\fl223\images_30deg_N68RF\center_view\ice_seals_2025_fl223_C_20250514_000532.677661_rgb.jpg,5063,4189,5519,4403,5751,1,-1,false_positive,1
165,\\akc0ss-n086\NMML_Polar_Imagery_4\Surveys_IceSeals_2025\fl223\images_30deg_N68RF\center_view\ice_seals_2025_fl223_C_20250514_000541.254234_rgb.jpg,5071,9308,7958,9518,8132,1,-1,false_positive,1
166,\\akc0ss-n086\NMML_Polar_Imagery_4\Surveys_IceSeals_2025\fl223\images_30deg_N68RF\center_view\ice_seals_2025_fl223_C_20250514_000542.326220_rgb.jpg,5072,701,4082,893,4271,1,-1,false_positive,1
167,\\akc0ss-n086\NMML_Polar_Imagery_4\Surveys_IceSeals_2025\fl223\images_30deg_N68RF\center_view\ice_seals_2025_fl223_C_20250514_000600.516813_rgb.jpg,5089,9849,1176,10059,1405,1,-1,false_positive,1
168,\\akc0ss-n086\NMML_Polar_Imagery_4\Surveys_IceSeals_2025\fl223\images_30deg_N68RF\center_view\ice_seals_2025_fl223_C_20250514_000601.585944_rgb.jpg,5090,10083,10242,10312,10466,1,-1,off_frame,1
169,\\akc0ss-n086\NMML_Polar_Imagery_4\Surveys_IceSeals_2025\fl223\images_30deg_N68RF\center_view\ice_seals_2025_fl223_C_20250514_000626.288516_rgb.jpg,5113,226,8671,428,8863,1,-1,false_positive,1
170,\\akc0ss-n086\NMML_Polar_Imagery_4\Surveys_IceSeals_2025\fl223\images_30deg_N68RF\center_view\ice_seals_2025_fl223_C_20250514_000627.380182_rgb.jpg,5114,8511,4098,8610,4172,1,-1,ringed_seal,1,(trk-atr) age_class nonpup,(trk-atr) age_class_confidence positive,(trk-atr) species_confidence positive
171,\\akc0ss-n086\NMML_Polar_Imagery_4\Surveys_IceSeals_2025\fl223\images_30deg_N68RF\center_view\ice_seals_2025_fl223_C_20250514_000707.213471_rgb.jpg,5150,11868,4915,12061,5123,1,-1,false_positive,1
172,\\akc0ss-n086\NMML_Polar_Imagery_4\Surveys_IceSeals_2025\fl223\images_30deg_N68RF\center_view\ice_seals_2025_fl223_C_20250514_000708.318059_rgb.jpg,5151,11921,5929,12090,6101,1,-1,false_positive,1
173,\\akc0ss-n086\NMML_Polar_Imagery_4\Surveys_IceSeals_2025\fl223\images_30deg_N68RF\center_view\ice_seals_2025_fl223_C_20250514_000724.882184_rgb.jpg,5166,11398,5045,11616,5265,1,-1,false_positive,1
174,\\akc0ss-n086\NMML_Polar_Imagery_4\Surveys_IceSeals_2025\fl223\images_30deg_N68RF\center_view\ice_seals_2025_fl223_C_20250514_000727.092617_rgb.jpg,5168,7781,3957,7940,4154,1,-1,false_positive,1
175,\\akc0ss-n086\NMML_Polar_Imagery_4\Surveys_IceSeals_2025\fl223\images_30deg_N68RF\center_view\ice_seals_2025_fl223_C_20250514_000727.092617_rgb.jpg,5168,7213,3463,7406,3735,1,-1,false_positive,1
176,\\akc0ss-n086\NMML_Polar_Imagery_4\Surveys_IceSeals_2025\fl223\images_30deg_N68RF\center_view\ice_seals_2025_fl223_C_20250514_000755.805438_rgb.jpg,5194,11348,902,11415,997,1,-1,ringed_seal,1,(trk-atr) age_class nonpup,(trk-atr) age_class_confidence positive,(trk-atr) species_confidence likely
177,\\akc0ss-n086\NMML_Polar_Imagery_4\Surveys_IceSeals_2025\fl223\images_30deg_N68RF\center_view\ice_seals_2025_fl223_C_20250514_000756.912447_rgb.jpg,5195,11325,10013,11500,10186,1,-1,off_frame,1
178,\\akc0ss-n086\NMML_Polar_Imagery_4\Surveys_IceSeals_2025\fl223\images_30deg_N68RF\center_view\ice_seals_2025_fl223_C_20250514_000802.443144_rgb.jpg,5200,10405,1541,10547,1708,1,-1,false_positive,1
179,\\akc0ss-n086\NMML_Polar_Imagery_4\Surveys_IceSeals_2025\fl223\images_30deg_N68RF\center_view\ice_seals_2025_fl223_C_20250514_000807.969314_rgb.jpg,5205,2080,6651,2278,6838,1,-1,false_positive,1
180,\\akc0ss-n086\NMML_Polar_Imagery_4\Surveys_IceSeals_2025\fl223\images_30deg_N68RF\center_view\ice_seals_2025_fl223_C_20250514_000816.819890_rgb.jpg,5213,10954,932,11080,985,1,-1,ringed_seal,1,(trk-atr) age_class nonpup,(trk-atr) age_class_confidence positive,(trk-atr) species_confidence positive
181,\\akc0ss-n086\NMML_Polar_Imagery_4\Surveys_IceSeals_2025\fl223\images_30deg_N68RF\center_view\ice_seals_2025_fl223_C_20250514_000816.819890_rgb.jpg,5213,10743,905,10843,954,1,-1,ringed_seal,1,(trk-atr) age_class nonpup,(trk-atr) age_class_confidence positive,(trk-atr) species_confidence positive
182,\\akc0ss-n086\NMML_Polar_Imagery_4\Surveys_IceSeals_2025\fl223\images_30deg_N68RF\center_view\ice_seals_2025_fl223_C_20250514_000816.819890_rgb.jpg,5213,11000,774,11076,871,1,-1,ringed_seal,1,(trk-atr) age_class nonpup,(trk-atr) age_class_confidence positive,(trk-atr) species_confidence positive
183,\\akc0ss-n086\NMML_Polar_Imagery_4\Surveys_IceSeals_2025\fl223\images_30deg_N68RF\center_view\ice_seals_2025_fl223_C_20250514_000817.926021_rgb.jpg,5214,10828,10001,11025,10160,1,-1,off_frame,1
184,\\akc0ss-n086\NMML_Polar_Imagery_4\Surveys_IceSeals_2025\fl223\images_30deg_N68RF\center_view\ice_seals_2025_fl223_C_20250514_000817.926021_rgb.jpg,5214,10635,9965,10824,10134,1,-1,off_frame,1
185,\\akc0ss-n086\NMML_Polar_Imagery_4\Surveys_IceSeals_2025\fl223\images_30deg_N68RF\center_view\ice_seals_2025_fl223_C_20250514_000817.926021_rgb.jpg,5214,10859,9854,11046,10037,1,-1,off_frame,1
186,\\akc0ss-n086\NMML_Polar_Imagery_4\Surveys_IceSeals_2025\fl223\images_30deg_N68RF\center_view\ice_seals_2025_fl223_C_20250514_000908.812299_rgb.jpg,5260,940,8750,1174,8943,1,-1,false_positive,1
187,\\akc0ss-n086\NMML_Polar_Imagery_4\Surveys_IceSeals_2025\fl223\images_30deg_N68RF\center_view\ice_seals_2025_fl223_C_20250514_000935.355201_rgb.jpg,5284,1445,4742,1610,4930,1,-1,false_positive,1
188,\\akc0ss-n086\NMML_Polar_Imagery_4\Surveys_IceSeals_2025\fl223\images_30deg_N68RF\center_view\ice_seals_2025_fl223_C_20250514_000950.820204_rgb.jpg,5298,11587,2540,11660,2640,1,-1,ringed_seal,1,(trk-atr) age_class nonpup,(trk-atr) age_class_confidence positive,(trk-atr) species_confidence likely
189,\\akc0ss-n086\NMML_Polar_Imagery_4\Surveys_IceSeals_2025\fl223\images_30deg_N68RF\center_view\ice_seals_2025_fl223_C_20250514_000955.241770_rgb.jpg,5302,7759,7945,7950,8140,1,-1,false_positive,1
190,\\akc0ss-n086\NMML_Polar_Imagery_4\Surveys_IceSeals_2025\fl223\images_30deg_N68RF\center_view\ice_seals_2025_fl223_C_20250514_001009.612401_rgb.jpg,5315,5974,886,6154,1067,1,-1,false_positive,1
191,\\akc0ss-n086\NMML_Polar_Imagery_4\Surveys_IceSeals_2025\fl223\images_30deg_N68RF\center_view\ice_seals_2025_fl223_C_20250514_001010.718306_rgb.jpg,5316,5906,10026,6079,10183,1,-1,off_frame,1
192,\\akc0ss-n086\NMML_Polar_Imagery_4\Surveys_IceSeals_2025\fl223\images_30deg_N68RF\center_view\ice_seals_2025_fl223_C_20250514_001018.463737_rgb.jpg,5323,3691,2635,3945,2852,1,-1,false_positive,1
193,\\akc0ss-n086\NMML_Polar_Imagery_4\Surveys_IceSeals_2025\fl223\images_30deg_N68RF\center_view\ice_seals_2025_fl223_C_20250514_001029.538965_rgb.jpg,5333,8870,6973,9066,7144,1,-1,false_positive,1
194,\\akc0ss-n086\NMML_Polar_Imagery_4\Surveys_IceSeals_2025\fl223\images_30deg_N68RF\center_view\ice_seals_2025_fl223_C_20250514_001048.363502_rgb.jpg,5350,7780,2896,7995,3064,1,-1,false_positive,1
195,\\akc0ss-n086\NMML_Polar_Imagery_4\Surveys_IceSeals_2025\fl223\images_30deg_N68RF\center_view\ice_seals_2025_fl223_C_20250514_001049.469991_rgb.jpg,5351,10415,8928,10695,9154,1,-1,false_positive,1
196,\\akc0ss-n086\NMML_Polar_Imagery_4\Surveys_IceSeals_2025\fl223\images_30deg_N68RF\center_view\ice_seals_2025_fl223_C_20250514_001050.576236_rgb.jpg,5352,1299,8286,1496,8519,1,-1,false_positive,1
197,\\akc0ss-n086\NMML_Polar_Imagery_4\Surveys_IceSeals_2025\fl223\images_30deg_N68RF\center_view\ice_seals_2025_fl223_C_20250514_001102.748114_rgb.jpg,5363,6797,6124,6999,6333,1,-1,false_positive,1
198,\\akc0ss-n086\NMML_Polar_Imagery_4\Surveys_IceSeals_2025\fl223\images_30deg_N68RF\center_view\ice_seals_2025_fl223_C_20250514_001106.063177_rgb.jpg,5366,8786,7774,8903,7850,1,-1,ringed_seal,1,(trk-atr) age_class nonpup,(trk-atr) age_class_confidence positive,(trk-atr) species_confidence positive
199,\\akc0ss-n086\NMML_Polar_Imagery_4\Surveys_IceSeals_2025\fl223\images_30deg_N68RF\center_view\ice_seals_2025_fl223_C_20250514_001108.272748_rgb.jpg,5368,8905,6978,8980,7198,1,-1,bearded_seal,1,(trk-atr) age_class nonpup,(trk-atr) age_class_confidence positive,(trk-atr) species_confidence positive
200,\\akc0ss-n086\NMML_Polar_Imagery_4\Surveys_IceSeals_2025\fl223\images_30deg_N68RF\center_view\ice_seals_2025_fl223_C_20250514_001117.108942_rgb.jpg,5376,6708,5378,6944,5563,1,-1,false_positive,1
201,\\akc0ss-n086\NMML_Polar_Imagery_4\Surveys_IceSeals_2025\fl223\images_30deg_N68RF\center_view\ice_seals_2025_fl223_C_20250514_001118.213232_rgb.jpg,5377,1330,6238,1523,6434,1,-1,false_positive,1
202,\\akc0ss-n086\NMML_Polar_Imagery_4\Surveys_IceSeals_2025\fl223\images_30deg_N68RF\center_view\ice_seals_2025_fl223_C_20250514_001119.317557_rgb.jpg,5378,10023,2568,10325,2768,1,-1,false_positive,1
203,\\akc0ss-n086\NMML_Polar_Imagery_4\Surveys_IceSeals_2025\fl223\images_30deg_N68RF\center_view\ice_seals_2025_fl223_C_20250514_001119.317557_rgb.jpg,5378,1754,7052,1981,7218,1,-1,false_positive,1
204,\\akc0ss-n086\NMML_Polar_Imagery_4\Surveys_IceSeals_2025\fl223\images_30deg_N68RF\center_view\ice_seals_2025_fl223_C_20250514_001125.943758_rgb.jpg,5384,11806,9657,12045,9820,1,-1,off_frame,1
205,\\akc0ss-n086\NMML_Polar_Imagery_4\Surveys_IceSeals_2025\fl223\images_30deg_N68RF\center_view\ice_seals_2025_fl223_C_20250514_001129.259001_rgb.jpg,5387,4506,1011,4698,1196,1,-1,false_positive,1
206,\\akc0ss-n086\NMML_Polar_Imagery_4\Surveys_IceSeals_2025\fl223\images_30deg_N68RF\center_view\ice_seals_2025_fl223_C_20250514_001136.948528_rgb.jpg,5394,9823,2419,10057,2625,1,-1,false_positive,1
207,\\akc0ss-n086\NMML_Polar_Imagery_4\Surveys_IceSeals_2025\fl223\images_30deg_N68RF\center_view\ice_seals_2025_fl223_C_20250514_001141.347117_rgb.jpg,5398,-59,7468,108,7682,1,-1,false_positive,1
208,\\akc0ss-n086\NMML_Polar_Imagery_4\Surveys_IceSeals_2025\fl223\images_30deg_N68RF\center_view\ice_seals_2025_fl223_C_20250514_001141.347117_rgb.jpg,5398,734,3855,975,4073,1,-1,false_positive,1
209,\\akc0ss-n086\NMML_Polar_Imagery_4\Surveys_IceSeals_2025\fl223\images_30deg_N68RF\center_view\ice_seals_2025_fl223_C_20250514_001145.743925_rgb.jpg,5402,1868,1294,2068,1550,1,-1,false_positive,1
210,\\akc0ss-n086\NMML_Polar_Imagery_4\Surveys_IceSeals_2025\fl223\images_30deg_N68RF\center_view\ice_seals_2025_fl223_C_20250514_001145.743925_rgb.jpg,5402,1481,9682,1730,9915,1,-1,off_frame,1
211,\\akc0ss-n086\NMML_Polar_Imagery_4\Surveys_IceSeals_2025\fl223\images_30deg_N68RF\center_view\ice_seals_2025_fl223_C_20250514_001146.841232_rgb.jpg,5403,-20,9983,142,10238,1,-1,off_frame,1
212,\\akc0ss-n086\NMML_Polar_Imagery_4\Surveys_IceSeals_2025\fl223\images_30deg_N68RF\center_view\ice_seals_2025_fl223_C_20250514_001147.943200_rgb.jpg,5404,3842,4418,4038,4619,1,-1,false_positive,1
213,\\akc0ss-n086\NMML_Polar_Imagery_4\Surveys_IceSeals_2025\fl223\images_30deg_N68RF\center_view\ice_seals_2025_fl223_C_20250514_001147.943200_rgb.jpg,5404,4348,3336,4543,3547,1,-1,false_positive,1
214,\\akc0ss-n086\NMML_Polar_Imagery_4\Surveys_IceSeals_2025\fl223\images_30deg_N68RF\center_view\ice_seals_2025_fl223_C_20250514_001149.040326_rgb.jpg,5405,5634,1481,5820,1692,1,-1,false_positive,1
215,\\akc0ss-n086\NMML_Polar_Imagery_4\Surveys_IceSeals_2025\fl223\images_30deg_N68RF\center_view\ice_seals_2025_fl223_C_20250514_001150.136733_rgb.jpg,5406,8721,7552,8957,7740,1,-1,false_positive,1
216,\\akc0ss-n086\NMML_Polar_Imagery_4\Surveys_IceSeals_2025\fl223\images_30deg_N68RF\center_view\ice_seals_2025_fl223_C_20250514_001152.327886_rgb.jpg,5408,1955,8435,2048,8660,1,-1,bearded_seal,1,(trk-atr) age_class nonpup,(trk-atr) age_class_confidence positive,(trk-atr) species_confidence positive
217,\\akc0ss-n086\NMML_Polar_Imagery_4\Surveys_IceSeals_2025\fl223\images_30deg_N68RF\center_view\ice_seals_2025_fl223_C_20250514_001156.691556_rgb.jpg,5412,3905,847,4071,969,1,-1,false_positive,1
218,\\akc0ss-n086\NMML_Polar_Imagery_4\Surveys_IceSeals_2025\fl223\images_30deg_N68RF\center_view\ice_seals_2025_fl223_C_20250514_001157.780600_rgb.jpg,5413,3576,9859,3767,10099,1,-1,off_frame,1
219,\\akc0ss-n086\NMML_Polar_Imagery_4\Surveys_IceSeals_2025\fl223\images_30deg_N68RF\center_view\ice_seals_2025_fl223_C_20250514_001157.780600_rgb.jpg,5413,9251,3950,9440,4112,1,-1,false_positive,1
220,\\akc0ss-n086\NMML_Polar_Imagery_4\Surveys_IceSeals_2025\fl223\images_30deg_N68RF\center_view\ice_seals_2025_fl223_C_20250514_001159.956832_rgb.jpg,5415,3845,6374,4032,6597,1,-1,false_positive,1
221,\\akc0ss-n086\NMML_Polar_Imagery_4\Surveys_IceSeals_2025\fl223\images_30deg_N68RF\center_view\ice_seals_2025_fl223_C_20250514_001205.387427_rgb.jpg,5420,5692,4919,5934,5131,1,-1,false_positive,1
222,\\akc0ss-n086\NMML_Polar_Imagery_4\Surveys_IceSeals_2025\fl223\images_30deg_N68RF\center_view\ice_seals_2025_fl223_C_20250514_001205.387427_rgb.jpg,5420,4319,9454,4525,9808,1,-1,off_frame,1
223,\\akc0ss-n086\NMML_Polar_Imagery_4\Surveys_IceSeals_2025\fl223\images_30deg_N68RF\center_view\ice_seals_2025_fl223_C_20250514_001212.969578_rgb.jpg,5427,7172,3746,7365,4022,1,-1,false_positive,1
224,\\akc0ss-n086\NMML_Polar_Imagery_4\Surveys_IceSeals_2025\fl223\images_30deg_N68RF\center_view\ice_seals_2025_fl223_C_20250514_001212.969578_rgb.jpg,5427,6890,3918,7075,4185,1,-1,false_positive,1
225,\\akc0ss-n086\NMML_Polar_Imagery_4\Surveys_IceSeals_2025\fl223\images_30deg_N68RF\center_view\ice_seals_2025_fl223_C_20250514_001216.214535_rgb.jpg,5430,3896,5697,4076,5880,1,-1,false_positive,1
226,\\akc0ss-n086\NMML_Polar_Imagery_4\Surveys_IceSeals_2025\fl223\images_30deg_N68RF\center_view\ice_seals_2025_fl223_C_20250514_001216.214535_rgb.jpg,5430,2007,8144,2244,8322,1,-1,false_positive,1
227,\\akc0ss-n086\NMML_Polar_Imagery_4\Surveys_IceSeals_2025\fl223\images_30deg_N68RF\center_view\ice_seals_2025_fl223_C_20250514_001217.295202_rgb.jpg,5431,10765,1089,10964,1334,1,-1,false_positive,1
228,\\akc0ss-n086\NMML_Polar_Imagery_4\Surveys_IceSeals_2025\fl223\images_30deg_N68RF\center_view\ice_seals_2025_fl223_C_20250514_001218.374891_rgb.jpg,5432,6925,2916,7134,3121,1,-1,false_positive,1
229,\\akc0ss-n086\NMML_Polar_Imagery_4\Surveys_IceSeals_2025\fl223\images_30deg_N68RF\center_view\ice_seals_2025_fl223_C_20250514_001219.453716_rgb.jpg,5433,7469,2204,7664,2444,1,-1,false_positive,1
230,\\akc0ss-n086\NMML_Polar_Imagery_4\Surveys_IceSeals_2025\fl223\images_30deg_N68RF\center_view\ice_seals_2025_fl223_C_20250514_001221.609153_rgb.jpg,5435,10492,2421,10685,2753,1,-1,false_positive,1
231,\\akc0ss-n086\NMML_Polar_Imagery_4\Surveys_IceSeals_2025\fl223\images_30deg_N68RF\center_view\ice_seals_2025_fl223_C_20250514_001221.609153_rgb.jpg,5435,906,2513,1138,2703,1,-1,false_positive,1
232,\\akc0ss-n086\NMML_Polar_Imagery_4\Surveys_IceSeals_2025\fl223\images_30deg_N68RF\center_view\ice_seals_2025_fl223_C_20250514_001224.839492_rgb.jpg,5438,1709,6188,1947,6416,1,-1,false_positive,1
233,\\akc0ss-n086\NMML_Polar_Imagery_4\Surveys_IceSeals_2025\fl223\images_30deg_N68RF\center_view\ice_seals_2025_fl223_C_20250514_001224.839492_rgb.jpg,5438,1682,6173,1977,6456,1,-1,false_positive,1
234,\\akc0ss-n086\NMML_Polar_Imagery_4\Surveys_IceSeals_2025\fl223\images_30deg_N68RF\center_view\ice_seals_2025_fl223_C_20250514_001225.916879_rgb.jpg,5439,10583,2422,10811,2641,1,-1,false_positive,1
235,\\akc0ss-n086\NMML_Polar_Imagery_4\Surveys_IceSeals_2025\fl223\images_30deg_N68RF\center_view\ice_seals_2025_fl223_C_20250514_001229.149138_rgb.jpg,5442,4744,3047,4974,3307,1,-1,false_positive,1
236,\\akc0ss-n086\NMML_Polar_Imagery_4\Surveys_IceSeals_2025\fl223\images_30deg_N68RF\center_view\ice_seals_2025_fl223_C_20250514_001230.225486_rgb.jpg,5443,9414,1546,9631,1769,1,-1,false_positive,1
237,\\akc0ss-n086\NMML_Polar_Imagery_4\Surveys_IceSeals_2025\fl223\images_30deg_N68RF\center_view\ice_seals_2025_fl223_C_20250514_001232.376220_rgb.jpg,5445,8101,7455,8313,7631,1,-1,false_positive,1
238,\\akc0ss-n086\NMML_Polar_Imagery_4\Surveys_IceSeals_2025\fl223\images_30deg_N68RF\center_view\ice_seals_2025_fl223_C_20250514_001232.376220_rgb.jpg,5445,8160,7570,8360,7766,1,-1,false_positive,1
239,\\akc0ss-n086\NMML_Polar_Imagery_4\Surveys_IceSeals_2025\fl223\images_30deg_N68RF\center_view\ice_seals_2025_fl223_C_20250514_001232.376220_rgb.jpg,5445,4352,967,4549,1165,1,-1,false_positive,1
240,\\akc0ss-n086\NMML_Polar_Imagery_4\Surveys_IceSeals_2025\fl223\images_30deg_N68RF\center_view\ice_seals_2025_fl223_C_20250514_001234.524010_rgb.jpg,5447,7168,1626,7409,1860,1,-1,false_positive,1
241,\\akc0ss-n086\NMML_Polar_Imagery_4\Surveys_IceSeals_2025\fl223\images_30deg_N68RF\center_view\ice_seals_2025_fl223_C_20250514_001235.597017_rgb.jpg,5448,7772,3367,7963,3566,1,-1,false_positive,1
242,\\akc0ss-n086\NMML_Polar_Imagery_4\Surveys_IceSeals_2025\fl223\images_30deg_N68RF\center_view\ice_seals_2025_fl223_C_20250514_001236.669368_rgb.jpg,5449,209,8681,419,8895,1,-1,false_positive,1
243,\\akc0ss-n086\NMML_Polar_Imagery_4\Surveys_IceSeals_2025\fl223\images_30deg_N68RF\center_view\ice_seals_2025_fl223_C_20250514_001237.741035_rgb.jpg,5450,10210,8853,10410,9066,1,-1,false_positive,1
244,\\akc0ss-n086\NMML_Polar_Imagery_4\Surveys_IceSeals_2025\fl223\images_30deg_N68RF\center_view\ice_seals_2025_fl223_C_20250514_001238.812458_rgb.jpg,5451,6502,2258,6712,2505,1,-1,false_positive,1
245,\\akc0ss-n086\NMML_Polar_Imagery_4\Surveys_IceSeals_2025\fl223\images_30deg_N68RF\center_view\ice_seals_2025_fl223_C_20250514_001240.954895_rgb.jpg,5453,414,5111,624,5367,1,-1,false_positive,1
246,\\akc0ss-n086\NMML_Polar_Imagery_4\Surveys_IceSeals_2025\fl223\images_30deg_N68RF\center_view\ice_seals_2025_fl223_C_20250514_001243.097107_rgb.jpg,5455,2577,5725,2772,5952,1,-1,false_positive,1
247,\\akc0ss-n086\NMML_Polar_Imagery_4\Surveys_IceSeals_2025\fl223\images_30deg_N68RF\center_view\ice_seals_2025_fl223_C_20250514_001244.168134_rgb.jpg,5456,8654,3483,8850,3744,1,-1,false_positive,1
248,\\akc0ss-n086\NMML_Polar_Imagery_4\Surveys_IceSeals_2025\fl223\images_30deg_N68RF\center_view\ice_seals_2025_fl223_C_20250514_001246.309345_rgb.jpg,5458,7648,1871,7868,2107,1,-1,false_positive,1
249,\\akc0ss-n086\NMML_Polar_Imagery_4\Surveys_IceSeals_2025\fl223\images_30deg_N68RF\center_view\ice_seals_2025_fl223_C_20250514_001247.380032_rgb.jpg,5459,8889,7260,9116,7476,1,-1,false_positive,1
250,\\akc0ss-n086\NMML_Polar_Imagery_4\Surveys_IceSeals_2025\fl223\images_30deg_N68RF\center_view\ice_seals_2025_fl223_C_20250514_001247.380032_rgb.jpg,5459,9287,4306,9523,4501,1,-1,false_positive,1
251,\\akc0ss-n086\NMML_Polar_Imagery_4\Surveys_IceSeals_2025\fl223\images_30deg_N68RF\center_view\ice_seals_2025_fl223_C_20250514_001248.450081_rgb.jpg,5460,1501,1236,1710,1433,1,-1,false_positive,1
252,\\akc0ss-n086\NMML_Polar_Imagery_4\Surveys_IceSeals_2025\fl223\images_30deg_N68RF\center_view\ice_seals_2025_fl223_C_20250514_001250.590132_rgb.jpg,5462,2410,6495,2632,6731,1,-1,false_positive,1
253,\\akc0ss-n086\NMML_Polar_Imagery_4\Surveys_IceSeals_2025\fl223\images_30deg_N68RF\center_view\ice_seals_2025_fl223_C_20250514_001253.799813_rgb.jpg,5465,475,2568,697,2794,1,-1,false_positive,1
254,\\akc0ss-n086\NMML_Polar_Imagery_4\Surveys_IceSeals_2025\fl223\images_30deg_N68RF\center_view\ice_seals_2025_fl223_C_20250514_001255.938527_rgb.jpg,5467,2592,6365,2819,6568,1,-1,false_positive,1
255,\\akc0ss-n086\NMML_Polar_Imagery_4\Surveys_IceSeals_2025\fl223\images_30deg_N68RF\center_view\ice_seals_2025_fl223_C_20250514_001255.938527_rgb.jpg,5467,2574,6347,2845,6595,1,-1,false_positive,1
256,\\akc0ss-n086\NMML_Polar_Imagery_4\Surveys_IceSeals_2025\fl223\images_30deg_N68RF\center_view\ice_seals_2025_fl223_C_20250514_001304.495783_rgb.jpg,5475,8437,7385,8642,7564,1,-1,false_positive,1
257,\\akc0ss-n086\NMML_Polar_Imagery_4\Surveys_IceSeals_2025\fl223\images_30deg_N68RF\center_view\ice_seals_2025_fl223_C_20250514_001305.566665_rgb.jpg,5476,4280,4428,4515,4629,1,-1,false_positive,1
258,\\akc0ss-n086\NMML_Polar_Imagery_4\Surveys_IceSeals_2025\fl223\images_30deg_N68RF\center_view\ice_seals_2025_fl223_C_20250514_001305.566665_rgb.jpg,5476,4562,1092,4808,1347,1,-1,false_positive,1
259,\\akc0ss-n086\NMML_Polar_Imagery_4\Surveys_IceSeals_2025\fl223\images_30deg_N68RF\center_view\ice_seals_2025_fl223_C_20250514_001308.778049_rgb.jpg,5479,8400,7118,8624,7379,1,-1,false_positive,1
260,\\akc0ss-n086\NMML_Polar_Imagery_4\Surveys_IceSeals_2025\fl223\images_30deg_N68RF\center_view\ice_seals_2025_fl223_C_20250514_001319.461014_rgb.jpg,5489,7013,1213,7238,1449,1,-1,false_positive,1
261,\\akc0ss-n086\NMML_Polar_Imagery_4\Surveys_IceSeals_2025\fl223\images_30deg_N68RF\center_view\ice_seals_2025_fl223_C_20250514_001320.527319_rgb.jpg,5490,1985,4213,2208,4411,1,-1,false_positive,1
262,\\akc0ss-n086\NMML_Polar_Imagery_4\Surveys_IceSeals_2025\fl223\images_30deg_N68RF\center_view\ice_seals_2025_fl223_C_20250514_001320.527319_rgb.jpg,5490,6982,10348,7185,10528,1,-1,off_frame,1
263,\\akc0ss-n086\NMML_Polar_Imagery_4\Surveys_IceSeals_2025\fl223\images_30deg_N68RF\center_view\ice_seals_2025_fl223_C_20250514_001322.661093_rgb.jpg,5492,5840,3450,6061,3730,1,-1,false_positive,1
264,\\akc0ss-n086\NMML_Polar_Imagery_4\Surveys_IceSeals_2025\fl223\images_30deg_N68RF\center_view\ice_seals_2025_fl223_C_20250514_001322.661093_rgb.jpg,5492,6408,3191,6602,3408,1,-1,false_positive,1
265,\\akc0ss-n086\NMML_Polar_Imagery_4\Surveys_IceSeals_2025\fl223\images_30deg_N68RF\center_view\ice_seals_2025_fl223_C_20250514_001326.927741_rgb.jpg,5496,8712,1609,8920,1826,1,-1,false_positive,1
266,\\akc0ss-n086\NMML_Polar_Imagery_4\Surveys_IceSeals_2025\fl223\images_30deg_N68RF\center_view\ice_seals_2025_fl223_C_20250514_001326.927741_rgb.jpg,5496,8753,1618,9002,1840,1,-1,false_positive,1
267,\\akc0ss-n086\NMML_Polar_Imagery_4\Surveys_IceSeals_2025\fl223\images_30deg_N68RF\center_view\ice_seals_2025_fl223_C_20250514_001327.993726_rgb.jpg,5497,2597,2608,2833,2805,1,-1,false_positive,1
268,\\akc0ss-n086\NMML_Polar_Imagery_4\Surveys_IceSeals_2025\fl223\images_30deg_N68RF\center_view\ice_seals_2025_fl223_C_20250514_001331.192589_rgb.jpg,5500,3080,2544,3271,2823,1,-1,false_positive,1
269,\\akc0ss-n086\NMML_Polar_Imagery_4\Surveys_IceSeals_2025\fl223\images_30deg_N68RF\center_view\ice_seals_2025_fl223_C_20250514_001334.397408_rgb.jpg,5503,2204,8049,2422,8277,1,-1,false_positive,1
270,\\akc0ss-n086\NMML_Polar_Imagery_4\Surveys_IceSeals_2025\fl223\images_30deg_N68RF\center_view\ice_seals_2025_fl223_C_20250514_001340.811309_rgb.jpg,5509,10111,7038,10521,7283,1,-1,false_positive,1
271,\\akc0ss-n086\NMML_Polar_Imagery_4\Surveys_IceSeals_2025\fl223\images_30deg_N68RF\center_view\ice_seals_2025_fl223_C_20250514_001341.879998_rgb.jpg,5510,5443,5879,5649,6072,1,-1,false_positive,1
272,\\akc0ss-n086\NMML_Polar_Imagery_4\Surveys_IceSeals_2025\fl223\images_30deg_N68RF\center_view\ice_seals_2025_fl223_C_20250514_001341.879998_rgb.jpg,5510,5753,5668,5934,5882,1,-1,false_positive,1
273,\\akc0ss-n086\NMML_Polar_Imagery_4\Surveys_IceSeals_2025\fl223\images_30deg_N68RF\center_view\ice_seals_2025_fl223_C_20250514_001342.948962_rgb.jpg,5511,6082,6207,6295,6451,1,-1,false_positive,1
274,\\akc0ss-n086\NMML_Polar_Imagery_4\Surveys_IceSeals_2025\fl223\images_30deg_N68RF\center_view\ice_seals_2025_fl223_C_20250514_001350.441668_rgb.jpg,5518,6637,951,6885,1190,1,-1,false_positive,1
275,\\akc0ss-n086\NMML_Polar_Imagery_4\Surveys_IceSeals_2025\fl223\images_30deg_N68RF\center_view\ice_seals_2025_fl223_C_20250514_001351.513334_rgb.jpg,5519,6502,10124,6749,10358,1,-1,off_frame,1
276,\\akc0ss-n086\NMML_Polar_Imagery_4\Surveys_IceSeals_2025\fl223\images_30deg_N68RF\center_view\ice_seals_2025_fl223_C_20250514_001353.653774_rgb.jpg,5521,6977,10309,7204,10524,1,-1,off_frame,1
277,\\akc0ss-n086\NMML_Polar_Imagery_4\Surveys_IceSeals_2025\fl223\images_30deg_N68RF\center_view\ice_seals_2025_fl223_C_20250514_001354.722177_rgb.jpg,5522,3306,6660,3489,6872,1,-1,false_positive,1
278,\\akc0ss-n086\NMML_Polar_Imagery_4\Surveys_IceSeals_2025\fl223\images_30deg_N68RF\center_view\ice_seals_2025_fl223_C_20250514_001356.856610_rgb.jpg,5524,10353,6087,10565,6346,1,-1,false_positive,1
279,\\akc0ss-n086\NMML_Polar_Imagery_4\Surveys_IceSeals_2025\fl223\images_30deg_N68RF\center_view\ice_seals_2025_fl223_C_20250514_001356.856610_rgb.jpg,5524,8245,8614,8459,8828,1,-1,false_positive,1
280,\\akc0ss-n086\NMML_Polar_Imagery_4\Surveys_IceSeals_2025\fl223\images_30deg_N68RF\center_view\ice_seals_2025_fl223_C_20250514_001358.989504_rgb.jpg,5526,9719,2629,9910,2913,1,-1,false_positive,1
281,\\akc0ss-n086\NMML_Polar_Imagery_4\Surveys_IceSeals_2025\fl223\images_30deg_N68RF\center_view\ice_seals_2025_fl223_C_20250514_001358.989504_rgb.jpg,5526,8895,7311,9121,7617,1,-1,false_positive,1
282,\\akc0ss-n086\NMML_Polar_Imagery_4\Surveys_IceSeals_2025\fl223\images_30deg_N68RF\center_view\ice_seals_2025_fl223_C_20250514_001400.056608_rgb.jpg,5527,2141,3510,2364,3757,1,-1,false_positive,1
283,\\akc0ss-n086\NMML_Polar_Imagery_4\Surveys_IceSeals_2025\fl223\images_30deg_N68RF\center_view\ice_seals_2025_fl223_C_20250514_001401.124455_rgb.jpg,5528,2177,8146,2418,8403,1,-1,false_positive,1
284,\\akc0ss-n086\NMML_Polar_Imagery_4\Surveys_IceSeals_2025\fl223\images_30deg_N68RF\center_view\ice_seals_2025_fl223_C_20250514_001406.462250_rgb.jpg,5533,3378,6296,3601,6524,1,-1,false_positive,1
285,\\akc0ss-n086\NMML_Polar_Imagery_4\Surveys_IceSeals_2025\fl223\images_30deg_N68RF\center_view\ice_seals_2025_fl223_C_20250514_001407.529897_rgb.jpg,5534,8163,1576,8406,1816,1,-1,false_positive,1
286,\\akc0ss-n086\NMML_Polar_Imagery_4\Surveys_IceSeals_2025\fl223\images_30deg_N68RF\center_view\ice_seals_2025_fl223_C_20250514_001408.597606_rgb.jpg,5535,5406,6082,5589,6264,1,-1,false_positive,1
287,\\akc0ss-n086\NMML_Polar_Imagery_4\Surveys_IceSeals_2025\fl223\images_30deg_N68RF\center_view\ice_seals_2025_fl223_C_20250514_001409.665435_rgb.jpg,5536,9892,767,10122,1026,1,-1,false_positive,1
288,\\akc0ss-n086\NMML_Polar_Imagery_4\Surveys_IceSeals_2025\fl223\images_30deg_N68RF\center_view\ice_seals_2025_fl223_C_20250514_001409.665435_rgb.jpg,5536,10902,1970,11125,2287,1,-1,false_positive,1
289,\\akc0ss-n086\NMML_Polar_Imagery_4\Surveys_IceSeals_2025\fl223\images_30deg_N68RF\center_view\ice_seals_2025_fl223_C_20250514_001410.734038_rgb.jpg,5537,9738,9828,9948,10135,1,-1,off_frame,1
290,\\akc0ss-n086\NMML_Polar_Imagery_4\Surveys_IceSeals_2025\fl223\images_30deg_N68RF\center_view\ice_seals_2025_fl223_C_20250514_001410.734038_rgb.jpg,5537,11193,6601,11417,6827,1,-1,false_positive,1
291,\\akc0ss-n086\NMML_Polar_Imagery_4\Surveys_IceSeals_2025\fl223\images_30deg_N68RF\center_view\ice_seals_2025_fl223_C_20250514_001412.870249_rgb.jpg,5539,9919,2861,10119,3104,1,-1,false_positive,1
292,\\akc0ss-n086\NMML_Polar_Imagery_4\Surveys_IceSeals_2025\fl223\images_30deg_N68RF\center_view\ice_seals_2025_fl223_C_20250514_001412.870249_rgb.jpg,5539,2663,868,2881,1024,1,-1,false_positive,1
293,\\akc0ss-n086\NMML_Polar_Imagery_4\Surveys_IceSeals_2025\fl223\images_30deg_N68RF\center_view\ice_seals_2025_fl223_C_20250514_001413.937297_rgb.jpg,5540,10143,8188,10364,8483,1,-1,false_positive,1
294,\\akc0ss-n086\NMML_Polar_Imagery_4\Surveys_IceSeals_2025\fl223\images_30deg_N68RF\center_view\ice_seals_2025_fl223_C_20250514_001415.004406_rgb.jpg,5541,10305,6422,10511,6662,1,-1,false_positive,1
295,\\akc0ss-n086\NMML_Polar_Imagery_4\Surveys_IceSeals_2025\fl223\images_30deg_N68RF\center_view\ice_seals_2025_fl223_C_20250514_001416.071491_rgb.jpg,5542,2484,7843,2692,8142,1,-1,false_positive,1
296,\\akc0ss-n086\NMML_Polar_Imagery_4\Surveys_IceSeals_2025\fl223\images_30deg_N68RF\center_view\ice_seals_2025_fl223_C_20250514_001416.071491_rgb.jpg,5542,4238,8673,4520,8919,1,-1,false_positive,1
297,\\akc0ss-n086\NMML_Polar_Imagery_4\Surveys_IceSeals_2025\fl223\images_30deg_N68RF\center_view\ice_seals_2025_fl223_C_20250514_001419.272850_rgb.jpg,5545,10503,741,10713,967,1,-1,false_positive,1
298,\\akc0ss-n086\NMML_Polar_Imagery_4\Surveys_IceSeals_2025\fl223\images_30deg_N68RF\center_view\ice_seals_2025_fl223_C_20250514_001427.799444_rgb.jpg,5553,-116,4431,19,4661,1,-1,off_frame,1
299,\\akc0ss-n086\NMML_Polar_Imagery_4\Surveys_IceSeals_2025\fl223\images_30deg_N68RF\center_view\ice_seals_2025_fl223_C_20250514_001429.931641_rgb.jpg,5555,8285,1746,8495,1988,1,-1,false_positive,1
300,\\akc0ss-n086\NMML_Polar_Imagery_4\Surveys_IceSeals_2025\fl223\images_30deg_N68RF\center_view\ice_seals_2025_fl223_C_20250514_001429.931641_rgb.jpg,5555,3146,9767,3367,10025,1,-1,off_frame,1
301,\\akc0ss-n086\NMML_Polar_Imagery_4\Surveys_IceSeals_2025\fl223\images_30deg_N68RF\center_view\ice_seals_2025_fl223_C_20250514_001430.999104_rgb.jpg,5556,8319,9916,8516,10184,1,-1,off_frame,1
302,\\akc0ss-n086\NMML_Polar_Imagery_4\Surveys_IceSeals_2025\fl223\images_30deg_N68RF\center_view\ice_seals_2025_fl223_C_20250514_001434.198368_rgb.jpg,5559,8189,2078,8387,2346,1,-1,false_positive,1
303,\\akc0ss-n086\NMML_Polar_Imagery_4\Surveys_IceSeals_2025\fl223\images_30deg_N68RF\center_view\ice_seals_2025_fl223_C_20250514_001434.198368_rgb.jpg,5559,9594,9122,9809,9400,1,-1,false_positive,1
304,\\akc0ss-n086\NMML_Polar_Imagery_4\Surveys_IceSeals_2025\fl223\images_30deg_N68RF\center_view\ice_seals_2025_fl223_C_20250514_001435.264296_rgb.jpg,5560,5853,1780,6136,2014,1,-1,false_positive,1
305,\\akc0ss-n086\NMML_Polar_Imagery_4\Surveys_IceSeals_2025\fl223\images_30deg_N68RF\center_view\ice_seals_2025_fl223_C_20250514_001437.396564_rgb.jpg,5562,5823,7818,6136,8417,1,-1,bird,1,(trk-atr) species_confidence positive
306,\\akc0ss-n086\NMML_Polar_Imagery_4\Surveys_IceSeals_2025\fl223\images_30deg_N68RF\center_view\ice_seals_2025_fl223_C_20250514_001437.396564_rgb.jpg,5562,6040,8162,6172,8290,1,-1,extra_detection,1
307,\\akc0ss-n086\NMML_Polar_Imagery_4\Surveys_IceSeals_2025\fl223\images_30deg_N68RF\center_view\ice_seals_2025_fl223_C_20250514_001437.396564_rgb.jpg,5562,5864,7964,5994,8078,1,-1,extra_detection,1
308,\\akc0ss-n086\NMML_Polar_Imagery_4\Surveys_IceSeals_2025\fl223\images_30deg_N68RF\center_view\ice_seals_2025_fl223_C_20250514_001450.213346_rgb.jpg,5574,560,5826,767,6096,1,-1,false_positive,1
309,\\akc0ss-n086\NMML_Polar_Imagery_4\Surveys_IceSeals_2025\fl223\images_30deg_N68RF\center_view\ice_seals_2025_fl223_C_20250514_001450.213346_rgb.jpg,5574,2523,9691,2718,9872,1,-1,off_frame,1
310,\\akc0ss-n086\NMML_Polar_Imagery_4\Surveys_IceSeals_2025\fl223\images_30deg_N68RF\center_view\ice_seals_2025_fl223_C_20250514_001452.355442_rgb.jpg,5576,11168,1027,11385,1246,1,-1,false_positive,1
311,\\akc0ss-n086\NMML_Polar_Imagery_4\Surveys_IceSeals_2025\fl223\images_30deg_N68RF\center_view\ice_seals_2025_fl223_C_20250514_001452.355442_rgb.jpg,5576,7733,4733,7921,4943,1,-1,false_positive,1
312,\\akc0ss-n086\NMML_Polar_Imagery_4\Surveys_IceSeals_2025\fl223\images_30deg_N68RF\center_view\ice_seals_2025_fl223_C_20250514_001453.426707_rgb.jpg,5577,8380,4450,8626,4784,1,-1,false_positive,1
313,\\akc0ss-n086\NMML_Polar_Imagery_4\Surveys_IceSeals_2025\fl223\images_30deg_N68RF\center_view\ice_seals_2025_fl223_C_20250514_001453.426707_rgb.jpg,5577,11044,10139,11261,10364,1,-1,off_frame,1
314,\\akc0ss-n086\NMML_Polar_Imagery_4\Surveys_IceSeals_2025\fl223\images_30deg_N68RF\center_view\ice_seals_2025_fl223_C_20250514_001454.497697_rgb.jpg,5578,11425,5243,11646,5461,1,-1,false_positive,1
315,\\akc0ss-n086\NMML_Polar_Imagery_4\Surveys_IceSeals_2025\fl223\images_30deg_N68RF\center_view\ice_seals_2025_fl223_C_20250514_001455.568881_rgb.jpg,5579,7708,2799,7935,3032,1,-1,false_positive,1
316,\\akc0ss-n086\NMML_Polar_Imagery_4\Surveys_IceSeals_2025\fl223\images_30deg_N68RF\center_view\ice_seals_2025_fl223_C_20250514_001455.568881_rgb.jpg,5579,9720,6540,9914,6792,1,-1,false_positive,1
317,\\akc0ss-n086\NMML_Polar_Imagery_4\Surveys_IceSeals_2025\fl223\images_30deg_N68RF\center_view\ice_seals_2025_fl223_C_20250514_001457.711013_rgb.jpg,5581,9145,3281,9344,3577,1,-1,false_positive,1
318,\\akc0ss-n086\NMML_Polar_Imagery_4\Surveys_IceSeals_2025\fl223\images_30deg_N68RF\center_view\ice_seals_2025_fl223_C_20250514_001505.215822_rgb.jpg,5588,1190,958,1410,1205,1,-1,false_positive,1
319,\\akc0ss-n086\NMML_Polar_Imagery_4\Surveys_IceSeals_2025\fl223\images_30deg_N68RF\center_view\ice_seals_2025_fl223_C_20250514_001506.287910_rgb.jpg,5589,9812,7631,9980,7774,1,-1,bearded_seal,1,(trk-atr) age_class nonpup,(trk-atr) age_class_confidence positive,(trk-atr) species_confidence positive
320,\\akc0ss-n086\NMML_Polar_Imagery_4\Surveys_IceSeals_2025\fl223\images_30deg_N68RF\center_view\ice_seals_2025_fl223_C_20250514_001507.359373_rgb.jpg,5590,11665,7208,11859,7539,1,-1,false_positive,1
321,\\akc0ss-n086\NMML_Polar_Imagery_4\Surveys_IceSeals_2025\fl223\images_30deg_N68RF\center_view\ice_seals_2025_fl223_C_20250514_001507.359373_rgb.jpg,5590,482,8726,675,8918,1,-1,false_positive,1
322,\\akc0ss-n086\NMML_Polar_Imagery_4\Surveys_IceSeals_2025\fl223\images_30deg_N68RF\center_view\ice_seals_2025_fl223_C_20250514_001509.501266_rgb.jpg,5592,11110,1263,11330,1479,1,-1,false_positive,1
323,\\akc0ss-n086\NMML_Polar_Imagery_4\Surveys_IceSeals_2025\fl223\images_30deg_N68RF\center_view\ice_seals_2025_fl223_C_20250514_001512.716531_rgb.jpg,5595,9861,1596,10078,1821,1,-1,false_positive,1
324,\\akc0ss-n086\NMML_Polar_Imagery_4\Surveys_IceSeals_2025\fl223\images_30deg_N68RF\center_view\ice_seals_2025_fl223_C_20250514_001512.716531_rgb.jpg,5595,6108,5358,6275,5585,1,-1,false_positive,1
325,\\akc0ss-n086\NMML_Polar_Imagery_4\Surveys_IceSeals_2025\fl223\images_30deg_N68RF\center_view\ice_seals_2025_fl223_C_20250514_001519.139271_rgb.jpg,5601,19,7697,231,7912,1,-1,false_positive,1
326,\\akc0ss-n086\NMML_Polar_Imagery_4\Surveys_IceSeals_2025\fl223\images_30deg_N68RF\center_view\ice_seals_2025_fl223_C_20250514_001522.348526_rgb.jpg,5604,6394,6052,6570,6284,1,-1,false_positive,1
327,\\akc0ss-n086\NMML_Polar_Imagery_4\Surveys_IceSeals_2025\fl223\images_30deg_N68RF\center_view\ice_seals_2025_fl223_C_20250514_001527.703821_rgb.jpg,5609,5542,1843,5759,2065,1,-1,false_positive,1
328,\\akc0ss-n086\NMML_Polar_Imagery_4\Surveys_IceSeals_2025\fl223\images_30deg_N68RF\center_view\ice_seals_2025_fl223_C_20250514_001528.775789_rgb.jpg,5610,8496,1150,8693,1387,1,-1,false_positive,1
329,\\akc0ss-n086\NMML_Polar_Imagery_4\Surveys_IceSeals_2025\fl223\images_30deg_N68RF\center_view\ice_seals_2025_fl223_C_20250514_001537.351202_rgb.jpg,5618,9609,5561,9731,5720,1,-1,bird,1,(trk-atr) species_confidence positive
330,\\akc0ss-n086\NMML_Polar_Imagery_4\Surveys_IceSeals_2025\fl223\images_30deg_N68RF\center_view\ice_seals_2025_fl223_C_20250514_001550.190843_rgb.jpg,5630,4096,2505,4339,2672,1,-1,false_positive,1
331,\\akc0ss-n086\NMML_Polar_Imagery_4\Surveys_IceSeals_2025\fl223\images_30deg_N68RF\center_view\ice_seals_2025_fl223_C_20250514_001550.190843_rgb.jpg,5630,3939,2240,4169,2446,1,-1,false_positive,1
332,\\akc0ss-n086\NMML_Polar_Imagery_4\Surveys_IceSeals_2025\fl223\images_30deg_N68RF\center_view\ice_seals_2025_fl223_C_20250514_001555.530559_rgb.jpg,5635,10789,7591,10985,7839,1,-1,false_positive,1
333,\\akc0ss-n086\NMML_Polar_Imagery_4\Surveys_IceSeals_2025\fl223\images_30deg_N68RF\center_view\ice_seals_2025_fl223_C_20250514_001559.796066_rgb.jpg,5639,5236,1339,5460,1644,1,-1,false_positive,1
334,\\akc0ss-n086\NMML_Polar_Imagery_4\Surveys_IceSeals_2025\fl223\images_30deg_N68RF\center_view\ice_seals_2025_fl223_C_20250514_001559.796066_rgb.jpg,5639,5374,7131,5562,7386,1,-1,false_positive,1
335,\\akc0ss-n086\NMML_Polar_Imagery_4\Surveys_IceSeals_2025\fl223\images_30deg_N68RF\center_view\ice_seals_2025_fl223_C_20250514_001600.862271_rgb.jpg,5640,7331,4727,7531,4988,1,-1,false_positive,1
336,\\akc0ss-n086\NMML_Polar_Imagery_4\Surveys_IceSeals_2025\fl223\images_30deg_N68RF\center_view\ice_seals_2025_fl223_C_20250514_001602.999084_rgb.jpg,5642,2329,8314,2525,8576,1,-1,false_positive,1
337,\\akc0ss-n086\NMML_Polar_Imagery_4\Surveys_IceSeals_2025\fl223\images_30deg_N68RF\center_view\ice_seals_2025_fl223_C_20250514_001602.999084_rgb.jpg,5642,2335,8374,2525,8635,1,-1,false_positive,1
338,\\akc0ss-n086\NMML_Polar_Imagery_4\Surveys_IceSeals_2025\fl223\images_30deg_N68RF\center_view\ice_seals_2025_fl223_C_20250514_001604.067831_rgb.jpg,5643,5787,8269,5988,8454,1,-1,false_positive,1
339,\\akc0ss-n086\NMML_Polar_Imagery_4\Surveys_IceSeals_2025\fl223\images_30deg_N68RF\center_view\ice_seals_2025_fl223_C_20250514_001611.553097_rgb.jpg,5650,4037,4059,4256,4310,1,-1,false_positive,1
340,\\akc0ss-n086\NMML_Polar_Imagery_4\Surveys_IceSeals_2025\fl223\images_30deg_N68RF\center_view\ice_seals_2025_fl223_C_20250514_001614.765002_rgb.jpg,5653,10588,1544,10827,1797,1,-1,false_positive,1
341,\\akc0ss-n086\NMML_Polar_Imagery_4\Surveys_IceSeals_2025\fl223\images_30deg_N68RF\center_view\ice_seals_2025_fl223_C_20250514_001619.050384_rgb.jpg,5657,10105,10232,10311,10469,1,-1,off_frame,1
342,\\akc0ss-n086\NMML_Polar_Imagery_4\Surveys_IceSeals_2025\fl223\images_30deg_N68RF\center_view\ice_seals_2025_fl223_C_20250514_001621.194303_rgb.jpg,5659,9099,1155,9330,1378,1,-1,false_positive,1
343,\\akc0ss-n086\NMML_Polar_Imagery_4\Surveys_IceSeals_2025\fl223\images_30deg_N68RF\center_view\ice_seals_2025_fl223_C_20250514_001622.267187_rgb.jpg,5660,8952,10257,9160,10475,1,-1,off_frame,1
344,\\akc0ss-n086\NMML_Polar_Imagery_4\Surveys_IceSeals_2025\fl223\images_30deg_N68RF\center_view\ice_seals_2025_fl223_C_20250514_001623.340251_rgb.jpg,5661,7820,3082,8042,3339,1,-1,false_positive,1
345,\\akc0ss-n086\NMML_Polar_Imagery_4\Surveys_IceSeals_2025\fl223\images_30deg_N68RF\center_view\ice_seals_2025_fl223_C_20250514_001624.413862_rgb.jpg,5662,9662,8308,9841,8502,1,-1,false_positive,1
346,\\akc0ss-n086\NMML_Polar_Imagery_4\Surveys_IceSeals_2025\fl223\images_30deg_N68RF\center_view\ice_seals_2025_fl223_C_20250514_001625.487766_rgb.jpg,5663,828,1552,1037,1853,1,-1,false_positive,1
347,\\akc0ss-n086\NMML_Polar_Imagery_4\Surveys_IceSeals_2025\fl223\images_30deg_N68RF\center_view\ice_seals_2025_fl223_C_20250514_001634.086383_rgb.jpg,5671,2669,6420,2899,6607,1,-1,false_positive,1
348,\\akc0ss-n086\NMML_Polar_Imagery_4\Surveys_IceSeals_2025\fl223\images_30deg_N68RF\center_view\ice_seals_2025_fl223_C_20250514_001636.239017_rgb.jpg,5673,6908,8854,7141,9076,1,-1,false_positive,1
349,\\akc0ss-n086\NMML_Polar_Imagery_4\Surveys_IceSeals_2025\fl223\images_30deg_N68RF\center_view\ice_seals_2025_fl223_C_20250514_001637.315960_rgb.jpg,5674,11593,6368,11812,6593,1,-1,false_positive,1
350,\\akc0ss-n086\NMML_Polar_Imagery_4\Surveys_IceSeals_2025\fl223\images_30deg_N68RF\center_view\ice_seals_2025_fl223_C_20250514_001639.468533_rgb.jpg,5676,6129,3483,6349,3719,1,-1,false_positive,1
351,\\akc0ss-n086\NMML_Polar_Imagery_4\Surveys_IceSeals_2025\fl223\images_30deg_N68RF\center_view\ice_seals_2025_fl223_C_20250514_001641.620471_rgb.jpg,5678,5433,9455,5659,9778,1,-1,off_frame,1
352,\\akc0ss-n086\NMML_Polar_Imagery_4\Surveys_IceSeals_2025\fl223\images_30deg_N68RF\center_view\ice_seals_2025_fl223_C_20250514_001641.620471_rgb.jpg,5678,9330,3172,9540,3506,1,-1,false_positive,1
353,\\akc0ss-n086\NMML_Polar_Imagery_4\Surveys_IceSeals_2025\fl223\images_30deg_N68RF\center_view\ice_seals_2025_fl223_C_20250514_001644.847091_rgb.jpg,5681,8127,870,8318,1200,1,-1,false_positive,1
354,\\akc0ss-n086\NMML_Polar_Imagery_4\Surveys_IceSeals_2025\fl223\images_30deg_N68RF\center_view\ice_seals_2025_fl223_C_20250514_001644.847091_rgb.jpg,5681,8102,808,8312,1159,1,-1,false_positive,1
355,\\akc0ss-n086\NMML_Polar_Imagery_4\Surveys_IceSeals_2025\fl223\images_30deg_N68RF\center_view\ice_seals_2025_fl223_C_20250514_001645.922518_rgb.jpg,5682,1278,6820,1474,7060,1,-1,false_positive,1
356,\\akc0ss-n086\NMML_Polar_Imagery_4\Surveys_IceSeals_2025\fl223\images_30deg_N68RF\center_view\ice_seals_2025_fl223_C_20250514_001645.922518_rgb.jpg,5682,7999,10007,8198,10345,1,-1,off_frame,1
357,\\akc0ss-n086\NMML_Polar_Imagery_4\Surveys_IceSeals_2025\fl223\images_30deg_N68RF\center_view\ice_seals_2025_fl223_C_20250514_001645.922518_rgb.jpg,5682,8200,9430,8422,9693,1,-1,off_frame,1
358,\\akc0ss-n086\NMML_Polar_Imagery_4\Surveys_IceSeals_2025\fl223\images_30deg_N68RF\center_view\ice_seals_2025_fl223_C_20250514_001654.533688_rgb.jpg,5690,10140,9142,10360,9369,1,-1,false_positive,1
359,\\akc0ss-n086\NMML_Polar_Imagery_4\Surveys_IceSeals_2025\fl223\images_30deg_N68RF\center_view\ice_seals_2025_fl223_C_20250514_001656.689542_rgb.jpg,5692,6847,3542,7071,3769,1,-1,false_positive,1
360,\\akc0ss-n086\NMML_Polar_Imagery_4\Surveys_IceSeals_2025\fl223\images_30deg_N68RF\center_view\ice_seals_2025_fl223_C_20250514_001657.767911_rgb.jpg,5693,4148,8760,4343,8968,1,-1,false_positive,1
361,\\akc0ss-n086\NMML_Polar_Imagery_4\Surveys_IceSeals_2025\fl223\images_30deg_N68RF\center_view\ice_seals_2025_fl223_C_20250514_001701.005709_rgb.jpg,5696,3613,8524,3816,8726,1,-1,false_positive,1
362,\\akc0ss-n086\NMML_Polar_Imagery_4\Surveys_IceSeals_2025\fl223\images_30deg_N68RF\center_view\ice_seals_2025_fl223_C_20250514_001703.162484_rgb.jpg,5698,7406,4201,7637,4458,1,-1,false_positive,1
363,\\akc0ss-n086\NMML_Polar_Imagery_4\Surveys_IceSeals_2025\fl223\images_30deg_N68RF\center_view\ice_seals_2025_fl223_C_20250514_001704.239793_rgb.jpg,5699,1028,1177,1225,1405,1,-1,false_positive,1
364,\\akc0ss-n086\NMML_Polar_Imagery_4\Surveys_IceSeals_2025\fl223\images_30deg_N68RF\center_view\ice_seals_2025_fl223_C_20250514_001706.393506_rgb.jpg,5701,11670,9326,11905,9559,1,-1,false_positive,1
365,\\akc0ss-n086\NMML_Polar_Imagery_4\Surveys_IceSeals_2025\fl223\images_30deg_N68RF\center_view\ice_seals_2025_fl223_C_20250514_001707.469571_rgb.jpg,5702,8532,4244,8797,4460,1,-1,false_positive,1
366,\\akc0ss-n086\NMML_Polar_Imagery_4\Surveys_IceSeals_2025\fl223\images_30deg_N68RF\center_view\ice_seals_2025_fl223_C_20250514_001720.371773_rgb.jpg,5714,1049,5271,1249,5460,1,-1,false_positive,1
367,\\akc0ss-n086\NMML_Polar_Imagery_4\Surveys_IceSeals_2025\fl223\images_30deg_N68RF\center_view\ice_seals_2025_fl223_C_20250514_001722.516644_rgb.jpg,5716,3960,2480,4173,2652,1,-1,false_positive,1
368,\\akc0ss-n086\NMML_Polar_Imagery_4\Surveys_IceSeals_2025\fl223\images_30deg_N68RF\center_view\ice_seals_2025_fl223_C_20250514_001727.872759_rgb.jpg,5721,2744,3468,2951,3690,1,-1,false_positive,1
369,\\akc0ss-n086\NMML_Polar_Imagery_4\Surveys_IceSeals_2025\fl223\images_30deg_N68RF\center_view\ice_seals_2025_fl223_C_20250514_001728.942008_rgb.jpg,5722,2719,1046,2958,1248,1,-1,false_positive,1
370,\\akc0ss-n086\NMML_Polar_Imagery_4\Surveys_IceSeals_2025\fl223\images_30deg_N68RF\center_view\ice_seals_2025_fl223_C_20250514_001733.220455_rgb.jpg,5726,7452,2387,7621,2571,1,-1,false_positive,1
371,\\akc0ss-n086\NMML_Polar_Imagery_4\Surveys_IceSeals_2025\fl223\images_30deg_N68RF\center_view\ice_seals_2025_fl223_C_20250514_001734.291960_rgb.jpg,5727,2398,5248,2471,5346,1,-1,ringed_seal,1,(trk-atr) age_class nonpup,(trk-atr) age_class_confidence positive,(trk-atr) species_confidence positive
372,\\akc0ss-n086\NMML_Polar_Imagery_4\Surveys_IceSeals_2025\fl223\images_30deg_N68RF\center_view\ice_seals_2025_fl223_C_20250514_001735.363945_rgb.jpg,5728,7580,2514,7720,2664,1,-1,false_positive,1
373,\\akc0ss-n086\NMML_Polar_Imagery_4\Surveys_IceSeals_2025\fl223\images_30deg_N68RF\center_view\ice_seals_2025_fl223_C_20250514_001735.363945_rgb.jpg,5728,7749,2608,7904,2735,1,-1,false_positive,1
374,\\akc0ss-n086\NMML_Polar_Imagery_4\Surveys_IceSeals_2025\fl223\images_30deg_N68RF\center_view\ice_seals_2025_fl223_C_20250514_001735.363945_rgb.jpg,5728,7519,2557,7667,2703,1,-1,false_positive,1
375,\\akc0ss-n086\NMML_Polar_Imagery_4\Surveys_IceSeals_2025\fl223\images_30deg_N68RF\center_view\ice_seals_2025_fl223_C_20250514_001735.363945_rgb.jpg,5728,5849,4847,5997,5139,1,-1,false_positive,1
376,\\akc0ss-n086\NMML_Polar_Imagery_4\Surveys_IceSeals_2025\fl223\images_30deg_N68RF\center_view\ice_seals_2025_fl223_C_20250514_001742.871674_rgb.jpg,5735,729,9962,905,10135,1,-1,off_frame,1
377,\\akc0ss-n086\NMML_Polar_Imagery_4\Surveys_IceSeals_2025\fl223\images_30deg_N68RF\center_view\ice_seals_2025_fl223_C_20250514_001743.944259_rgb.jpg,5736,7128,8501,7336,8782,1,-1,false_positive,1
378,\\akc0ss-n086\NMML_Polar_Imagery_4\Surveys_IceSeals_2025\fl223\images_30deg_N68RF\center_view\ice_seals_2025_fl223_C_20250514_001746.092536_rgb.jpg,5738,4986,5507,5203,5690,1,-1,false_positive,1
379,\\akc0ss-n086\NMML_Polar_Imagery_4\Surveys_IceSeals_2025\fl223\images_30deg_N68RF\center_view\ice_seals_2025_fl223_C_20250514_001751.462909_rgb.jpg,5743,6714,3561,6902,3741,1,-1,false_positive,1
380,\\akc0ss-n086\NMML_Polar_Imagery_4\Surveys_IceSeals_2025\fl223\images_30deg_N68RF\center_view\ice_seals_2025_fl223_C_20250514_001751.462909_rgb.jpg,5743,6418,3484,6561,3665,1,-1,false_positive,1
381,\\akc0ss-n086\NMML_Polar_Imagery_4\Surveys_IceSeals_2025\fl223\images_30deg_N68RF\center_view\ice_seals_2025_fl223_C_20250514_001751.462909_rgb.jpg,5743,5883,7340,6043,7536,1,-1,false_positive,1
382,\\akc0ss-n086\NMML_Polar_Imagery_4\Surveys_IceSeals_2025\fl223\images_30deg_N68RF\center_view\ice_seals_2025_fl223_C_20250514_001806.490063_rgb.jpg,5757,7122,4593,7303,4879,1,-1,false_positive,1
383,\\akc0ss-n086\NMML_Polar_Imagery_4\Surveys_IceSeals_2025\fl223\images_30deg_N68RF\center_view\ice_seals_2025_fl223_C_20250514_001842.936691_rgb.jpg,5791,2157,5206,2380,5453,1,-1,false_positive,1
384,\\akc0ss-n086\NMML_Polar_Imagery_4\Surveys_IceSeals_2025\fl223\images_30deg_N68RF\center_view\ice_seals_2025_fl223_C_20250514_001849.364356_rgb.jpg,5797,5254,2605,5313,2742,1,-1,bearded_seal,1,(trk-atr) age_class nonpup,(trk-atr) age_class_confidence likely,(trk-atr) species_confidence likely
385,\\akc0ss-n086\NMML_Polar_Imagery_4\Surveys_IceSeals_2025\fl223\images_30deg_N68RF\center_view\ice_seals_2025_fl223_C_20250514_001850.437041_rgb.jpg,5798,-176,991,-56,1205,1,-1,off_frame,1
386,\\akc0ss-n086\NMML_Polar_Imagery_4\Surveys_IceSeals_2025\fl223\images_30deg_N68RF\center_view\ice_seals_2025_fl223_C_20250514_001854.731925_rgb.jpg,5802,4570,2578,4747,2789,1,-1,false_positive,1
387,\\akc0ss-n086\NMML_Polar_Imagery_4\Surveys_IceSeals_2025\fl223\images_30deg_N68RF\center_view\ice_seals_2025_fl223_C_20250514_001854.731925_rgb.jpg,5802,3576,3512,3757,3726,1,-1,false_positive,1
388,\\akc0ss-n086\NMML_Polar_Imagery_4\Surveys_IceSeals_2025\fl223\images_30deg_N68RF\center_view\ice_seals_2025_fl223_C_20250514_001905.474196_rgb.jpg,5812,7402,6219,7628,6413,1,-1,false_positive,1
389,\\akc0ss-n086\NMML_Polar_Imagery_4\Surveys_IceSeals_2025\fl223\images_30deg_N68RF\center_view\ice_seals_2025_fl223_C_20250514_001905.474196_rgb.jpg,5812,8073,6300,8322,6473,1,-1,false_positive,1
390,\\akc0ss-n086\NMML_Polar_Imagery_4\Surveys_IceSeals_2025\fl223\images_30deg_N68RF\center_view\ice_seals_2025_fl223_C_20250514_001924.811395_rgb.jpg,5830,4749,1783,4974,2006,1,-1,false_positive,1
391,\\akc0ss-n086\NMML_Polar_Imagery_4\Surveys_IceSeals_2025\fl223\images_30deg_N68RF\center_view\ice_seals_2025_fl223_C_20250514_001925.885566_rgb.jpg,5831,3663,4185,3834,4390,1,-1,false_positive,1
392,\\akc0ss-n086\NMML_Polar_Imagery_4\Surveys_IceSeals_2025\fl223\images_30deg_N68RF\center_view\ice_seals_2025_fl223_C_20250514_001926.959271_rgb.jpg,5832,7450,5347,7647,5577,1,-1,false_positive,1
393,\\akc0ss-n086\NMML_Polar_Imagery_4\Surveys_IceSeals_2025\fl223\images_30deg_N68RF\center_view\ice_seals_2025_fl223_C_20250514_001937.701641_rgb.jpg,5842,9478,3603,9688,3847,1,-1,false_positive,1
394,\\akc0ss-n086\NMML_Polar_Imagery_4\Surveys_IceSeals_2025\fl223\images_30deg_N68RF\center_view\ice_seals_2025_fl223_C_20250514_001943.079570_rgb.jpg,5847,8006,7822,8199,8024,1,-1,false_positive,1
395,\\akc0ss-n086\NMML_Polar_Imagery_4\Surveys_IceSeals_2025\fl223\images_30deg_N68RF\center_view\ice_seals_2025_fl223_C_20250514_001948.456903_rgb.jpg,5852,6671,2940,6988,3155,1,-1,false_positive,1
396,\\akc0ss-n086\NMML_Polar_Imagery_4\Surveys_IceSeals_2025\fl223\images_30deg_N68RF\center_view\ice_seals_2025_fl223_C_20250514_001948.456903_rgb.jpg,5852,6681,2908,7046,3145,1,-1,false_positive,1
397,\\akc0ss-n086\NMML_Polar_Imagery_4\Surveys_IceSeals_2025\fl223\images_30deg_N68RF\center_view\ice_seals_2025_fl223_C_20250514_002001.367146_rgb.jpg,5864,7893,8940,8067,9135,1,-1,bearded_seal,1,(trk-atr) age_class nonpup,(trk-atr) age_class_confidence positive,(trk-atr) species_confidence positive
398,\\akc0ss-n086\NMML_Polar_Imagery_4\Surveys_IceSeals_2025\fl223\images_30deg_N68RF\center_view\ice_seals_2025_fl223_C_20250514_002013.196383_rgb.jpg,5875,8892,7261,9095,7424,1,-1,false_positive,1
399,\\akc0ss-n086\NMML_Polar_Imagery_4\Surveys_IceSeals_2025\fl223\images_30deg_N68RF\center_view\ice_seals_2025_fl223_C_20250514_002013.196383_rgb.jpg,5875,8910,7481,9090,7685,1,-1,false_positive,1
400,\\akc0ss-n086\NMML_Polar_Imagery_4\Surveys_IceSeals_2025\fl223\images_30deg_N68RF\center_view\ice_seals_2025_fl223_C_20250514_002014.279031_rgb.jpg,5876,4095,5447,4293,5682,1,-1,false_positive,1
401,\\akc0ss-n086\NMML_Polar_Imagery_4\Surveys_IceSeals_2025\fl223\images_30deg_N68RF\center_view\ice_seals_2025_fl223_C_20250514_002021.823894_rgb.jpg,5883,4946,2402,5169,2617,1,-1,false_positive,1
402,\\akc0ss-n086\NMML_Polar_Imagery_4\Surveys_IceSeals_2025\fl223\images_30deg_N68RF\center_view\ice_seals_2025_fl223_C_20250514_002022.901281_rgb.jpg,5884,2911,3462,3143,3679,1,-1,false_positive,1
403,\\akc0ss-n086\NMML_Polar_Imagery_4\Surveys_IceSeals_2025\fl223\images_30deg_N68RF\center_view\ice_seals_2025_fl223_C_20250514_002025.059917_rgb.jpg,5886,-72,6763,125,6937,1,-1,false_positive,1
404,\\akc0ss-n086\NMML_Polar_Imagery_4\Surveys_IceSeals_2025\fl223\images_30deg_N68RF\center_view\ice_seals_2025_fl223_C_20250514_002031.524055_rgb.jpg,5892,646,5747,891,5930,1,-1,false_positive,1
405,\\akc0ss-n086\NMML_Polar_Imagery_4\Surveys_IceSeals_2025\fl223\images_30deg_N68RF\center_view\ice_seals_2025_fl223_C_20250514_002032.601123_rgb.jpg,5893,7043,6330,7236,6596,1,-1,false_positive,1
406,\\akc0ss-n086\NMML_Polar_Imagery_4\Surveys_IceSeals_2025\fl223\images_30deg_N68RF\center_view\ice_seals_2025_fl223_C_20250514_002034.757097_rgb.jpg,5895,5395,6885,5600,7154,1,-1,false_positive,1
407,\\akc0ss-n086\NMML_Polar_Imagery_4\Surveys_IceSeals_2025\fl223\images_30deg_N68RF\center_view\ice_seals_2025_fl223_C_20250514_002041.229218_rgb.jpg,5901,3844,8766,4073,8970,1,-1,false_positive,1
408,\\akc0ss-n086\NMML_Polar_Imagery_4\Surveys_IceSeals_2025\fl223\images_30deg_N68RF\center_view\ice_seals_2025_fl223_C_20250514_002158.606666_rgb.jpg,5910,4770,4818,4959,4989,1,-1,false_positive,1
409,\\akc0ss-n086\NMML_Polar_Imagery_4\Surveys_IceSeals_2025\fl223\images_30deg_N68RF\center_view\ice_seals_2025_fl223_C_20250514_002202.902035_rgb.jpg,5914,882,7596,1083,7779,1,-1,false_positive,1
410,\\akc0ss-n086\NMML_Polar_Imagery_4\Surveys_IceSeals_2025\fl223\images_30deg_N68RF\center_view\ice_seals_2025_fl223_C_20250514_002207.197838_rgb.jpg,5918,7156,2124,7355,2411,1,-1,false_positive,1
411,\\akc0ss-n086\NMML_Polar_Imagery_4\Surveys_IceSeals_2025\fl223\images_30deg_N68RF\center_view\ice_seals_2025_fl223_C_20250514_002211.497747_rgb.jpg,5922,1419,1990,1605,2199,1,-1,false_positive,1
412,\\akc0ss-n086\NMML_Polar_Imagery_4\Surveys_IceSeals_2025\fl223\images_30deg_N68RF\center_view\ice_seals_2025_fl223_C_20250514_002220.098140_rgb.jpg,5930,2282,8430,2469,8649,1,-1,false_positive,1
413,\\akc0ss-n086\NMML_Polar_Imagery_4\Surveys_IceSeals_2025\fl223\images_30deg_N68RF\center_view\ice_seals_2025_fl223_C_20250514_002222.248177_rgb.jpg,5932,7114,1317,7332,1586,1,-1,false_positive,1
414,\\akc0ss-n086\NMML_Polar_Imagery_4\Surveys_IceSeals_2025\fl223\images_30deg_N68RF\center_view\ice_seals_2025_fl223_C_20250514_002222.248177_rgb.jpg,5932,9464,1250,9638,1450,1,-1,false_positive,1
415,\\akc0ss-n086\NMML_Polar_Imagery_4\Surveys_IceSeals_2025\fl223\images_30deg_N68RF\center_view\ice_seals_2025_fl223_C_20250514_002223.323400_rgb.jpg,5933,6703,10407,6923,10537,1,-1,off_frame,1
416,\\akc0ss-n086\NMML_Polar_Imagery_4\Surveys_IceSeals_2025\fl223\images_30deg_N68RF\center_view\ice_seals_2025_fl223_C_20250514_002224.398607_rgb.jpg,5934,11206,7833,11398,8016,1,-1,false_positive,1
417,\\akc0ss-n086\NMML_Polar_Imagery_4\Surveys_IceSeals_2025\fl223\images_30deg_N68RF\center_view\ice_seals_2025_fl223_C_20250514_002228.699994_rgb.jpg,5938,5941,9257,6283,9446,1,-1,false_positive,1
418,\\akc0ss-n086\NMML_Polar_Imagery_4\Surveys_IceSeals_2025\fl223\images_30deg_N68RF\center_view\ice_seals_2025_fl223_C_20250514_002229.775022_rgb.jpg,5939,2067,9324,2348,9526,1,-1,false_positive,1
419,\\akc0ss-n086\NMML_Polar_Imagery_4\Surveys_IceSeals_2025\fl223\images_30deg_N68RF\center_view\ice_seals_2025_fl223_C_20250514_002230.850388_rgb.jpg,5940,11851,9951,12084,10130,1,-1,off_frame,1
420,\\akc0ss-n086\NMML_Polar_Imagery_4\Surveys_IceSeals_2025\fl223\images_30deg_N68RF\center_view\ice_seals_2025_fl223_C_20250514_002235.155715_rgb.jpg,5944,10809,6044,11054,6244,1,-1,false_positive,1
421,\\akc0ss-n086\NMML_Polar_Imagery_4\Surveys_IceSeals_2025\fl223\images_30deg_N68RF\center_view\ice_seals_2025_fl223_C_20250514_002235.155715_rgb.jpg,5944,10644,5516,10872,5726,1,-1,false_positive,1
422,\\akc0ss-n086\NMML_Polar_Imagery_4\Surveys_IceSeals_2025\fl223\images_30deg_N68RF\center_view\ice_seals_2025_fl223_C_20250514_002236.232321_rgb.jpg,5945,3135,9836,3378,10026,1,-1,off_frame,1
423,\\akc0ss-n086\NMML_Polar_Imagery_4\Surveys_IceSeals_2025\fl223\images_30deg_N68RF\center_view\ice_seals_2025_fl223_C_20250514_002237.308669_rgb.jpg,5946,10153,5703,10354,5959,1,-1,false_positive,1
424,\\akc0ss-n086\NMML_Polar_Imagery_4\Surveys_IceSeals_2025\fl223\images_30deg_N68RF\center_view\ice_seals_2025_fl223_C_20250514_002239.459300_rgb.jpg,5948,8300,3859,8506,4056,1,-1,false_positive,1
425,\\akc0ss-n086\NMML_Polar_Imagery_4\Surveys_IceSeals_2025\fl223\images_30deg_N68RF\center_view\ice_seals_2025_fl223_C_20250514_002240.533710_rgb.jpg,5949,7011,6948,7212,7257,1,-1,false_positive,1
426,\\akc0ss-n086\NMML_Polar_Imagery_4\Surveys_IceSeals_2025\fl223\images_30deg_N68RF\center_view\ice_seals_2025_fl223_C_20250514_002240.533710_rgb.jpg,5949,9996,8283,10235,8476,1,-1,false_positive,1
427,\\akc0ss-n086\NMML_Polar_Imagery_4\Surveys_IceSeals_2025\fl223\images_30deg_N68RF\center_view\ice_seals_2025_fl223_C_20250514_002241.607214_rgb.jpg,5950,1867,1767,2052,1992,1,-1,false_positive,1
428,\\akc0ss-n086\NMML_Polar_Imagery_4\Surveys_IceSeals_2025\fl223\images_30deg_N68RF\center_view\ice_seals_2025_fl223_C_20250514_002242.680562_rgb.jpg,5951,11198,4064,11386,4284,1,-1,false_positive,1
429,\\akc0ss-n086\NMML_Polar_Imagery_4\Surveys_IceSeals_2025\fl223\images_30deg_N68RF\center_view\ice_seals_2025_fl223_C_20250514_002243.753892_rgb.jpg,5952,3308,9471,3497,9657,1,-1,false_positive,1
430,\\akc0ss-n086\NMML_Polar_Imagery_4\Surveys_IceSeals_2025\fl223\images_30deg_N68RF\center_view\ice_seals_2025_fl223_C_20250514_002244.831037_rgb.jpg,5953,1808,1412,2031,1614,1,-1,false_positive,1
431,\\akc0ss-n086\NMML_Polar_Imagery_4\Surveys_IceSeals_2025\fl223\images_30deg_N68RF\center_view\ice_seals_2025_fl223_C_20250514_002249.126682_rgb.jpg,5957,3507,2768,3720,2968,1,-1,false_positive,1
432,\\akc0ss-n086\NMML_Polar_Imagery_4\Surveys_IceSeals_2025\fl223\images_30deg_N68RF\center_view\ice_seals_2025_fl223_C_20250514_002253.424331_rgb.jpg,5961,5744,4287,5979,4474,1,-1,false_positive,1
433,\\akc0ss-n086\NMML_Polar_Imagery_4\Surveys_IceSeals_2025\fl223\images_30deg_N68RF\center_view\ice_seals_2025_fl223_C_20250514_002304.176076_rgb.jpg,5971,10248,3400,10479,3705,1,-1,false_positive,1
434,\\akc0ss-n086\NMML_Polar_Imagery_4\Surveys_IceSeals_2025\fl223\images_30deg_N68RF\center_view\ice_seals_2025_fl223_C_20250514_002308.473524_rgb.jpg,5975,6513,8814,6715,9009,1,-1,false_positive,1
435,\\akc0ss-n086\NMML_Polar_Imagery_4\Surveys_IceSeals_2025\fl223\images_30deg_N68RF\center_view\ice_seals_2025_fl223_C_20250514_002315.994054_rgb.jpg,5982,6512,5227,6624,5268,1,-1,ringed_seal,1,(trk-atr) age_class nonpup,(trk-atr) age_class_confidence positive,(trk-atr) species_confidence positive
436,\\akc0ss-n086\NMML_Polar_Imagery_4\Surveys_IceSeals_2025\fl223\images_30deg_N68RF\center_view\ice_seals_2025_fl223_C_20250514_002321.363305_rgb.jpg,5987,9520,6531,9771,6743,1,-1,false_positive,1
437,\\akc0ss-n086\NMML_Polar_Imagery_4\Surveys_IceSeals_2025\fl223\images_30deg_N68RF\center_view\ice_seals_2025_fl223_C_20250514_002328.885013_rgb.jpg,5994,6561,7300,6781,7638,1,-1,false_positive,1
438,\\akc0ss-n086\NMML_Polar_Imagery_4\Surveys_IceSeals_2025\fl223\images_30deg_N68RF\center_view\ice_seals_2025_fl223_C_20250514_002342.835402_rgb.jpg,6007,4365,837,4693,1075,1,-1,false_positive,1
439,\\akc0ss-n086\NMML_Polar_Imagery_4\Surveys_IceSeals_2025\fl223\images_30deg_N68RF\center_view\ice_seals_2025_fl223_C_20250514_002343.909966_rgb.jpg,6008,4060,9901,4376,10153,1,-1,off_frame,1
440,\\akc0ss-n086\NMML_Polar_Imagery_4\Surveys_IceSeals_2025\fl223\images_30deg_N68RF\center_view\ice_seals_2025_fl223_C_20250514_002343.909966_rgb.jpg,6008,11736,3993,11960,4213,1,-1,false_positive,1
441,\\akc0ss-n086\NMML_Polar_Imagery_4\Surveys_IceSeals_2025\fl223\images_30deg_N68RF\center_view\ice_seals_2025_fl223_C_20250514_002401.127656_rgb.jpg,6024,9691,2890,9894,3093,1,-1,false_positive,1
442,\\akc0ss-n086\NMML_Polar_Imagery_4\Surveys_IceSeals_2025\fl223\images_30deg_N68RF\center_view\ice_seals_2025_fl223_C_20250514_002401.127656_rgb.jpg,6024,5237,3420,5423,3650,1,-1,false_positive,1
443,\\akc0ss-n086\NMML_Polar_Imagery_4\Surveys_IceSeals_2025\fl223\images_30deg_N68RF\center_view\ice_seals_2025_fl223_C_20250514_002402.204963_rgb.jpg,6025,5800,888,6018,1095,1,-1,false_positive,1
444,\\akc0ss-n086\NMML_Polar_Imagery_4\Surveys_IceSeals_2025\fl223\images_30deg_N68RF\center_view\ice_seals_2025_fl223_C_20250514_002403.282248_rgb.jpg,6026,9698,7575,9892,7783,1,-1,false_positive,1
445,\\akc0ss-n086\NMML_Polar_Imagery_4\Surveys_IceSeals_2025\fl223\images_30deg_N68RF\center_view\ice_seals_2025_fl223_C_20250514_002403.282248_rgb.jpg,6026,5479,10048,5673,10231,1,-1,off_frame,1
446,\\akc0ss-n086\NMML_Polar_Imagery_4\Surveys_IceSeals_2025\fl223\images_30deg_N68RF\center_view\ice_seals_2025_fl223_C_20250514_002416.166369_rgb.jpg,6038,7107,6676,7314,6965,1,-1,false_positive,1
447,\\akc0ss-n086\NMML_Polar_Imagery_4\Surveys_IceSeals_2025\fl223\images_30deg_N68RF\center_view\ice_seals_2025_fl223_C_20250514_002439.858300_rgb.jpg,6060,5374,5834,5586,6024,1,-1,false_positive,1
448,\\akc0ss-n086\NMML_Polar_Imagery_4\Surveys_IceSeals_2025\fl223\images_30deg_N68RF\center_view\ice_seals_2025_fl223_C_20250514_002445.255532_rgb.jpg,6065,6672,3890,6922,4114,1,-1,false_positive,1
449,\\akc0ss-n086\NMML_Polar_Imagery_4\Surveys_IceSeals_2025\fl223\images_30deg_N68RF\center_view\ice_seals_2025_fl223_C_20250514_002446.335521_rgb.jpg,6066,8387,4081,8557,4246,1,-1,false_positive,1
450,\\akc0ss-n086\NMML_Polar_Imagery_4\Surveys_IceSeals_2025\fl223\images_30deg_N68RF\center_view\ice_seals_2025_fl223_C_20250514_002523.121933_rgb.jpg,6100,11598,4697,11761,4871,1,-1,false_positive,1
451,\\akc0ss-n086\NMML_Polar_Imagery_4\Surveys_IceSeals_2025\fl223\images_30deg_N68RF\center_view\ice_seals_2025_fl223_C_20250514_002553.420866_rgb.jpg,6128,11569,6158,11671,6228,1,-1,ringed_seal,1,(trk-atr) age_class nonpup,(trk-atr) age_class_confidence positive,(trk-atr) species_confidence positive
452,\\akc0ss-n086\NMML_Polar_Imagery_4\Surveys_IceSeals_2025\fl223\images_30deg_N68RF\center_view\ice_seals_2025_fl223_C_20250514_002554.501987_rgb.jpg,6129,2570,5990,2778,6249,1,-1,false_positive,1
453,\\akc0ss-n086\NMML_Polar_Imagery_4\Surveys_IceSeals_2025\fl223\images_30deg_N68RF\center_view\ice_seals_2025_fl223_C_20250514_002613.925992_rgb.jpg,6147,1026,622,1128,697,1,-1,ringed_seal,1,(trk-atr) age_class nonpup,(trk-atr) age_class_confidence positive,(trk-atr) species_confidence positive
454,\\akc0ss-n086\NMML_Polar_Imagery_4\Surveys_IceSeals_2025\fl223\images_30deg_N68RF\center_view\ice_seals_2025_fl223_C_20250514_002615.003801_rgb.jpg,6148,5861,6230,5947,6302,1,-1,ringed_seal,1,(trk-atr) age_class nonpup,(trk-atr) age_class_confidence positive,(trk-atr) species_confidence positive
455,\\akc0ss-n086\NMML_Polar_Imagery_4\Surveys_IceSeals_2025\fl223\images_30deg_N68RF\center_view\ice_seals_2025_fl223_C_20250514_002620.393672_rgb.jpg,6153,9817,2963,10012,3204,1,-1,false_positive,1
456,\\akc0ss-n086\NMML_Polar_Imagery_4\Surveys_IceSeals_2025\fl223\images_30deg_N68RF\center_view\ice_seals_2025_fl223_C_20250514_002639.773176_rgb.jpg,6171,10224,2153,10411,2340,1,-1,false_positive,1
457,\\akc0ss-n086\NMML_Polar_Imagery_4\Surveys_IceSeals_2025\fl223\images_30deg_N68RF\center_view\ice_seals_2025_fl223_C_20250514_002812.612958_rgb.jpg,6258,2371,2239,2600,2452,1,-1,false_positive,1
458,\\akc0ss-n086\NMML_Polar_Imagery_4\Surveys_IceSeals_2025\fl223\images_30deg_N68RF\center_view\ice_seals_2025_fl223_C_20250514_002826.402028_rgb.jpg,6271,4509,5914,4693,6164,1,-1,false_positive,1
459,\\akc0ss-n086\NMML_Polar_Imagery_4\Surveys_IceSeals_2025\fl223\images_30deg_N68RF\center_view\ice_seals_2025_fl223_C_20250514_002835.923865_rgb.jpg,6280,1233,2857,1475,3104,1,-1,false_positive,1
460,\\akc0ss-n086\NMML_Polar_Imagery_4\Surveys_IceSeals_2025\fl223\images_30deg_N68RF\center_view\ice_seals_2025_fl223_C_20250514_002835.923865_rgb.jpg,6280,1200,2811,1511,3130,1,-1,false_positive,1
461,\\akc0ss-n086\NMML_Polar_Imagery_4\Surveys_IceSeals_2025\fl223\images_30deg_N68RF\center_view\ice_seals_2025_fl223_C_20250514_002846.505713_rgb.jpg,6290,4378,7120,4558,7313,1,-1,false_positive,1
462,\\akc0ss-n086\NMML_Polar_Imagery_4\Surveys_IceSeals_2025\fl223\images_30deg_N68RF\center_view\ice_seals_2025_fl223_C_20250514_002856.031572_rgb.jpg,6299,7657,5502,7886,5681,1,-1,false_positive,1
463,\\akc0ss-n086\NMML_Polar_Imagery_4\Surveys_IceSeals_2025\fl223\images_30deg_N68RF\center_view\ice_seals_2025_fl223_C_20250514_002857.090097_rgb.jpg,6300,5617,7295,5824,7552,1,-1,false_positive,1
464,\\akc0ss-n086\NMML_Polar_Imagery_4\Surveys_IceSeals_2025\fl223\images_30deg_N68RF\center_view\ice_seals_2025_fl223_C_20250514_002904.503467_rgb.jpg,6307,7666,1109,7888,1225,1,-1,bearded_seal,1,(trk-atr) age_class nonpup,(trk-atr) age_class_confidence positive,(trk-atr) species_confidence positive
465,\\akc0ss-n086\NMML_Polar_Imagery_4\Surveys_IceSeals_2025\fl223\images_30deg_N68RF\center_view\ice_seals_2025_fl223_C_20250514_002905.562212_rgb.jpg,6308,7374,10208,7666,10409,1,-1,off_frame,1
466,\\akc0ss-n086\NMML_Polar_Imagery_4\Surveys_IceSeals_2025\fl223\images_30deg_N68RF\center_view\ice_seals_2025_fl223_C_20250514_002906.626862_rgb.jpg,6309,11795,8322,12054,8508,1,-1,false_positive,1
467,\\akc0ss-n086\NMML_Polar_Imagery_4\Surveys_IceSeals_2025\fl223\images_30deg_N68RF\center_view\ice_seals_2025_fl223_C_20250514_002907.679344_rgb.jpg,6310,5561,6624,5763,6823,1,-1,false_positive,1
468,\\akc0ss-n086\NMML_Polar_Imagery_4\Surveys_IceSeals_2025\fl223\images_30deg_N68RF\center_view\ice_seals_2025_fl223_C_20250514_002911.904114_rgb.jpg,6314,9779,754,10005,914,1,-1,false_positive,1
469,\\akc0ss-n086\NMML_Polar_Imagery_4\Surveys_IceSeals_2025\fl223\images_30deg_N68RF\center_view\ice_seals_2025_fl223_C_20250514_002912.959702_rgb.jpg,6315,9453,9857,9667,10031,1,-1,off_frame,1
470,\\akc0ss-n086\NMML_Polar_Imagery_4\Surveys_IceSeals_2025\fl223\images_30deg_N68RF\center_view\ice_seals_2025_fl223_C_20250514_002931.999018_rgb.jpg,6333,2213,3896,2476,4132,1,-1,false_positive,1
471,\\akc0ss-n086\NMML_Polar_Imagery_4\Surveys_IceSeals_2025\fl223\images_30deg_N68RF\center_view\ice_seals_2025_fl223_C_20250514_003030.176528_rgb.jpg,6388,4740,5218,4813,5330,1,-1,ringed_seal,1,(trk-atr) age_class nonpup,(trk-atr) age_class_confidence positive,(trk-atr) species_confidence positive
472,\\akc0ss-n086\NMML_Polar_Imagery_4\Surveys_IceSeals_2025\fl223\images_30deg_N68RF\center_view\ice_seals_2025_fl223_C_20250514_003118.746031_rgb.jpg,6434,3415,1299,3655,1520,1,-1,false_positive,1
473,\\akc0ss-n086\NMML_Polar_Imagery_4\Surveys_IceSeals_2025\fl223\images_30deg_N68RF\center_view\ice_seals_2025_fl223_C_20250514_004409.200278_rgb.jpg,6682,1810,4159,1999,4329,1,-1,false_positive,1
474,\\akc0ss-n086\NMML_Polar_Imagery_4\Surveys_IceSeals_2025\fl223\images_30deg_N68RF\center_view\ice_seals_2025_fl223_C_20250514_004451.408767_rgb.jpg,6720,9147,8915,9355,9148,1,-1,false_positive,1
475,\\akc0ss-n086\NMML_Polar_Imagery_4\Surveys_IceSeals_2025\fl223\images_30deg_N68RF\center_view\ice_seals_2025_fl223_C_20250514_004452.520855_rgb.jpg,6721,2561,9255,2652,9336,1,-1,ringed_seal,1,(trk-atr) age_class nonpup,(trk-atr) age_class_confidence positive,(trk-atr) species_confidence positive
476,\\akc0ss-n086\NMML_Polar_Imagery_4\Surveys_IceSeals_2025\fl223\images_30deg_N68RF\center_view\ice_seals_2025_fl223_C_20250514_004456.972162_rgb.jpg,6725,2916,6612,3084,6789,1,-1,false_positive,1
477,\\akc0ss-n086\NMML_Polar_Imagery_4\Surveys_IceSeals_2025\fl223\images_30deg_N68RF\center_view\ice_seals_2025_fl223_C_20250514_004545.070733_rgb.jpg,6768,7342,3416,7421,3656,1,-1,bearded_seal,1,(trk-atr) age_class nonpup,(trk-atr) age_class_confidence positive,(trk-atr) species_confidence positive
478,\\akc0ss-n086\NMML_Polar_Imagery_4\Surveys_IceSeals_2025\fl223\images_30deg_N68RF\center_view\ice_seals_2025_fl223_C_20250514_004554.064009_rgb.jpg,6776,6929,6223,7116,6400,1,-1,false_positive,1
479,\\akc0ss-n086\NMML_Polar_Imagery_4\Surveys_IceSeals_2025\fl223\images_30deg_N68RF\center_view\ice_seals_2025_fl223_C_20250514_004557.436307_rgb.jpg,6779,2030,8594,2265,8845,1,-1,false_positive,1
480,\\akc0ss-n086\NMML_Polar_Imagery_4\Surveys_IceSeals_2025\fl223\images_30deg_N68RF\center_view\ice_seals_2025_fl223_C_20250514_004617.708499_rgb.jpg,6797,10186,5582,10369,5765,1,-1,false_positive,1
481,\\akc0ss-n086\NMML_Polar_Imagery_4\Surveys_IceSeals_2025\fl223\images_30deg_N68RF\center_view\ice_seals_2025_fl223_C_20250514_004617.708499_rgb.jpg,6797,7276,6732,7444,6901,1,-1,false_positive,1
482,\\akc0ss-n086\NMML_Polar_Imagery_4\Surveys_IceSeals_2025\fl223\images_30deg_N68RF\center_view\ice_seals_2025_fl223_C_20250514_004618.836306_rgb.jpg,6798,11013,8132,11211,8327,1,-1,false_positive,1
483,\\akc0ss-n086\NMML_Polar_Imagery_4\Surveys_IceSeals_2025\fl223\images_30deg_N68RF\center_view\ice_seals_2025_fl223_C_20250514_004622.218729_rgb.jpg,6801,3998,1942,4182,2190,1,-1,false_positive,1
484,\\akc0ss-n086\NMML_Polar_Imagery_4\Surveys_IceSeals_2025\fl223\images_30deg_N68RF\center_view\ice_seals_2025_fl223_C_20250514_004623.346075_rgb.jpg,6802,1492,9271,1704,9490,1,-1,false_positive,1
485,\\akc0ss-n086\NMML_Polar_Imagery_4\Surveys_IceSeals_2025\fl223\images_30deg_N68RF\center_view\ice_seals_2025_fl223_C_20250514_004633.511198_rgb.jpg,6811,-163,1739,-25,2029,1,-1,off_frame,1
486,\\akc0ss-n086\NMML_Polar_Imagery_4\Surveys_IceSeals_2025\fl223\images_30deg_N68RF\center_view\ice_seals_2025_fl223_C_20250514_004642.561340_rgb.jpg,6819,9883,5459,9938,5502,1,-1,ringed_seal,1,(trk-atr) age_class nonpup,(trk-atr) age_class_confidence likely,(trk-atr) species_confidence guess
487,\\akc0ss-n086\NMML_Polar_Imagery_4\Surveys_IceSeals_2025\fl223\images_30deg_N68RF\center_view\ice_seals_2025_fl223_C_20250514_004643.693903_rgb.jpg,6820,8691,6759,8919,7034,1,-1,false_positive,1
488,\\akc0ss-n086\NMML_Polar_Imagery_4\Surveys_IceSeals_2025\fl223\images_30deg_N68RF\center_view\ice_seals_2025_fl223_C_20250514_004643.693903_rgb.jpg,6820,8732,6666,8993,6983,1,-1,false_positive,1
489,\\akc0ss-n086\NMML_Polar_Imagery_4\Surveys_IceSeals_2025\fl223\images_30deg_N68RF\center_view\ice_seals_2025_fl223_C_20250514_004643.693903_rgb.jpg,6820,8774,6662,9021,6948,1,-1,false_positive,1
490,\\akc0ss-n086\NMML_Polar_Imagery_4\Surveys_IceSeals_2025\fl223\images_30deg_N68RF\center_view\ice_seals_2025_fl223_C_20250514_004645.959438_rgb.jpg,6822,613,6451,820,6665,1,-1,false_positive,1
491,\\akc0ss-n086\NMML_Polar_Imagery_4\Surveys_IceSeals_2025\fl223\images_30deg_N68RF\center_view\ice_seals_2025_fl223_C_20250514_004648.223937_rgb.jpg,6824,1624,7547,1894,7739,1,-1,false_positive,1
492,\\akc0ss-n086\NMML_Polar_Imagery_4\Surveys_IceSeals_2025\fl223\images_30deg_N68RF\center_view\ice_seals_2025_fl223_C_20250514_004649.356744_rgb.jpg,6825,8059,4149,8288,4357,1,-1,false_positive,1
493,\\akc0ss-n086\NMML_Polar_Imagery_4\Surveys_IceSeals_2025\fl223\images_30deg_N68RF\center_view\ice_seals_2025_fl223_C_20250514_004650.488887_rgb.jpg,6826,2816,7189,3019,7481,1,-1,false_positive,1
494,\\akc0ss-n086\NMML_Polar_Imagery_4\Surveys_IceSeals_2025\fl223\images_30deg_N68RF\center_view\ice_seals_2025_fl223_C_20250514_004653.884151_rgb.jpg,6829,10275,9093,10463,9327,1,-1,false_positive,1
495,\\akc0ss-n086\NMML_Polar_Imagery_4\Surveys_IceSeals_2025\fl223\images_30deg_N68RF\center_view\ice_seals_2025_fl223_C_20250514_004706.327011_rgb.jpg,6840,457,3555,660,3826,1,-1,false_positive,1
496,\\akc0ss-n086\NMML_Polar_Imagery_4\Surveys_IceSeals_2025\fl223\images_30deg_N68RF\center_view\ice_seals_2025_fl223_C_20250514_004709.718873_rgb.jpg,6843,462,6357,666,6585,1,-1,false_positive,1
497,\\akc0ss-n086\NMML_Polar_Imagery_4\Surveys_IceSeals_2025\fl223\images_30deg_N68RF\center_view\ice_seals_2025_fl223_C_20250514_004714.250641_rgb.jpg,6847,7453,6239,7693,6476,1,-1,false_positive,1
498,\\akc0ss-n086\NMML_Polar_Imagery_4\Surveys_IceSeals_2025\fl223\images_30deg_N68RF\center_view\ice_seals_2025_fl223_C_20250514_004714.250641_rgb.jpg,6847,7430,6217,7715,6510,1,-1,false_positive,1
499,\\akc0ss-n086\NMML_Polar_Imagery_4\Surveys_IceSeals_2025\fl223\images_30deg_N68RF\center_view\ice_seals_2025_fl223_C_20250514_004728.971072_rgb.jpg,6860,6371,7751,6565,7977,1,-1,false_positive,1
500,\\akc0ss-n086\NMML_Polar_Imagery_4\Surveys_IceSeals_2025\fl223\images_30deg_N68RF\center_view\ice_seals_2025_fl223_C_20250514_004735.781897_rgb.jpg,6866,7767,2408,7987,2591,1,-1,false_positive,1
501,\\akc0ss-n086\NMML_Polar_Imagery_4\Surveys_IceSeals_2025\fl223\images_30deg_N68RF\center_view\ice_seals_2025_fl223_C_20250514_004739.189718_rgb.jpg,6869,7255,9275,7442,9465,1,-1,false_positive,1
502,\\akc0ss-n086\NMML_Polar_Imagery_4\Surveys_IceSeals_2025\fl223\images_30deg_N68RF\center_view\ice_seals_2025_fl223_C_20250514_004741.461232_rgb.jpg,6871,2150,6632,2342,6877,1,-1,false_positive,1
503,\\akc0ss-n086\NMML_Polar_Imagery_4\Surveys_IceSeals_2025\fl223\images_30deg_N68RF\center_view\ice_seals_2025_fl223_C_20250514_004746.006663_rgb.jpg,6875,9945,9252,10159,9537,1,-1,false_positive,1
504,\\akc0ss-n086\NMML_Polar_Imagery_4\Surveys_IceSeals_2025\fl223\images_30deg_N68RF\center_view\ice_seals_2025_fl223_C_20250514_004746.006663_rgb.jpg,6875,9223,846,9442,1048,1,-1,false_positive,1
505,\\akc0ss-n086\NMML_Polar_Imagery_4\Surveys_IceSeals_2025\fl223\images_30deg_N68RF\center_view\ice_seals_2025_fl223_C_20250514_004749.425704_rgb.jpg,6878,1249,1202,1399,1401,1,-1,bearded_seal,1,(trk-atr) age_class nonpup,(trk-atr) age_class_confidence positive,(trk-atr) species_confidence positive
506,\\akc0ss-n086\NMML_Polar_Imagery_4\Surveys_IceSeals_2025\fl223\images_30deg_N68RF\center_view\ice_seals_2025_fl223_C_20250514_004750.563751_rgb.jpg,6879,2167,8644,2412,8756,1,-1,bearded_seal,1,(trk-atr) age_class nonpup,(trk-atr) age_class_confidence positive,(trk-atr) species_confidence positive
507,\\akc0ss-n086\NMML_Polar_Imagery_4\Surveys_IceSeals_2025\fl223\images_30deg_N68RF\center_view\ice_seals_2025_fl223_C_20250514_004750.563751_rgb.jpg,6879,1507,10256,1743,10532,1,-1,off_frame,1
508,\\akc0ss-n086\NMML_Polar_Imagery_4\Surveys_IceSeals_2025\fl223\images_30deg_N68RF\center_view\ice_seals_2025_fl223_C_20250514_004751.702480_rgb.jpg,6880,1238,9417,1457,9662,1,-1,false_positive,1
509,\\akc0ss-n086\NMML_Polar_Imagery_4\Surveys_IceSeals_2025\fl223\images_30deg_N68RF\center_view\ice_seals_2025_fl223_C_20250514_004753.979957_rgb.jpg,6882,956,4715,1176,4972,1,-1,false_positive,1
510,\\akc0ss-n086\NMML_Polar_Imagery_4\Surveys_IceSeals_2025\fl223\images_30deg_N68RF\center_view\ice_seals_2025_fl223_C_20250514_004753.979957_rgb.jpg,6882,939,4577,1144,4823,1,-1,false_positive,1
511,\\akc0ss-n086\NMML_Polar_Imagery_4\Surveys_IceSeals_2025\fl223\images_30deg_N68RF\center_view\ice_seals_2025_fl223_C_20250514_004755.119000_rgb.jpg,6883,6797,1922,6977,2139,1,-1,false_positive,1
512,\\akc0ss-n086\NMML_Polar_Imagery_4\Surveys_IceSeals_2025\fl223\images_30deg_N68RF\center_view\ice_seals_2025_fl223_C_20250514_004755.119000_rgb.jpg,6883,8538,5482,8708,5680,1,-1,false_positive,1
513,\\akc0ss-n086\NMML_Polar_Imagery_4\Surveys_IceSeals_2025\fl223\images_30deg_N68RF\center_view\ice_seals_2025_fl223_C_20250514_004837.388375_rgb.jpg,6920,1309,4958,1542,5143,1,-1,false_positive,1
514,\\akc0ss-n086\NMML_Polar_Imagery_4\Surveys_IceSeals_2025\fl223\images_30deg_N68RF\center_view\ice_seals_2025_fl223_C_20250514_004841.967263_rgb.jpg,6924,3810,8562,4018,8871,1,-1,false_positive,1
515,\\akc0ss-n086\NMML_Polar_Imagery_4\Surveys_IceSeals_2025\fl223\images_30deg_N68RF\center_view\ice_seals_2025_fl223_C_20250514_004846.549448_rgb.jpg,6928,1759,1498,1978,1817,1,-1,false_positive,1
516,\\akc0ss-n086\NMML_Polar_Imagery_4\Surveys_IceSeals_2025\fl223\images_30deg_N68RF\center_view\ice_seals_2025_fl223_C_20250514_004854.562342_rgb.jpg,6935,7954,7111,8153,7438,1,-1,false_positive,1
517,\\akc0ss-n086\NMML_Polar_Imagery_4\Surveys_IceSeals_2025\fl223\images_30deg_N68RF\center_view\ice_seals_2025_fl223_C_20250514_004855.705709_rgb.jpg,6936,10759,737,10974,959,1,-1,false_positive,1
518,\\akc0ss-n086\NMML_Polar_Imagery_4\Surveys_IceSeals_2025\fl223\images_30deg_N68RF\center_view\ice_seals_2025_fl223_C_20250514_004901.423064_rgb.jpg,6941,5741,5817,5915,6012,1,-1,false_positive,1
519,\\akc0ss-n086\NMML_Polar_Imagery_4\Surveys_IceSeals_2025\fl223\images_30deg_N68RF\center_view\ice_seals_2025_fl223_C_20250514_004910.570944_rgb.jpg,6949,10316,3258,10459,3437,1,-1,bearded_seal,1,(trk-atr) age_class nonpup,(trk-atr) age_class_confidence positive,(trk-atr) species_confidence positive
520,\\akc0ss-n086\NMML_Polar_Imagery_4\Surveys_IceSeals_2025\fl223\images_30deg_N68RF\center_view\ice_seals_2025_fl223_C_20250514_004910.570944_rgb.jpg,6949,10938,3643,11035,3858,1,-1,bearded_seal,1,(trk-atr) age_class nonpup,(trk-atr) age_class_confidence positive,(trk-atr) species_confidence positive
521,\\akc0ss-n086\NMML_Polar_Imagery_4\Surveys_IceSeals_2025\fl223\images_30deg_N68RF\center_view\ice_seals_2025_fl223_C_20250514_004910.570944_rgb.jpg,6949,10626,3506,10791,3694,1,-1,bearded_seal,1,(trk-atr) age_class nonpup,(trk-atr) age_class_confidence positive,(trk-atr) species_confidence positive
522,\\akc0ss-n086\NMML_Polar_Imagery_4\Surveys_IceSeals_2025\fl223\images_30deg_N68RF\center_view\ice_seals_2025_fl223_C_20250514_004918.563596_rgb.jpg,6956,8584,5996,8807,6207,1,-1,false_positive,1
523,\\akc0ss-n086\NMML_Polar_Imagery_4\Surveys_IceSeals_2025\fl223\images_30deg_N68RF\center_view\ice_seals_2025_fl223_C_20250514_004932.259366_rgb.jpg,6968,7810,8145,7929,8191,1,-1,ringed_seal,1,(trk-atr) age_class nonpup,(trk-atr) age_class_confidence positive,(trk-atr) species_confidence positive
524,\\akc0ss-n086\NMML_Polar_Imagery_4\Surveys_IceSeals_2025\fl223\images_30deg_N68RF\center_view\ice_seals_2025_fl223_C_20250514_004950.487742_rgb.jpg,6984,3064,1575,3410,1840,1,-1,false_positive,1
525,\\akc0ss-n086\NMML_Polar_Imagery_4\Surveys_IceSeals_2025\fl223\images_30deg_N68RF\center_view\ice_seals_2025_fl223_C_20250514_005026.933876_rgb.jpg,7016,4459,9082,4678,9413,1,-1,false_positive,1
526,\\akc0ss-n086\NMML_Polar_Imagery_4\Surveys_IceSeals_2025\fl223\images_30deg_N68RF\center_view\ice_seals_2025_fl223_C_20250514_005030.342617_rgb.jpg,7019,1910,3154,2118,3456,1,-1,false_positive,1
527,\\akc0ss-n086\NMML_Polar_Imagery_4\Surveys_IceSeals_2025\fl223\images_30deg_N68RF\center_view\ice_seals_2025_fl223_C_20250514_005032.614834_rgb.jpg,7021,231,4592,483,4780,1,-1,false_positive,1
528,\\akc0ss-n086\NMML_Polar_Imagery_4\Surveys_IceSeals_2025\fl223\images_30deg_N68RF\center_view\ice_seals_2025_fl223_C_20250514_005032.614834_rgb.jpg,7021,917,4556,1180,4756,1,-1,false_positive,1
529,\\akc0ss-n086\NMML_Polar_Imagery_4\Surveys_IceSeals_2025\fl223\images_30deg_N68RF\center_view\ice_seals_2025_fl223_C_20250514_005033.750519_rgb.jpg,7022,6988,1352,7179,1537,1,-1,false_positive,1
530,\\akc0ss-n086\NMML_Polar_Imagery_4\Surveys_IceSeals_2025\fl223\images_30deg_N68RF\center_view\ice_seals_2025_fl223_C_20250514_005039.426733_rgb.jpg,7027,11340,4712,11552,4928,1,-1,false_positive,1
531,\\akc0ss-n086\NMML_Polar_Imagery_4\Surveys_IceSeals_2025\fl223\images_30deg_N68RF\center_view\ice_seals_2025_fl223_C_20250514_005040.560745_rgb.jpg,7028,-116,4414,-5,4698,1,-1,off_frame,1
532,\\akc0ss-n086\NMML_Polar_Imagery_4\Surveys_IceSeals_2025\fl223\images_30deg_N68RF\center_view\ice_seals_2025_fl223_C_20250514_005157.638295_rgb.jpg,7034,11051,3102,11246,3345,1,-1,false_positive,1
533,\\akc0ss-n086\NMML_Polar_Imagery_4\Surveys_IceSeals_2025\fl223\images_30deg_N68RF\center_view\ice_seals_2025_fl223_C_20250514_005209.002486_rgb.jpg,7044,11105,5227,11343,5471,1,-1,false_positive,1
534,\\akc0ss-n086\NMML_Polar_Imagery_4\Surveys_IceSeals_2025\fl223\images_30deg_N68RF\center_view\ice_seals_2025_fl223_C_20250514_005241.919383_rgb.jpg,7073,10026,3074,10226,3256,1,-1,false_positive,1
535,\\akc0ss-n086\NMML_Polar_Imagery_4\Surveys_IceSeals_2025\fl223\images_30deg_N68RF\center_view\ice_seals_2025_fl223_C_20250514_005243.054245_rgb.jpg,7074,127,7257,322,7506,1,-1,false_positive,1
536,\\akc0ss-n086\NMML_Polar_Imagery_4\Surveys_IceSeals_2025\fl223\images_30deg_N68RF\center_view\ice_seals_2025_fl223_C_20250514_005244.189574_rgb.jpg,7075,2551,4160,2730,4380,1,-1,false_positive,1
537,\\akc0ss-n086\NMML_Polar_Imagery_4\Surveys_IceSeals_2025\fl223\images_30deg_N68RF\center_view\ice_seals_2025_fl223_C_20250514_005244.189574_rgb.jpg,7075,8195,2944,8397,3107,1,-1,false_positive,1
538,\\akc0ss-n086\NMML_Polar_Imagery_4\Surveys_IceSeals_2025\fl223\images_30deg_N68RF\center_view\ice_seals_2025_fl223_C_20250514_005245.325160_rgb.jpg,7076,7394,7138,7607,7327,1,-1,false_positive,1
539,\\akc0ss-n086\NMML_Polar_Imagery_4\Surveys_IceSeals_2025\fl223\images_30deg_N68RF\center_view\ice_seals_2025_fl223_C_20250514_005250.998895_rgb.jpg,7081,5352,2725,5555,2960,1,-1,false_positive,1
540,\\akc0ss-n086\NMML_Polar_Imagery_4\Surveys_IceSeals_2025\fl223\images_30deg_N68RF\center_view\ice_seals_2025_fl223_C_20250514_005257.810384_rgb.jpg,7087,5680,7023,5858,7211,1,-1,false_positive,1
541,\\akc0ss-n086\NMML_Polar_Imagery_4\Surveys_IceSeals_2025\fl223\images_30deg_N68RF\center_view\ice_seals_2025_fl223_C_20250514_005258.945930_rgb.jpg,7088,291,7475,491,7688,1,-1,false_positive,1
542,\\akc0ss-n086\NMML_Polar_Imagery_4\Surveys_IceSeals_2025\fl223\images_30deg_N68RF\center_view\ice_seals_2025_fl223_C_20250514_005258.945930_rgb.jpg,7088,6304,2403,6506,2645,1,-1,false_positive,1
543,\\akc0ss-n086\NMML_Polar_Imagery_4\Surveys_IceSeals_2025\fl223\images_30deg_N68RF\center_view\ice_seals_2025_fl223_C_20250514_005300.081835_rgb.jpg,7089,2543,1251,2750,1457,1,-1,false_positive,1
544,\\akc0ss-n086\NMML_Polar_Imagery_4\Surveys_IceSeals_2025\fl223\images_30deg_N68RF\center_view\ice_seals_2025_fl223_C_20250514_005306.899399_rgb.jpg,7095,770,7637,971,7800,1,-1,false_positive,1
545,\\akc0ss-n086\NMML_Polar_Imagery_4\Surveys_IceSeals_2025\fl223\images_30deg_N68RF\center_view\ice_seals_2025_fl223_C_20250514_005308.036987_rgb.jpg,7096,2531,6988,2713,7300,1,-1,false_positive,1
546,\\akc0ss-n086\NMML_Polar_Imagery_4\Surveys_IceSeals_2025\fl223\images_30deg_N68RF\center_view\ice_seals_2025_fl223_C_20250514_005310.312259_rgb.jpg,7098,7317,1459,7525,1713,1,-1,false_positive,1
547,\\akc0ss-n086\NMML_Polar_Imagery_4\Surveys_IceSeals_2025\fl223\images_30deg_N68RF\center_view\ice_seals_2025_fl223_C_20250514_005320.558166_rgb.jpg,7107,4276,5861,4477,6081,1,-1,false_positive,1
548,\\akc0ss-n086\NMML_Polar_Imagery_4\Surveys_IceSeals_2025\fl223\images_30deg_N68RF\center_view\ice_seals_2025_fl223_C_20250514_005329.668188_rgb.jpg,7115,11364,5523,11575,5815,1,-1,false_positive,1
549,\\akc0ss-n086\NMML_Polar_Imagery_4\Surveys_IceSeals_2025\fl223\images_30deg_N68RF\center_view\ice_seals_2025_fl223_C_20250514_005329.668188_rgb.jpg,7115,2421,7033,2647,7227,1,-1,false_positive,1
550,\\akc0ss-n086\NMML_Polar_Imagery_4\Surveys_IceSeals_2025\fl223\images_30deg_N68RF\center_view\ice_seals_2025_fl223_C_20250514_005330.807852_rgb.jpg,7116,9215,6639,9417,6829,1,-1,false_positive,1
551,\\akc0ss-n086\NMML_Polar_Imagery_4\Surveys_IceSeals_2025\fl223\images_30deg_N68RF\center_view\ice_seals_2025_fl223_C_20250514_005333.089306_rgb.jpg,7118,8687,3305,8874,3496,1,-1,false_positive,1
552,\\akc0ss-n086\NMML_Polar_Imagery_4\Surveys_IceSeals_2025\fl223\images_30deg_N68RF\center_view\ice_seals_2025_fl223_C_20250514_005333.089306_rgb.jpg,7118,9017,3800,9231,4023,1,-1,false_positive,1
553,\\akc0ss-n086\NMML_Polar_Imagery_4\Surveys_IceSeals_2025\fl223\images_30deg_N68RF\center_view\ice_seals_2025_fl223_C_20250514_005334.230734_rgb.jpg,7119,10666,7873,10882,8089,1,-1,false_positive,1
554,\\akc0ss-n086\NMML_Polar_Imagery_4\Surveys_IceSeals_2025\fl223\images_30deg_N68RF\center_view\ice_seals_2025_fl223_C_20250514_005352.491293_rgb.jpg,7135,1580,4551,1809,4728,1,-1,false_positive,1
555,\\akc0ss-n086\NMML_Polar_Imagery_4\Surveys_IceSeals_2025\fl223\images_30deg_N68RF\center_view\ice_seals_2025_fl223_C_20250514_005358.208307_rgb.jpg,7140,741,7073,918,7316,1,-1,false_positive,1
556,\\akc0ss-n086\NMML_Polar_Imagery_4\Surveys_IceSeals_2025\fl223\images_30deg_N68RF\center_view\ice_seals_2025_fl223_C_20250514_005402.783180_rgb.jpg,7144,10374,6265,10489,6328,1,-1,ringed_seal,1,(trk-atr) age_class nonpup,(trk-atr) age_class_confidence positive,(trk-atr) species_confidence positive
557,\\akc0ss-n086\NMML_Polar_Imagery_4\Surveys_IceSeals_2025\fl223\images_30deg_N68RF\center_view\ice_seals_2025_fl223_C_20250514_005402.783180_rgb.jpg,7144,10510,6194,10618,6251,1,-1,ringed_seal,1,(trk-atr) age_class nonpup,(trk-atr) age_class_confidence positive,(trk-atr) species_confidence positive
558,\\akc0ss-n086\NMML_Polar_Imagery_4\Surveys_IceSeals_2025\fl223\images_30deg_N68RF\center_view\ice_seals_2025_fl223_C_20250514_005410.797828_rgb.jpg,7151,3738,5874,3902,6082,1,-1,false_positive,1
559,\\akc0ss-n086\NMML_Polar_Imagery_4\Surveys_IceSeals_2025\fl223\images_30deg_N68RF\center_view\ice_seals_2025_fl223_C_20250514_005416.524064_rgb.jpg,7156,6914,3965,7084,4124,1,-1,false_positive,1
560,\\akc0ss-n086\NMML_Polar_Imagery_4\Surveys_IceSeals_2025\fl223\images_30deg_N68RF\center_view\ice_seals_2025_fl223_C_20250513_234149.586325_rgb.jpg,3784,11175,9203,11261,9245,1,-1,ringed_seal,1,(trk-atr) age_class nonpup,(trk-atr) age_class_confidence positive,(trk-atr) species_confidence positive
