# 1: Detection or Track-id,2: Video or Image Identifier,3: Unique Frame Identifier,4-7: Img-bbox(TL_x,TL_y,BR_x,BR_y),8: Detection or Length Confidence,9: Target Length (0 or -1 if invalid),10-11+: Repeated Species,Confidence Pairs or Attributes
# metadata,fps: 1,"exported_by: ""dive:typescript""","exported_time: ""5/11/2026, 5:47:32 PM"""
1,\\akc0ss-n086\NMML_Polar_Imagery_4\Surveys_IceSeals_2025\fl223\images_30deg_N68RF\right_view\ice_seals_2025_fl223_R_20250513_223200.629457_rgb.jpg,152,3021,5309,3099,5402,1,-1,bearded_seal,1,(trk-atr) age_class nonpup,(trk-atr) age_class_confidence positive,(trk-atr) species_confidence positive
2,\\akc0ss-n086\NMML_Polar_Imagery_4\Surveys_IceSeals_2025\fl223\images_30deg_N68RF\right_view\ice_seals_2025_fl223_R_20250513_224042.082423_rgb.jpg,604,2475,8362,2651,8574,1,-1,false_positive,1
3,\\akc0ss-n086\NMML_Polar_Imagery_4\Surveys_IceSeals_2025\fl223\images_30deg_N68RF\right_view\ice_seals_2025_fl223_R_20250513_224146.695516_rgb.jpg,661,9409,5305,9582,5405,1,-1,bearded_seal,1,(trk-atr) age_class nonpup,(trk-atr) age_class_confidence positive,(trk-atr) species_confidence positive
4,\\akc0ss-n086\NMML_Polar_Imagery_4\Surveys_IceSeals_2025\fl223\images_30deg_N68RF\right_view\ice_seals_2025_fl223_R_20250513_224146.695516_rgb.jpg,661,9396,5232,9658,5438,1,-1,extra_detection,1
5,\\akc0ss-n086\NMML_Polar_Imagery_4\Surveys_IceSeals_2025\fl223\images_30deg_N68RF\right_view\ice_seals_2025_fl223_R_20250513_224234.621467_rgb.jpg,703,5933,714,6123,887,1,-1,false_positive,1
6,\\akc0ss-n086\NMML_Polar_Imagery_4\Surveys_IceSeals_2025\fl223\images_30deg_N68RF\right_view\ice_seals_2025_fl223_R_20250513_224235.767635_rgb.jpg,704,6285,8714,6491,8947,1,-1,false_positive,1
7,\\akc0ss-n086\NMML_Polar_Imagery_4\Surveys_IceSeals_2025\fl223\images_30deg_N68RF\right_view\ice_seals_2025_fl223_R_20250513_224604.755563_rgb.jpg,887,11190,2037,11224,2114,1,-1,ringed_seal,1,(trk-atr) age_class nonpup,(trk-atr) age_class_confidence positive,(trk-atr) species_confidence likely
8,\\akc0ss-n086\NMML_Polar_Imagery_4\Surveys_IceSeals_2025\fl223\images_30deg_N68RF\right_view\ice_seals_2025_fl223_R_20250513_224605.892651_rgb.jpg,888,10608,7678,10643,7750,1,-1,ringed_seal,1,(trk-atr) age_class nonpup,(trk-atr) age_class_confidence positive,(trk-atr) species_confidence positive
9,\\akc0ss-n086\NMML_Polar_Imagery_4\Surveys_IceSeals_2025\fl223\images_30deg_N68RF\right_view\ice_seals_2025_fl223_R_20250513_224605.892651_rgb.jpg,888,11485,9353,11526,9438,1,-1,ringed_seal,1,(trk-atr) age_class nonpup,(trk-atr) age_class_confidence positive,(trk-atr) species_confidence likely
10,\\akc0ss-n086\NMML_Polar_Imagery_4\Surveys_IceSeals_2025\fl223\images_30deg_N68RF\right_view\ice_seals_2025_fl223_R_20250513_224640.969923_rgb.jpg,919,4367,1758,4434,1858,1,-1,ringed_seal,1,(trk-atr) age_class nonpup,(trk-atr) age_class_confidence positive,(trk-atr) species_confidence positive
11,\\akc0ss-n086\NMML_Polar_Imagery_4\Surveys_IceSeals_2025\fl223\images_30deg_N68RF\right_view\ice_seals_2025_fl223_R_20250513_224642.100353_rgb.jpg,920,4584,9869,4750,10057,1,-1,off_frame,1
12,\\akc0ss-n086\NMML_Polar_Imagery_4\Surveys_IceSeals_2025\fl223\images_30deg_N68RF\right_view\ice_seals_2025_fl223_R_20250513_224725.239752_rgb.jpg,958,12622,3200,12731,3358,1,-1,bearded_seal,1,(trk-atr) age_class nonpup,(trk-atr) age_class_confidence positive,(trk-atr) species_confidence positive
13,\\akc0ss-n086\NMML_Polar_Imagery_4\Surveys_IceSeals_2025\fl223\images_30deg_N68RF\right_view\ice_seals_2025_fl223_R_20250513_224726.371680_rgb.jpg,959,12726,10168,12930,10298,1,-1,off_frame,1
14,\\akc0ss-n086\NMML_Polar_Imagery_4\Surveys_IceSeals_2025\fl223\images_30deg_N68RF\right_view\ice_seals_2025_fl223_R_20250513_224818.215675_rgb.jpg,1005,8215,3102,8250,3207,1,-1,ringed_seal,1,(trk-atr) age_class nonpup,(trk-atr) age_class_confidence positive,(trk-atr) species_confidence likely,(trk-atr) flag interesting
15,\\akc0ss-n086\NMML_Polar_Imagery_4\Surveys_IceSeals_2025\fl223\images_30deg_N68RF\right_view\ice_seals_2025_fl223_R_20250513_224852.810384_rgb.jpg,1036,7738,5942,7906,6207,1,-1,false_positive,1
16,\\akc0ss-n086\NMML_Polar_Imagery_4\Surveys_IceSeals_2025\fl223\images_30deg_N68RF\right_view\ice_seals_2025_fl223_R_20250513_224924.968879_rgb.jpg,1065,8185,7283,8349,7523,1,-1,false_positive,1
17,\\akc0ss-n086\NMML_Polar_Imagery_4\Surveys_IceSeals_2025\fl223\images_30deg_N68RF\right_view\ice_seals_2025_fl223_R_20250513_225032.490092_rgb.jpg,1126,8299,8627,8476,8861,1,-1,false_positive,1
18,\\akc0ss-n086\NMML_Polar_Imagery_4\Surveys_IceSeals_2025\fl223\images_30deg_N68RF\right_view\ice_seals_2025_fl223_R_20250513_225210.372127_rgb.jpg,1153,2642,9062,2883,9258,1,-1,false_positive,1
19,\\akc0ss-n086\NMML_Polar_Imagery_4\Surveys_IceSeals_2025\fl223\images_30deg_N68RF\right_view\ice_seals_2025_fl223_R_20250513_225314.138957_rgb.jpg,1211,11594,4688,11668,4758,1,-1,ringed_seal,1,(trk-atr) age_class nonpup,(trk-atr) age_class_confidence positive,(trk-atr) species_confidence positive
20,\\akc0ss-n086\NMML_Polar_Imagery_4\Surveys_IceSeals_2025\fl223\images_30deg_N68RF\right_view\ice_seals_2025_fl223_R_20250513_225423.077317_rgb.jpg,1274,9779,1293,9831,1366,1,-1,ringed_seal,1,(trk-atr) age_class nonpup,(trk-atr) age_class_confidence positive,(trk-atr) species_confidence likely
21,\\akc0ss-n086\NMML_Polar_Imagery_4\Surveys_IceSeals_2025\fl223\images_30deg_N68RF\right_view\ice_seals_2025_fl223_R_20250513_225424.170687_rgb.jpg,1275,10127,8822,10179,8905,1,-1,ringed_seal,1,(trk-atr) age_class nonpup,(trk-atr) age_class_confidence positive,(trk-atr) species_confidence likely
22,\\akc0ss-n086\NMML_Polar_Imagery_4\Surveys_IceSeals_2025\fl223\images_30deg_N68RF\right_view\ice_seals_2025_fl223_R_20250513_225519.756026_rgb.jpg,1326,1055,8167,1245,8367,1,-1,false_positive,1
23,\\akc0ss-n086\NMML_Polar_Imagery_4\Surveys_IceSeals_2025\fl223\images_30deg_N68RF\right_view\ice_seals_2025_fl223_R_20250513_225521.924098_rgb.jpg,1328,6094,3534,6258,3729,1,-1,false_positive,1
24,\\akc0ss-n086\NMML_Polar_Imagery_4\Surveys_IceSeals_2025\fl223\images_30deg_N68RF\right_view\ice_seals_2025_fl223_R_20250513_225612.990992_rgb.jpg,1375,6150,2033,6252,2081,1,-1,ringed_seal,1,(trk-atr) age_class nonpup,(trk-atr) age_class_confidence positive,(trk-atr) species_confidence likely,(trk-atr) flag interesting
25,\\akc0ss-n086\NMML_Polar_Imagery_4\Surveys_IceSeals_2025\fl223\images_30deg_N68RF\right_view\ice_seals_2025_fl223_R_20250513_225614.076458_rgb.jpg,1376,6382,9942,6583,10135,1,-1,off_frame,1
26,\\akc0ss-n086\NMML_Polar_Imagery_4\Surveys_IceSeals_2025\fl223\images_30deg_N68RF\right_view\ice_seals_2025_fl223_R_20250513_225634.628643_rgb.jpg,1395,6578,6943,6627,7034,1,-1,ringed_seal,1,(trk-atr) age_class nonpup,(trk-atr) age_class_confidence positive,(trk-atr) species_confidence likely
27,\\akc0ss-n086\NMML_Polar_Imagery_4\Surveys_IceSeals_2025\fl223\images_30deg_N68RF\right_view\ice_seals_2025_fl223_R_20250513_225636.780837_rgb.jpg,1397,4700,4069,4789,4132,1,-1,ringed_seal,1,(trk-atr) age_class nonpup,(trk-atr) age_class_confidence positive,(trk-atr) species_confidence likely
28,\\akc0ss-n086\NMML_Polar_Imagery_4\Surveys_IceSeals_2025\fl223\images_30deg_N68RF\right_view\ice_seals_2025_fl223_R_20250513_225747.614950_rgb.jpg,1463,7532,4616,7754,4842,1,-1,false_positive,1
29,\\akc0ss-n086\NMML_Polar_Imagery_4\Surveys_IceSeals_2025\fl223\images_30deg_N68RF\right_view\ice_seals_2025_fl223_R_20250513_225748.683716_rgb.jpg,1464,1425,1334,1624,1600,1,-1,false_positive,1
30,\\akc0ss-n086\NMML_Polar_Imagery_4\Surveys_IceSeals_2025\fl223\images_30deg_N68RF\right_view\ice_seals_2025_fl223_R_20250513_225748.683716_rgb.jpg,1464,10716,6915,10929,7136,1,-1,false_positive,1
31,\\akc0ss-n086\NMML_Polar_Imagery_4\Surveys_IceSeals_2025\fl223\images_30deg_N68RF\right_view\ice_seals_2025_fl223_R_20250513_225908.595386_rgb.jpg,1537,3137,1431,3226,1501,1,-1,ringed_seal,1,(trk-atr) age_class nonpup,(trk-atr) age_class_confidence positive,(trk-atr) species_confidence positive
32,\\akc0ss-n086\NMML_Polar_Imagery_4\Surveys_IceSeals_2025\fl223\images_30deg_N68RF\right_view\ice_seals_2025_fl223_R_20250513_225909.712352_rgb.jpg,1538,3568,9728,3769,9923,1,-1,off_frame,1
33,\\akc0ss-n086\NMML_Polar_Imagery_4\Surveys_IceSeals_2025\fl223\images_30deg_N68RF\right_view\ice_seals_2025_fl223_R_20250513_230059.540608_rgb.jpg,1636,6094,1342,6176,1384,1,-1,ringed_seal,1,(trk-atr) age_class nonpup,(trk-atr) age_class_confidence positive,(trk-atr) species_confidence positive
34,\\akc0ss-n086\NMML_Polar_Imagery_4\Surveys_IceSeals_2025\fl223\images_30deg_N68RF\right_view\ice_seals_2025_fl223_R_20250513_230100.662072_rgb.jpg,1637,6481,9374,6570,9418,1,-1,ringed_seal,1,(trk-atr) age_class nonpup,(trk-atr) age_class_confidence positive,(trk-atr) species_confidence positive
35,\\akc0ss-n086\NMML_Polar_Imagery_4\Surveys_IceSeals_2025\fl223\images_30deg_N68RF\right_view\ice_seals_2025_fl223_R_20250513_230127.436316_rgb.jpg,1661,8529,3466,8744,3644,1,-1,false_positive,1
36,\\akc0ss-n086\NMML_Polar_Imagery_4\Surveys_IceSeals_2025\fl223\images_30deg_N68RF\right_view\ice_seals_2025_fl223_R_20250513_230226.380302_rgb.jpg,1714,7629,7407,7698,7471,1,-1,ringed_seal,1,(trk-atr) age_class nonpup,(trk-atr) age_class_confidence positive,(trk-atr) species_confidence likely
37,\\akc0ss-n086\NMML_Polar_Imagery_4\Surveys_IceSeals_2025\fl223\images_30deg_N68RF\right_view\ice_seals_2025_fl223_R_20250513_230226.380302_rgb.jpg,1714,4729,3394,4793,3475,1,-1,ringed_seal,1,(trk-atr) age_class nonpup,(trk-atr) age_class_confidence positive,(trk-atr) species_confidence likely
38,\\akc0ss-n086\NMML_Polar_Imagery_4\Surveys_IceSeals_2025\fl223\images_30deg_N68RF\right_view\ice_seals_2025_fl223_R_20250513_230250.941593_rgb.jpg,1736,11716,7042,11783,7197,1,-1,bearded_seal,1,(trk-atr) age_class nonpup,(trk-atr) age_class_confidence positive,(trk-atr) species_confidence positive
39,\\akc0ss-n086\NMML_Polar_Imagery_4\Surveys_IceSeals_2025\fl223\images_30deg_N68RF\right_view\ice_seals_2025_fl223_R_20250513_230334.433039_rgb.jpg,1775,8946,3766,9036,3835,1,-1,ringed_seal,1,(trk-atr) age_class nonpup,(trk-atr) age_class_confidence positive,(trk-atr) species_confidence likely
40,\\akc0ss-n086\NMML_Polar_Imagery_4\Surveys_IceSeals_2025\fl223\images_30deg_N68RF\right_view\ice_seals_2025_fl223_R_20250513_230416.950560_rgb.jpg,1813,8820,6232,8897,6278,1,-1,ringed_seal,1,(trk-atr) age_class nonpup,(trk-atr) age_class_confidence likely,(trk-atr) species_confidence likely
41,\\akc0ss-n086\NMML_Polar_Imagery_4\Surveys_IceSeals_2025\fl223\images_30deg_N68RF\right_view\ice_seals_2025_fl223_R_20250513_230428.204488_rgb.jpg,1823,1131,1863,1208,1974,1,-1,ringed_seal,1,(trk-atr) age_class nonpup,(trk-atr) age_class_confidence positive,(trk-atr) species_confidence positive
42,\\akc0ss-n086\NMML_Polar_Imagery_4\Surveys_IceSeals_2025\fl223\images_30deg_N68RF\right_view\ice_seals_2025_fl223_R_20250513_230429.330296_rgb.jpg,1824,1530,10469,1750,10577,1,-1,off_frame,1
43,\\akc0ss-n086\NMML_Polar_Imagery_4\Surveys_IceSeals_2025\fl223\images_30deg_N68RF\right_view\ice_seals_2025_fl223_R_20250513_230439.435659_rgb.jpg,1833,8205,4610,8258,4695,1,-1,ringed_seal,1,(trk-atr) age_class nonpup,(trk-atr) age_class_confidence positive,(trk-atr) species_confidence positive
44,\\akc0ss-n086\NMML_Polar_Imagery_4\Surveys_IceSeals_2025\fl223\images_30deg_N68RF\right_view\ice_seals_2025_fl223_R_20250513_230452.906565_rgb.jpg,1845,8767,1855,8952,2086,1,-1,false_positive,1
45,\\akc0ss-n086\NMML_Polar_Imagery_4\Surveys_IceSeals_2025\fl223\images_30deg_N68RF\right_view\ice_seals_2025_fl223_R_20250513_230454.026732_rgb.jpg,1846,9025,9429,9210,9676,1,-1,false_positive,1
46,\\akc0ss-n086\NMML_Polar_Imagery_4\Surveys_IceSeals_2025\fl223\images_30deg_N68RF\right_view\ice_seals_2025_fl223_R_20250513_230455.145996_rgb.jpg,1847,12103,6267,12257,6346,1,-1,bearded_seal,1,(trk-atr) age_class nonpup,(trk-atr) age_class_confidence positive,(trk-atr) species_confidence likely
47,\\akc0ss-n086\NMML_Polar_Imagery_4\Surveys_IceSeals_2025\fl223\images_30deg_N68RF\right_view\ice_seals_2025_fl223_R_20250513_230556.837235_rgb.jpg,1901,11859,1441,12089,1550,1,-1,bearded_seal,1,(trk-atr) age_class nonpup,(trk-atr) age_class_confidence positive,(trk-atr) species_confidence positive
48,\\akc0ss-n086\NMML_Polar_Imagery_4\Surveys_IceSeals_2025\fl223\images_30deg_N68RF\right_view\ice_seals_2025_fl223_R_20250513_230558.033703_rgb.jpg,1902,11506,9754,11767,9936,1,-1,off_frame,1
49,\\akc0ss-n086\NMML_Polar_Imagery_4\Surveys_IceSeals_2025\fl223\images_30deg_N68RF\right_view\ice_seals_2025_fl223_R_20250513_230601.623408_rgb.jpg,1905,2540,728,2710,906,1,-1,bearded_seal,1,(trk-atr) age_class nonpup,(trk-atr) age_class_confidence positive,(trk-atr) species_confidence positive
50,\\akc0ss-n086\NMML_Polar_Imagery_4\Surveys_IceSeals_2025\fl223\images_30deg_N68RF\right_view\ice_seals_2025_fl223_R_20250513_230602.815733_rgb.jpg,1906,951,9741,1068,9964,1,-1,off_frame,1
51,\\akc0ss-n086\NMML_Polar_Imagery_4\Surveys_IceSeals_2025\fl223\images_30deg_N68RF\right_view\ice_seals_2025_fl223_R_20250513_230659.191500_rgb.jpg,1955,2807,6712,2893,6912,1,-1,bearded_seal,1,(trk-atr) age_class nonpup,(trk-atr) age_class_confidence positive,(trk-atr) species_confidence positive
52,\\akc0ss-n086\NMML_Polar_Imagery_4\Surveys_IceSeals_2025\fl223\images_30deg_N68RF\right_view\ice_seals_2025_fl223_R_20250513_230700.316406_rgb.jpg,1956,1642,3111,1836,3296,1,-1,false_positive,1
53,\\akc0ss-n086\NMML_Polar_Imagery_4\Surveys_IceSeals_2025\fl223\images_30deg_N68RF\right_view\ice_seals_2025_fl223_R_20250513_230752.938055_rgb.jpg,2003,1359,4570,1427,4661,1,-1,ringed_seal,1,(trk-atr) age_class nonpup,(trk-atr) age_class_confidence positive,(trk-atr) species_confidence likely
54,\\akc0ss-n086\NMML_Polar_Imagery_4\Surveys_IceSeals_2025\fl223\images_30deg_N68RF\right_view\ice_seals_2025_fl223_R_20250513_230800.769484_rgb.jpg,2010,8737,5210,8908,5406,1,-1,false_positive,1
55,\\akc0ss-n086\NMML_Polar_Imagery_4\Surveys_IceSeals_2025\fl223\images_30deg_N68RF\right_view\ice_seals_2025_fl223_R_20250513_230810.844402_rgb.jpg,2019,2380,6396,2477,6465,1,-1,ringed_seal,1,(trk-atr) age_class nonpup,(trk-atr) age_class_confidence positive,(trk-atr) species_confidence positive
56,\\akc0ss-n086\NMML_Polar_Imagery_4\Surveys_IceSeals_2025\fl223\images_30deg_N68RF\right_view\ice_seals_2025_fl223_R_20250513_230823.181242_rgb.jpg,2030,10262,3753,10322,3834,1,-1,ringed_seal,1,(trk-atr) age_class nonpup,(trk-atr) age_class_confidence likely,(trk-atr) species_confidence positive
57,\\akc0ss-n086\NMML_Polar_Imagery_4\Surveys_IceSeals_2025\fl223\images_30deg_N68RF\right_view\ice_seals_2025_fl223_R_20250513_230904.742234_rgb.jpg,2067,1113,2602,1167,2717,1,-1,ringed_seal,1,(trk-atr) age_class nonpup,(trk-atr) age_class_confidence positive,(trk-atr) species_confidence positive,(trk-atr) flag interesting
58,\\akc0ss-n086\NMML_Polar_Imagery_4\Surveys_IceSeals_2025\fl223\images_30deg_N68RF\right_view\ice_seals_2025_fl223_R_20250513_231037.761971_rgb.jpg,2149,1095,4573,1315,4994,1,-1,false_positive,1
59,\\akc0ss-n086\NMML_Polar_Imagery_4\Surveys_IceSeals_2025\fl223\images_30deg_N68RF\right_view\ice_seals_2025_fl223_R_20250513_231244.010690_rgb.jpg,2260,10961,4355,11088,4451,1,-1,bearded_seal,1,(trk-atr) age_class nonpup,(trk-atr) age_class_confidence positive,(trk-atr) species_confidence positive
60,\\akc0ss-n086\NMML_Polar_Imagery_4\Surveys_IceSeals_2025\fl223\images_30deg_N68RF\right_view\ice_seals_2025_fl223_R_20250513_231244.010690_rgb.jpg,2260,11318,5635,11431,5778,1,-1,bearded_seal,1,(trk-atr) age_class nonpup,(trk-atr) age_class_confidence positive,(trk-atr) species_confidence positive
61,\\akc0ss-n086\NMML_Polar_Imagery_4\Surveys_IceSeals_2025\fl223\images_30deg_N68RF\right_view\ice_seals_2025_fl223_R_20250513_231249.705323_rgb.jpg,2265,11368,587,11592,770,1,-1,false_positive,1
62,\\akc0ss-n086\NMML_Polar_Imagery_4\Surveys_IceSeals_2025\fl223\images_30deg_N68RF\right_view\ice_seals_2025_fl223_R_20250513_231250.845690_rgb.jpg,2266,11075,7782,11288,7953,1,-1,false_positive,1
63,\\akc0ss-n086\NMML_Polar_Imagery_4\Surveys_IceSeals_2025\fl223\images_30deg_N68RF\right_view\ice_seals_2025_fl223_R_20250513_231338.842649_rgb.jpg,2308,11688,7277,11796,7361,1,-1,bearded_seal,1,(trk-atr) age_class nonpup,(trk-atr) age_class_confidence positive,(trk-atr) species_confidence positive
64,\\akc0ss-n086\NMML_Polar_Imagery_4\Surveys_IceSeals_2025\fl223\images_30deg_N68RF\right_view\ice_seals_2025_fl223_R_20250513_231338.842649_rgb.jpg,2308,13005,7870,13118,8120,1,-1,off_frame,1
65,\\akc0ss-n086\NMML_Polar_Imagery_4\Surveys_IceSeals_2025\fl223\images_30deg_N68RF\right_view\ice_seals_2025_fl223_R_20250513_231406.326740_rgb.jpg,2332,12135,3724,12299,3881,1,-1,false_positive,1
66,\\akc0ss-n086\NMML_Polar_Imagery_4\Surveys_IceSeals_2025\fl223\images_30deg_N68RF\right_view\ice_seals_2025_fl223_R_20250513_231558.008507_rgb.jpg,2430,7317,6598,7477,6695,1,-1,bearded_seal,1,(trk-atr) age_class nonpup,(trk-atr) age_class_confidence positive,(trk-atr) species_confidence positive
67,\\akc0ss-n086\NMML_Polar_Imagery_4\Surveys_IceSeals_2025\fl223\images_30deg_N68RF\right_view\ice_seals_2025_fl223_R_20250513_231558.008507_rgb.jpg,2430,5985,6029,6146,6124,1,-1,bearded_seal,1,(trk-atr) age_class nonpup,(trk-atr) age_class_confidence positive,(trk-atr) species_confidence positive
68,\\akc0ss-n086\NMML_Polar_Imagery_4\Surveys_IceSeals_2025\fl223\images_30deg_N68RF\right_view\ice_seals_2025_fl223_R_20250513_231636.813251_rgb.jpg,2464,4753,3911,4832,3991,1,-1,ringed_seal,1,(trk-atr) age_class nonpup,(trk-atr) age_class_confidence positive,(trk-atr) species_confidence positive
69,\\akc0ss-n086\NMML_Polar_Imagery_4\Surveys_IceSeals_2025\fl223\images_30deg_N68RF\right_view\ice_seals_2025_fl223_R_20250513_231652.775310_rgb.jpg,2478,7994,7242,8085,7284,1,-1,ringed_seal,1,(trk-atr) age_class nonpup,(trk-atr) age_class_confidence positive,(trk-atr) species_confidence positive
70,\\akc0ss-n086\NMML_Polar_Imagery_4\Surveys_IceSeals_2025\fl223\images_30deg_N68RF\right_view\ice_seals_2025_fl223_R_20250513_231744.216305_rgb.jpg,2523,2018,7919,2077,8037,1,-1,ringed_seal,1,(trk-atr) age_class nonpup,(trk-atr) age_class_confidence positive,(trk-atr) species_confidence positive
71,\\akc0ss-n086\NMML_Polar_Imagery_4\Surveys_IceSeals_2025\fl223\images_30deg_N68RF\right_view\ice_seals_2025_fl223_R_20250513_231745.355371_rgb.jpg,2524,6399,6175,6442,6280,1,-1,ringed_seal,1,(trk-atr) age_class nonpup,(trk-atr) age_class_confidence positive,(trk-atr) species_confidence positive
72,\\akc0ss-n086\NMML_Polar_Imagery_4\Surveys_IceSeals_2025\fl223\images_30deg_N68RF\right_view\ice_seals_2025_fl223_R_20250513_231817.295628_rgb.jpg,2552,3217,8629,3289,8813,1,-1,bearded_seal,1,(trk-atr) age_class nonpup,(trk-atr) age_class_confidence positive,(trk-atr) species_confidence positive
73,\\akc0ss-n086\NMML_Polar_Imagery_4\Surveys_IceSeals_2025\fl223\images_30deg_N68RF\right_view\ice_seals_2025_fl223_R_20250513_231905.294608_rgb.jpg,2594,8388,7781,8558,8036,1,-1,false_positive,1
74,\\akc0ss-n086\NMML_Polar_Imagery_4\Surveys_IceSeals_2025\fl223\images_30deg_N68RF\right_view\ice_seals_2025_fl223_R_20250513_232037.637814_rgb.jpg,2675,10714,5943,10912,6131,1,-1,false_positive,1
75,\\akc0ss-n086\NMML_Polar_Imagery_4\Surveys_IceSeals_2025\fl223\images_30deg_N68RF\right_view\ice_seals_2025_fl223_R_20250513_232216.148283_rgb.jpg,2700,5535,1799,5731,2144,1,-1,false_positive,1
76,\\akc0ss-n086\NMML_Polar_Imagery_4\Surveys_IceSeals_2025\fl223\images_30deg_N68RF\right_view\ice_seals_2025_fl223_R_20250513_232421.698942_rgb.jpg,2812,5400,2939,5547,3165,1,-1,false_positive,1
77,\\akc0ss-n086\NMML_Polar_Imagery_4\Surveys_IceSeals_2025\fl223\images_30deg_N68RF\right_view\ice_seals_2025_fl223_R_20250513_232516.032438_rgb.jpg,2861,9230,632,9433,797,1,-1,false_positive,1
78,\\akc0ss-n086\NMML_Polar_Imagery_4\Surveys_IceSeals_2025\fl223\images_30deg_N68RF\right_view\ice_seals_2025_fl223_R_20250513_232548.152412_rgb.jpg,2890,1000,5760,1085,5851,1,-1,ringed_seal,1,(trk-atr) age_class nonpup,(trk-atr) age_class_confidence positive,(trk-atr) species_confidence positive
79,\\akc0ss-n086\NMML_Polar_Imagery_4\Surveys_IceSeals_2025\fl223\images_30deg_N68RF\right_view\ice_seals_2025_fl223_R_20250513_232602.500502_rgb.jpg,2903,1007,835,1233,954,1,-1,false_positive,1
80,\\akc0ss-n086\NMML_Polar_Imagery_4\Surveys_IceSeals_2025\fl223\images_30deg_N68RF\right_view\ice_seals_2025_fl223_R_20250513_232603.601509_rgb.jpg,2904,3335,4973,3378,5040,1,-1,ringed_seal,1,(trk-atr) age_class nonpup,(trk-atr) age_class_confidence positive,(trk-atr) species_confidence likely
81,\\akc0ss-n086\NMML_Polar_Imagery_4\Surveys_IceSeals_2025\fl223\images_30deg_N68RF\right_view\ice_seals_2025_fl223_R_20250513_232628.944444_rgb.jpg,2927,5608,1269,5815,1607,1,-1,false_positive,1
82,\\akc0ss-n086\NMML_Polar_Imagery_4\Surveys_IceSeals_2025\fl223\images_30deg_N68RF\right_view\ice_seals_2025_fl223_R_20250513_232628.944444_rgb.jpg,2927,7924,3708,8122,3976,1,-1,false_positive,1
83,\\akc0ss-n086\NMML_Polar_Imagery_4\Surveys_IceSeals_2025\fl223\images_30deg_N68RF\right_view\ice_seals_2025_fl223_R_20250513_232839.455794_rgb.jpg,3046,8569,1223,8730,1389,1,-1,false_positive,1
84,\\akc0ss-n086\NMML_Polar_Imagery_4\Surveys_IceSeals_2025\fl223\images_30deg_N68RF\right_view\ice_seals_2025_fl223_R_20250513_232839.455794_rgb.jpg,3046,8713,1238,8859,1397,1,-1,false_positive,1
85,\\akc0ss-n086\NMML_Polar_Imagery_4\Surveys_IceSeals_2025\fl223\images_30deg_N68RF\right_view\ice_seals_2025_fl223_R_20250513_232839.455794_rgb.jpg,3046,8851,1385,9002,1572,1,-1,false_positive,1
86,\\akc0ss-n086\NMML_Polar_Imagery_4\Surveys_IceSeals_2025\fl223\images_30deg_N68RF\right_view\ice_seals_2025_fl223_R_20250513_232839.455794_rgb.jpg,3046,8593,1118,8759,1288,1,-1,false_positive,1
87,\\akc0ss-n086\NMML_Polar_Imagery_4\Surveys_IceSeals_2025\fl223\images_30deg_N68RF\right_view\ice_seals_2025_fl223_R_20250513_232843.829518_rgb.jpg,3050,7998,5355,8228,5521,1,-1,false_positive,1
88,\\akc0ss-n086\NMML_Polar_Imagery_4\Surveys_IceSeals_2025\fl223\images_30deg_N68RF\right_view\ice_seals_2025_fl223_R_20250513_233229.258433_rgb.jpg,3257,11543,869,11629,927,1,-1,ringed_seal,1,(trk-atr) age_class nonpup,(trk-atr) age_class_confidence positive,(trk-atr) species_confidence positive
89,\\akc0ss-n086\NMML_Polar_Imagery_4\Surveys_IceSeals_2025\fl223\images_30deg_N68RF\right_view\ice_seals_2025_fl223_R_20250513_233230.335401_rgb.jpg,3258,11420,8055,11507,8117,1,-1,ringed_seal,1,(trk-atr) age_class nonpup,(trk-atr) age_class_confidence positive,(trk-atr) species_confidence positive
90,\\akc0ss-n086\NMML_Polar_Imagery_4\Surveys_IceSeals_2025\fl223\images_30deg_N68RF\right_view\ice_seals_2025_fl223_R_20250513_233236.800924_rgb.jpg,3264,3648,5323,3713,5515,1,-1,bearded_seal,1,(trk-atr) age_class nonpup,(trk-atr) age_class_confidence positive,(trk-atr) species_confidence positive
91,\\akc0ss-n086\NMML_Polar_Imagery_4\Surveys_IceSeals_2025\fl223\images_30deg_N68RF\right_view\ice_seals_2025_fl223_R_20250513_233601.265769_rgb.jpg,3456,6023,7196,6067,7272,1,-1,bearded_seal,1,(trk-atr) age_class nonpup,(trk-atr) age_class_confidence positive,(trk-atr) species_confidence likely
92,\\akc0ss-n086\NMML_Polar_Imagery_4\Surveys_IceSeals_2025\fl223\images_30deg_N68RF\right_view\ice_seals_2025_fl223_R_20250513_233624.750330_rgb.jpg,3478,11396,576,11536,639,1,-1,bearded_seal,1,(trk-atr) age_class nonpup,(trk-atr) age_class_confidence positive,(trk-atr) species_confidence positive
93,\\akc0ss-n086\NMML_Polar_Imagery_4\Surveys_IceSeals_2025\fl223\images_30deg_N68RF\right_view\ice_seals_2025_fl223_R_20250513_233625.806838_rgb.jpg,3479,11617,7623,11758,7694,1,-1,bearded_seal,1,(trk-atr) age_class nonpup,(trk-atr) age_class_confidence positive,(trk-atr) species_confidence positive
94,\\akc0ss-n086\NMML_Polar_Imagery_4\Surveys_IceSeals_2025\fl223\images_30deg_N68RF\right_view\ice_seals_2025_fl223_R_20250513_233631.090873_rgb.jpg,3484,9072,3068,9289,3301,1,-1,false_positive,1
95,\\akc0ss-n086\NMML_Polar_Imagery_4\Surveys_IceSeals_2025\fl223\images_30deg_N68RF\right_view\ice_seals_2025_fl223_R_20250513_233648.083858_rgb.jpg,3500,6430,3273,6676,3481,1,-1,false_positive,1
96,\\akc0ss-n086\NMML_Polar_Imagery_4\Surveys_IceSeals_2025\fl223\images_30deg_N68RF\right_view\ice_seals_2025_fl223_R_20250513_233648.083858_rgb.jpg,3500,6407,3245,6705,3508,1,-1,false_positive,1
97,\\akc0ss-n086\NMML_Polar_Imagery_4\Surveys_IceSeals_2025\fl223\images_30deg_N68RF\right_view\ice_seals_2025_fl223_R_20250513_233847.129931_rgb.jpg,3612,3730,6966,3951,7153,1,-1,false_positive,1
98,\\akc0ss-n086\NMML_Polar_Imagery_4\Surveys_IceSeals_2025\fl223\images_30deg_N68RF\right_view\ice_seals_2025_fl223_R_20250513_233904.122862_rgb.jpg,3628,12686,852,12933,1053,1,-1,off_frame,1
99,\\akc0ss-n086\NMML_Polar_Imagery_4\Surveys_IceSeals_2025\fl223\images_30deg_N68RF\right_view\ice_seals_2025_fl223_R_20250513_233905.184645_rgb.jpg,3629,12691,7877,12777,7939,1,-1,bearded_seal,1,(trk-atr) age_class nonpup,(trk-atr) age_class_confidence positive,(trk-atr) species_confidence positive
100,\\akc0ss-n086\NMML_Polar_Imagery_4\Surveys_IceSeals_2025\fl223\images_30deg_N68RF\right_view\ice_seals_2025_fl223_R_20250513_234131.638036_rgb.jpg,3767,12385,3157,12427,3184,1,-1,ringed_seal,1,(trk-atr) age_class nonpup,(trk-atr) age_class_confidence positive,(trk-atr) species_confidence likely
101,\\akc0ss-n086\NMML_Polar_Imagery_4\Surveys_IceSeals_2025\fl223\images_30deg_N68RF\right_view\ice_seals_2025_fl223_R_20250513_234132.703299_rgb.jpg,3768,12083,9014,12125,9040,1,-1,ringed_seal,1,(trk-atr) age_class nonpup,(trk-atr) age_class_confidence positive,(trk-atr) species_confidence likely
102,\\akc0ss-n086\NMML_Polar_Imagery_4\Surveys_IceSeals_2025\fl223\images_30deg_N68RF\right_view\ice_seals_2025_fl223_R_20250513_234233.936598_rgb.jpg,3827,2412,6505,2493,6590,1,-1,ringed_seal,1,(trk-atr) age_class nonpup,(trk-atr) age_class_confidence positive,(trk-atr) species_confidence likely
103,\\akc0ss-n086\NMML_Polar_Imagery_4\Surveys_IceSeals_2025\fl223\images_30deg_N68RF\right_view\ice_seals_2025_fl223_R_20250513_234449.301075_rgb.jpg,3957,2810,3364,3070,3604,1,-1,false_positive,1
104,\\akc0ss-n086\NMML_Polar_Imagery_4\Surveys_IceSeals_2025\fl223\images_30deg_N68RF\right_view\ice_seals_2025_fl223_R_20250513_234449.301075_rgb.jpg,3957,2759,3324,3022,3531,1,-1,false_positive,1
105,\\akc0ss-n086\NMML_Polar_Imagery_4\Surveys_IceSeals_2025\fl223\images_30deg_N68RF\right_view\ice_seals_2025_fl223_R_20250513_234449.301075_rgb.jpg,3957,2773,3421,3037,3634,1,-1,false_positive,1
106,\\akc0ss-n086\NMML_Polar_Imagery_4\Surveys_IceSeals_2025\fl223\images_30deg_N68RF\right_view\ice_seals_2025_fl223_R_20250513_234451.424190_rgb.jpg,3959,8917,6274,9141,6641,1,-1,false_positive,1
107,\\akc0ss-n086\NMML_Polar_Imagery_4\Surveys_IceSeals_2025\fl223\images_30deg_N68RF\right_view\ice_seals_2025_fl223_R_20250513_234525.496639_rgb.jpg,3991,5785,5734,6013,6066,1,-1,false_positive,1
108,\\akc0ss-n086\NMML_Polar_Imagery_4\Surveys_IceSeals_2025\fl223\images_30deg_N68RF\right_view\ice_seals_2025_fl223_R_20250513_234526.566591_rgb.jpg,3992,3398,6979,3587,7156,1,-1,false_positive,1
109,\\akc0ss-n086\NMML_Polar_Imagery_4\Surveys_IceSeals_2025\fl223\images_30deg_N68RF\right_view\ice_seals_2025_fl223_R_20250513_234528.707299_rgb.jpg,3994,10404,1641,10613,1869,1,-1,false_positive,1
110,\\akc0ss-n086\NMML_Polar_Imagery_4\Surveys_IceSeals_2025\fl223\images_30deg_N68RF\right_view\ice_seals_2025_fl223_R_20250513_234530.848555_rgb.jpg,3996,5349,4607,5592,4841,1,-1,false_positive,1
111,\\akc0ss-n086\NMML_Polar_Imagery_4\Surveys_IceSeals_2025\fl223\images_30deg_N68RF\right_view\ice_seals_2025_fl223_R_20250513_234536.200566_rgb.jpg,4001,6510,3162,6570,3261,1,-1,ringed_seal,1,(trk-atr) age_class nonpup,(trk-atr) age_class_confidence positive,(trk-atr) species_confidence positive
112,\\akc0ss-n086\NMML_Polar_Imagery_4\Surveys_IceSeals_2025\fl223\images_30deg_N68RF\right_view\ice_seals_2025_fl223_R_20250513_234539.414890_rgb.jpg,4004,9425,1009,9628,1190,1,-1,false_positive,1
113,\\akc0ss-n086\NMML_Polar_Imagery_4\Surveys_IceSeals_2025\fl223\images_30deg_N68RF\right_view\ice_seals_2025_fl223_R_20250513_234540.486917_rgb.jpg,4005,9641,8442,9837,8603,1,-1,false_positive,1
114,\\akc0ss-n086\NMML_Polar_Imagery_4\Surveys_IceSeals_2025\fl223\images_30deg_N68RF\right_view\ice_seals_2025_fl223_R_20250513_234552.287970_rgb.jpg,4016,7608,3689,7806,3932,1,-1,false_positive,1
115,\\akc0ss-n086\NMML_Polar_Imagery_4\Surveys_IceSeals_2025\fl223\images_30deg_N68RF\right_view\ice_seals_2025_fl223_R_20250513_234624.583569_rgb.jpg,4046,11567,2799,11611,2888,1,-1,ringed_seal,1,(trk-atr) age_class nonpup,(trk-atr) age_class_confidence positive,(trk-atr) species_confidence likely,(trk-atr) flag interesting
116,\\akc0ss-n086\NMML_Polar_Imagery_4\Surveys_IceSeals_2025\fl223\images_30deg_N68RF\right_view\ice_seals_2025_fl223_R_20250513_234625.658035_rgb.jpg,4047,11631,9879,11819,10076,1,-1,off_frame,1
117,\\akc0ss-n086\NMML_Polar_Imagery_4\Surveys_IceSeals_2025\fl223\images_30deg_N68RF\right_view\ice_seals_2025_fl223_R_20250513_234639.634941_rgb.jpg,4060,8226,1724,8425,1967,1,-1,false_positive,1
118,\\akc0ss-n086\NMML_Polar_Imagery_4\Surveys_IceSeals_2025\fl223\images_30deg_N68RF\right_view\ice_seals_2025_fl223_R_20250513_234640.710247_rgb.jpg,4061,8507,9328,8712,9600,1,-1,false_positive,1
119,\\akc0ss-n086\NMML_Polar_Imagery_4\Surveys_IceSeals_2025\fl223\images_30deg_N68RF\right_view\ice_seals_2025_fl223_R_20250513_234642.861819_rgb.jpg,4063,3655,5522,3897,5780,1,-1,false_positive,1
120,\\akc0ss-n086\NMML_Polar_Imagery_4\Surveys_IceSeals_2025\fl223\images_30deg_N68RF\right_view\ice_seals_2025_fl223_R_20250513_234657.948016_rgb.jpg,4077,11713,3403,11768,3491,1,-1,ringed_seal,1,(trk-atr) age_class nonpup,(trk-atr) age_class_confidence positive,(trk-atr) species_confidence positive
121,\\akc0ss-n086\NMML_Polar_Imagery_4\Surveys_IceSeals_2025\fl223\images_30deg_N68RF\right_view\ice_seals_2025_fl223_R_20250513_234710.897695_rgb.jpg,4089,8134,6190,8341,6448,1,-1,false_positive,1
122,\\akc0ss-n086\NMML_Polar_Imagery_4\Surveys_IceSeals_2025\fl223\images_30deg_N68RF\right_view\ice_seals_2025_fl223_R_20250513_234729.238550_rgb.jpg,4106,12828,6509,13041,6703,1,-1,off_frame,1
123,\\akc0ss-n086\NMML_Polar_Imagery_4\Surveys_IceSeals_2025\fl223\images_30deg_N68RF\right_view\ice_seals_2025_fl223_R_20250513_234807.065382_rgb.jpg,4141,3339,5781,3509,5860,1,-1,bearded_seal,1,(trk-atr) age_class nonpup,(trk-atr) age_class_confidence positive,(trk-atr) species_confidence positive
124,\\akc0ss-n086\NMML_Polar_Imagery_4\Surveys_IceSeals_2025\fl223\images_30deg_N68RF\right_view\ice_seals_2025_fl223_R_20250513_234815.740355_rgb.jpg,4149,10813,9836,11012,10123,1,-1,false_positive,1
125,\\akc0ss-n086\NMML_Polar_Imagery_4\Surveys_IceSeals_2025\fl223\images_30deg_N68RF\right_view\ice_seals_2025_fl223_R_20250513_234849.449224_rgb.jpg,4180,3724,1842,3813,1909,1,-1,ringed_seal,1,(trk-atr) age_class nonpup,(trk-atr) age_class_confidence positive,(trk-atr) species_confidence positive
126,\\akc0ss-n086\NMML_Polar_Imagery_4\Surveys_IceSeals_2025\fl223\images_30deg_N68RF\right_view\ice_seals_2025_fl223_R_20250513_234850.537792_rgb.jpg,4181,4109,10019,4299,10212,1,-1,off_frame,1
127,\\akc0ss-n086\NMML_Polar_Imagery_4\Surveys_IceSeals_2025\fl223\images_30deg_N68RF\right_view\ice_seals_2025_fl223_R_20250513_234933.911140_rgb.jpg,4221,12489,1345,12714,1584,1,-1,false_positive,1
128,\\akc0ss-n086\NMML_Polar_Imagery_4\Surveys_IceSeals_2025\fl223\images_30deg_N68RF\right_view\ice_seals_2025_fl223_R_20250513_235259.950840_rgb.jpg,4352,6513,3885,6557,3959,1,-1,ringed_seal,1,(trk-atr) age_class nonpup,(trk-atr) age_class_confidence positive,(trk-atr) species_confidence likely
129,\\akc0ss-n086\NMML_Polar_Imagery_4\Surveys_IceSeals_2025\fl223\images_30deg_N68RF\right_view\ice_seals_2025_fl223_R_20250513_235259.950840_rgb.jpg,4352,6564,3974,6605,4076,1,-1,ringed_seal,1,(trk-atr) age_class nonpup,(trk-atr) age_class_confidence positive,(trk-atr) species_confidence likely
130,\\akc0ss-n086\NMML_Polar_Imagery_4\Surveys_IceSeals_2025\fl223\images_30deg_N68RF\right_view\ice_seals_2025_fl223_R_20250513_235302.060713_rgb.jpg,4354,2723,4040,2929,4211,1,-1,false_positive,1
131,\\akc0ss-n086\NMML_Polar_Imagery_4\Surveys_IceSeals_2025\fl223\images_30deg_N68RF\right_view\ice_seals_2025_fl223_R_20250513_235304.171607_rgb.jpg,4356,8982,7944,9196,8150,1,-1,false_positive,1
132,\\akc0ss-n086\NMML_Polar_Imagery_4\Surveys_IceSeals_2025\fl223\images_30deg_N68RF\right_view\ice_seals_2025_fl223_R_20250513_235343.208754_rgb.jpg,4393,2382,1512,2509,1568,1,-1,ringed_seal,1,(trk-atr) age_class nonpup,(trk-atr) age_class_confidence positive,(trk-atr) species_confidence likely
133,\\akc0ss-n086\NMML_Polar_Imagery_4\Surveys_IceSeals_2025\fl223\images_30deg_N68RF\right_view\ice_seals_2025_fl223_R_20250513_235344.261296_rgb.jpg,4394,2675,9924,2877,10111,1,-1,off_frame,1
134,\\akc0ss-n086\NMML_Polar_Imagery_4\Surveys_IceSeals_2025\fl223\images_30deg_N68RF\right_view\ice_seals_2025_fl223_R_20250513_235522.906172_rgb.jpg,4488,3993,1191,4188,1378,1,-1,false_positive,1
135,\\akc0ss-n086\NMML_Polar_Imagery_4\Surveys_IceSeals_2025\fl223\images_30deg_N68RF\right_view\ice_seals_2025_fl223_R_20250513_235524.996823_rgb.jpg,4490,12345,1196,12418,1251,1,-1,ringed_seal,1,(trk-atr) age_class nonpup,(trk-atr) age_class_confidence positive,(trk-atr) species_confidence positive
136,\\akc0ss-n086\NMML_Polar_Imagery_4\Surveys_IceSeals_2025\fl223\images_30deg_N68RF\right_view\ice_seals_2025_fl223_R_20250513_235526.042112_rgb.jpg,4491,12497,8318,12570,8371,1,-1,ringed_seal,1,(trk-atr) age_class nonpup,(trk-atr) age_class_confidence positive,(trk-atr) species_confidence positive
137,\\akc0ss-n086\NMML_Polar_Imagery_4\Surveys_IceSeals_2025\fl223\images_30deg_N68RF\right_view\ice_seals_2025_fl223_R_20250513_235530.226774_rgb.jpg,4495,3140,829,3354,1201,1,-1,false_positive,1
138,\\akc0ss-n086\NMML_Polar_Imagery_4\Surveys_IceSeals_2025\fl223\images_30deg_N68RF\right_view\ice_seals_2025_fl223_R_20250513_235530.226774_rgb.jpg,4495,3152,920,3346,1200,1,-1,false_positive,1
139,\\akc0ss-n086\NMML_Polar_Imagery_4\Surveys_IceSeals_2025\fl223\images_30deg_N68RF\right_view\ice_seals_2025_fl223_R_20250513_235604.725370_rgb.jpg,4528,4520,8697,4711,8904,1,-1,false_positive,1
140,\\akc0ss-n086\NMML_Polar_Imagery_4\Surveys_IceSeals_2025\fl223\images_30deg_N68RF\right_view\ice_seals_2025_fl223_R_20250513_235609.947463_rgb.jpg,4533,12631,6774,12826,7108,1,-1,false_positive,1
141,\\akc0ss-n086\NMML_Polar_Imagery_4\Surveys_IceSeals_2025\fl223\images_30deg_N68RF\right_view\ice_seals_2025_fl223_R_20250513_235644.387116_rgb.jpg,4566,10205,4537,10243,4629,1,-1,ringed_seal,1,(trk-atr) age_class nonpup,(trk-atr) age_class_confidence positive,(trk-atr) species_confidence positive
142,\\akc0ss-n086\NMML_Polar_Imagery_4\Surveys_IceSeals_2025\fl223\images_30deg_N68RF\right_view\ice_seals_2025_fl223_R_20250513_235733.522562_rgb.jpg,4613,4075,6393,4274,6601,1,-1,false_positive,1
143,\\akc0ss-n086\NMML_Polar_Imagery_4\Surveys_IceSeals_2025\fl223\images_30deg_N68RF\right_view\ice_seals_2025_fl223_R_20250513_235816.651392_rgb.jpg,4654,5388,3794,5547,3988,1,-1,false_positive,1
144,\\akc0ss-n086\NMML_Polar_Imagery_4\Surveys_IceSeals_2025\fl223\images_30deg_N68RF\right_view\ice_seals_2025_fl223_R_20250513_235919.043142_rgb.jpg,4713,9696,3795,9879,4101,1,-1,false_positive,1
145,\\akc0ss-n086\NMML_Polar_Imagery_4\Surveys_IceSeals_2025\fl223\images_30deg_N68RF\right_view\ice_seals_2025_fl223_R_20250513_235931.780421_rgb.jpg,4725,9533,4248,9718,4476,1,-1,false_positive,1
146,\\akc0ss-n086\NMML_Polar_Imagery_4\Surveys_IceSeals_2025\fl223\images_30deg_N68RF\right_view\ice_seals_2025_fl223_R_20250513_235954.092720_rgb.jpg,4746,12899,3296,13017,3471,1,-1,off_frame,1
147,\\akc0ss-n086\NMML_Polar_Imagery_4\Surveys_IceSeals_2025\fl223\images_30deg_N68RF\right_view\ice_seals_2025_fl223_R_20250514_000014.300606_rgb.jpg,4765,3293,4397,3434,4549,1,-1,false_positive,1
148,\\akc0ss-n086\NMML_Polar_Imagery_4\Surveys_IceSeals_2025\fl223\images_30deg_N68RF\right_view\ice_seals_2025_fl223_R_20250514_000039.895826_rgb.jpg,4789,9266,4094,9439,4351,1,-1,false_positive,1
149,\\akc0ss-n086\NMML_Polar_Imagery_4\Surveys_IceSeals_2025\fl223\images_30deg_N68RF\right_view\ice_seals_2025_fl223_R_20250514_000043.094927_rgb.jpg,4792,7596,5683,7783,5917,1,-1,false_positive,1
150,\\akc0ss-n086\NMML_Polar_Imagery_4\Surveys_IceSeals_2025\fl223\images_30deg_N68RF\right_view\ice_seals_2025_fl223_R_20250514_000044.161353_rgb.jpg,4793,9549,8766,9730,8950,1,-1,false_positive,1
151,\\akc0ss-n086\NMML_Polar_Imagery_4\Surveys_IceSeals_2025\fl223\images_30deg_N68RF\right_view\ice_seals_2025_fl223_R_20250514_000221.374385_rgb.jpg,4884,12185,572,12233,651,1,-1,ringed_seal,1,(trk-atr) age_class nonpup,(trk-atr) age_class_confidence positive,(trk-atr) species_confidence positive
152,\\akc0ss-n086\NMML_Polar_Imagery_4\Surveys_IceSeals_2025\fl223\images_30deg_N68RF\right_view\ice_seals_2025_fl223_R_20250514_000222.451210_rgb.jpg,4885,12257,7775,12298,7856,1,-1,ringed_seal,1,(trk-atr) age_class nonpup,(trk-atr) age_class_confidence positive,(trk-atr) species_confidence positive
153,\\akc0ss-n086\NMML_Polar_Imagery_4\Surveys_IceSeals_2025\fl223\images_30deg_N68RF\right_view\ice_seals_2025_fl223_R_20250514_000251.329868_rgb.jpg,4912,5261,3453,5487,3650,1,-1,false_positive,1
154,\\akc0ss-n086\NMML_Polar_Imagery_4\Surveys_IceSeals_2025\fl223\images_30deg_N68RF\right_view\ice_seals_2025_fl223_R_20250514_000253.467025_rgb.jpg,4914,7471,2980,7519,3080,1,-1,ringed_seal,1,(trk-atr) age_class nonpup,(trk-atr) age_class_confidence positive,(trk-atr) species_confidence positive
155,\\akc0ss-n086\NMML_Polar_Imagery_4\Surveys_IceSeals_2025\fl223\images_30deg_N68RF\right_view\ice_seals_2025_fl223_R_20250514_000256.674941_rgb.jpg,4917,2862,3429,3060,3684,1,-1,false_positive,1
156,\\akc0ss-n086\NMML_Polar_Imagery_4\Surveys_IceSeals_2025\fl223\images_30deg_N68RF\right_view\ice_seals_2025_fl223_R_20250514_000407.118504_rgb.jpg,4983,5095,2474,5475,2690,1,-1,false_positive,1
157,\\akc0ss-n086\NMML_Polar_Imagery_4\Surveys_IceSeals_2025\fl223\images_30deg_N68RF\right_view\ice_seals_2025_fl223_R_20250514_000414.594813_rgb.jpg,4990,9178,5712,9357,5899,1,-1,false_positive,1
158,\\akc0ss-n086\NMML_Polar_Imagery_4\Surveys_IceSeals_2025\fl223\images_30deg_N68RF\right_view\ice_seals_2025_fl223_R_20250514_000426.370362_rgb.jpg,5001,9931,7787,10193,7998,1,-1,false_positive,1
159,\\akc0ss-n086\NMML_Polar_Imagery_4\Surveys_IceSeals_2025\fl223\images_30deg_N68RF\right_view\ice_seals_2025_fl223_R_20250514_000435.997783_rgb.jpg,5010,4595,7604,4662,7694,1,-1,ringed_seal,1,(trk-atr) age_class nonpup,(trk-atr) age_class_confidence positive,(trk-atr) species_confidence positive
160,\\akc0ss-n086\NMML_Polar_Imagery_4\Surveys_IceSeals_2025\fl223\images_30deg_N68RF\right_view\ice_seals_2025_fl223_R_20250514_000504.844845_rgb.jpg,5037,7039,4200,7260,4420,1,-1,false_positive,1
161,\\akc0ss-n086\NMML_Polar_Imagery_4\Surveys_IceSeals_2025\fl223\images_30deg_N68RF\right_view\ice_seals_2025_fl223_R_20250514_000521.973732_rgb.jpg,5053,7146,7727,7363,7962,1,-1,false_positive,1
162,\\akc0ss-n086\NMML_Polar_Imagery_4\Surveys_IceSeals_2025\fl223\images_30deg_N68RF\right_view\ice_seals_2025_fl223_R_20250514_000557.311616_rgb.jpg,5086,10634,1223,10847,1409,1,-1,false_positive,1
163,\\akc0ss-n086\NMML_Polar_Imagery_4\Surveys_IceSeals_2025\fl223\images_30deg_N68RF\right_view\ice_seals_2025_fl223_R_20250514_000600.516813_rgb.jpg,5089,10565,1785,10754,2077,1,-1,false_positive,1
164,\\akc0ss-n086\NMML_Polar_Imagery_4\Surveys_IceSeals_2025\fl223\images_30deg_N68RF\right_view\ice_seals_2025_fl223_R_20250514_000602.655167_rgb.jpg,5091,8276,7501,8438,7735,1,-1,false_positive,1
165,\\akc0ss-n086\NMML_Polar_Imagery_4\Surveys_IceSeals_2025\fl223\images_30deg_N68RF\right_view\ice_seals_2025_fl223_R_20250514_000627.380182_rgb.jpg,5114,7305,8046,7480,8135,1,-1,bearded_seal,1,(trk-atr) age_class nonpup,(trk-atr) age_class_confidence positive,(trk-atr) species_confidence positive
166,\\akc0ss-n086\NMML_Polar_Imagery_4\Surveys_IceSeals_2025\fl223\images_30deg_N68RF\right_view\ice_seals_2025_fl223_R_20250514_000639.532458_rgb.jpg,5125,11257,484,11324,565,1,-1,ringed_seal,1,(trk-atr) age_class nonpup,(trk-atr) age_class_confidence positive,(trk-atr) species_confidence positive
167,\\akc0ss-n086\NMML_Polar_Imagery_4\Surveys_IceSeals_2025\fl223\images_30deg_N68RF\right_view\ice_seals_2025_fl223_R_20250514_000640.641628_rgb.jpg,5126,10331,8172,10395,8264,1,-1,ringed_seal,1,(trk-atr) age_class nonpup,(trk-atr) age_class_confidence positive,(trk-atr) species_confidence positive
168,\\akc0ss-n086\NMML_Polar_Imagery_4\Surveys_IceSeals_2025\fl223\images_30deg_N68RF\right_view\ice_seals_2025_fl223_R_20250514_000643.966608_rgb.jpg,5129,11604,2572,11672,2610,1,-1,ringed_seal,1,(trk-atr) age_class nonpup,(trk-atr) age_class_confidence positive,(trk-atr) species_confidence positive
169,\\akc0ss-n086\NMML_Polar_Imagery_4\Surveys_IceSeals_2025\fl223\images_30deg_N68RF\right_view\ice_seals_2025_fl223_R_20250514_000645.074398_rgb.jpg,5130,11320,9787,11517,9981,1,-1,off_frame,1
170,\\akc0ss-n086\NMML_Polar_Imagery_4\Surveys_IceSeals_2025\fl223\images_30deg_N68RF\right_view\ice_seals_2025_fl223_R_20250514_000711.633584_rgb.jpg,5154,10404,6152,10473,6197,1,-1,ringed_seal,1,(trk-atr) age_class nonpup,(trk-atr) age_class_confidence positive,(trk-atr) species_confidence positive
171,\\akc0ss-n086\NMML_Polar_Imagery_4\Surveys_IceSeals_2025\fl223\images_30deg_N68RF\right_view\ice_seals_2025_fl223_R_20250514_000711.633584_rgb.jpg,5154,9718,7327,9802,7372,1,-1,ringed_seal,1,(trk-atr) age_class nonpup,(trk-atr) age_class_confidence positive,(trk-atr) species_confidence positive
172,\\akc0ss-n086\NMML_Polar_Imagery_4\Surveys_IceSeals_2025\fl223\images_30deg_N68RF\right_view\ice_seals_2025_fl223_R_20250514_000711.633584_rgb.jpg,5154,9966,6923,10025,7002,1,-1,ringed_seal,1,(trk-atr) age_class nonpup,(trk-atr) age_class_confidence positive,(trk-atr) species_confidence positive
173,\\akc0ss-n086\NMML_Polar_Imagery_4\Surveys_IceSeals_2025\fl223\images_30deg_N68RF\right_view\ice_seals_2025_fl223_R_20250514_000918.765981_rgb.jpg,5269,6493,1354,6720,1558,1,-1,false_positive,1
174,\\akc0ss-n086\NMML_Polar_Imagery_4\Surveys_IceSeals_2025\fl223\images_30deg_N68RF\right_view\ice_seals_2025_fl223_R_20250514_000949.714996_rgb.jpg,5297,10649,4575,10699,4653,1,-1,ringed_seal,1,(trk-atr) age_class nonpup,(trk-atr) age_class_confidence positive,(trk-atr) species_confidence positive
175,\\akc0ss-n086\NMML_Polar_Imagery_4\Surveys_IceSeals_2025\fl223\images_30deg_N68RF\right_view\ice_seals_2025_fl223_R_20250514_001008.506434_rgb.jpg,5314,4441,4157,4488,4271,1,-1,ringed_seal,1,(trk-atr) age_class nonpup,(trk-atr) age_class_confidence positive,(trk-atr) species_confidence positive
176,\\akc0ss-n086\NMML_Polar_Imagery_4\Surveys_IceSeals_2025\fl223\images_30deg_N68RF\right_view\ice_seals_2025_fl223_R_20250514_001009.612401_rgb.jpg,5315,8424,9898,8654,10192,1,-1,off_frame,1
177,\\akc0ss-n086\NMML_Polar_Imagery_4\Surveys_IceSeals_2025\fl223\images_30deg_N68RF\right_view\ice_seals_2025_fl223_R_20250514_001009.612401_rgb.jpg,5315,8441,10041,8659,10340,1,-1,off_frame,1
178,\\akc0ss-n086\NMML_Polar_Imagery_4\Surveys_IceSeals_2025\fl223\images_30deg_N68RF\right_view\ice_seals_2025_fl223_R_20250514_001015.144077_rgb.jpg,5320,9306,870,9524,1087,1,-1,false_positive,1
179,\\akc0ss-n086\NMML_Polar_Imagery_4\Surveys_IceSeals_2025\fl223\images_30deg_N68RF\right_view\ice_seals_2025_fl223_R_20250514_001016.250721_rgb.jpg,5321,9235,8426,9408,8611,1,-1,false_positive,1
180,\\akc0ss-n086\NMML_Polar_Imagery_4\Surveys_IceSeals_2025\fl223\images_30deg_N68RF\right_view\ice_seals_2025_fl223_R_20250514_001018.463737_rgb.jpg,5323,8604,3608,8812,3801,1,-1,false_positive,1
181,\\akc0ss-n086\NMML_Polar_Imagery_4\Surveys_IceSeals_2025\fl223\images_30deg_N68RF\right_view\ice_seals_2025_fl223_R_20250514_001022.890801_rgb.jpg,5327,3831,3891,4040,4087,1,-1,false_positive,1
182,\\akc0ss-n086\NMML_Polar_Imagery_4\Surveys_IceSeals_2025\fl223\images_30deg_N68RF\right_view\ice_seals_2025_fl223_R_20250514_001033.969214_rgb.jpg,5337,911,2210,1160,2392,1,-1,false_positive,1
183,\\akc0ss-n086\NMML_Polar_Imagery_4\Surveys_IceSeals_2025\fl223\images_30deg_N68RF\right_view\ice_seals_2025_fl223_R_20250514_001042.829468_rgb.jpg,5345,5123,4012,5305,4192,1,-1,false_positive,1
184,\\akc0ss-n086\NMML_Polar_Imagery_4\Surveys_IceSeals_2025\fl223\images_30deg_N68RF\right_view\ice_seals_2025_fl223_R_20250514_001045.043061_rgb.jpg,5347,7018,686,7195,827,1,-1,false_positive,1
185,\\akc0ss-n086\NMML_Polar_Imagery_4\Surveys_IceSeals_2025\fl223\images_30deg_N68RF\right_view\ice_seals_2025_fl223_R_20250514_001045.043061_rgb.jpg,5347,1802,815,2018,948,1,-1,false_positive,1
186,\\akc0ss-n086\NMML_Polar_Imagery_4\Surveys_IceSeals_2025\fl223\images_30deg_N68RF\right_view\ice_seals_2025_fl223_R_20250514_001051.684026_rgb.jpg,5353,9331,2201,9628,2301,1,-1,bird,1,(trk-atr) species_confidence positive
187,\\akc0ss-n086\NMML_Polar_Imagery_4\Surveys_IceSeals_2025\fl223\images_30deg_N68RF\right_view\ice_seals_2025_fl223_R_20250514_001051.684026_rgb.jpg,5353,9565,2165,9731,2343,1,-1,extra_detection,1
188,\\akc0ss-n086\NMML_Polar_Imagery_4\Surveys_IceSeals_2025\fl223\images_30deg_N68RF\right_view\ice_seals_2025_fl223_R_20250514_001051.684026_rgb.jpg,5353,9466,2129,9693,2343,1,-1,extra_detection,1
189,\\akc0ss-n086\NMML_Polar_Imagery_4\Surveys_IceSeals_2025\fl223\images_30deg_N68RF\right_view\ice_seals_2025_fl223_R_20250514_001052.789132_rgb.jpg,5354,9211,9635,9414,9793,1,-1,off_frame,1
190,\\akc0ss-n086\NMML_Polar_Imagery_4\Surveys_IceSeals_2025\fl223\images_30deg_N68RF\right_view\ice_seals_2025_fl223_R_20250514_001052.789132_rgb.jpg,5354,9454,9646,9614,9813,1,-1,off_frame,1
191,\\akc0ss-n086\NMML_Polar_Imagery_4\Surveys_IceSeals_2025\fl223\images_30deg_N68RF\right_view\ice_seals_2025_fl223_R_20250514_001052.789132_rgb.jpg,5354,9199,9618,9434,9817,1,-1,off_frame,1
192,\\akc0ss-n086\NMML_Polar_Imagery_4\Surveys_IceSeals_2025\fl223\images_30deg_N68RF\right_view\ice_seals_2025_fl223_R_20250514_001053.895718_rgb.jpg,5355,9168,4579,9343,4752,1,-1,false_positive,1
193,\\akc0ss-n086\NMML_Polar_Imagery_4\Surveys_IceSeals_2025\fl223\images_30deg_N68RF\right_view\ice_seals_2025_fl223_R_20250514_001102.748114_rgb.jpg,5363,5807,2365,5883,2564,1,-1,bearded_seal,1,(trk-atr) age_class nonpup,(trk-atr) age_class_confidence positive,(trk-atr) species_confidence positive
194,\\akc0ss-n086\NMML_Polar_Imagery_4\Surveys_IceSeals_2025\fl223\images_30deg_N68RF\right_view\ice_seals_2025_fl223_R_20250514_001103.853560_rgb.jpg,5364,5680,10347,5858,10474,1,-1,off_frame,1
195,\\akc0ss-n086\NMML_Polar_Imagery_4\Surveys_IceSeals_2025\fl223\images_30deg_N68RF\right_view\ice_seals_2025_fl223_R_20250514_001108.272748_rgb.jpg,5368,7574,4671,7734,4802,1,-1,false_positive,1
196,\\akc0ss-n086\NMML_Polar_Imagery_4\Surveys_IceSeals_2025\fl223\images_30deg_N68RF\right_view\ice_seals_2025_fl223_R_20250514_001114.900753_rgb.jpg,5374,4054,4408,4234,4603,1,-1,false_positive,1
197,\\akc0ss-n086\NMML_Polar_Imagery_4\Surveys_IceSeals_2025\fl223\images_30deg_N68RF\right_view\ice_seals_2025_fl223_R_20250514_001116.004816_rgb.jpg,5375,4916,8188,5107,8419,1,-1,false_positive,1
198,\\akc0ss-n086\NMML_Polar_Imagery_4\Surveys_IceSeals_2025\fl223\images_30deg_N68RF\right_view\ice_seals_2025_fl223_R_20250514_001118.213232_rgb.jpg,5377,8791,7223,9059,7481,1,-1,false_positive,1
199,\\akc0ss-n086\NMML_Polar_Imagery_4\Surveys_IceSeals_2025\fl223\images_30deg_N68RF\right_view\ice_seals_2025_fl223_R_20250514_001128.155312_rgb.jpg,5386,11112,2397,11332,2670,1,-1,false_positive,1
200,\\akc0ss-n086\NMML_Polar_Imagery_4\Surveys_IceSeals_2025\fl223\images_30deg_N68RF\right_view\ice_seals_2025_fl223_R_20250514_001130.361470_rgb.jpg,5388,11399,576,11626,687,1,-1,false_positive,1
201,\\akc0ss-n086\NMML_Polar_Imagery_4\Surveys_IceSeals_2025\fl223\images_30deg_N68RF\right_view\ice_seals_2025_fl223_R_20250514_001133.658989_rgb.jpg,5391,10931,634,11138,830,1,-1,false_positive,1
202,\\akc0ss-n086\NMML_Polar_Imagery_4\Surveys_IceSeals_2025\fl223\images_30deg_N68RF\right_view\ice_seals_2025_fl223_R_20250514_001136.948528_rgb.jpg,5394,9778,6515,9987,6826,1,-1,false_positive,1
203,\\akc0ss-n086\NMML_Polar_Imagery_4\Surveys_IceSeals_2025\fl223\images_30deg_N68RF\right_view\ice_seals_2025_fl223_R_20250514_001142.447686_rgb.jpg,5399,1897,2337,2116,2601,1,-1,false_positive,1
204,\\akc0ss-n086\NMML_Polar_Imagery_4\Surveys_IceSeals_2025\fl223\images_30deg_N68RF\right_view\ice_seals_2025_fl223_R_20250514_001142.447686_rgb.jpg,5399,3359,9833,3561,10036,1,-1,off_frame,1
205,\\akc0ss-n086\NMML_Polar_Imagery_4\Surveys_IceSeals_2025\fl223\images_30deg_N68RF\right_view\ice_seals_2025_fl223_R_20250514_001142.447686_rgb.jpg,5399,1852,2620,2060,2792,1,-1,false_positive,1
206,\\akc0ss-n086\NMML_Polar_Imagery_4\Surveys_IceSeals_2025\fl223\images_30deg_N68RF\right_view\ice_seals_2025_fl223_R_20250514_001144.646240_rgb.jpg,5401,2597,9141,2836,9353,1,-1,false_positive,1
207,\\akc0ss-n086\NMML_Polar_Imagery_4\Surveys_IceSeals_2025\fl223\images_30deg_N68RF\right_view\ice_seals_2025_fl223_R_20250514_001149.040326_rgb.jpg,5405,9000,661,9192,877,1,-1,false_positive,1
208,\\akc0ss-n086\NMML_Polar_Imagery_4\Surveys_IceSeals_2025\fl223\images_30deg_N68RF\right_view\ice_seals_2025_fl223_R_20250514_001153.421613_rgb.jpg,5409,10364,1841,10588,2073,1,-1,false_positive,1
209,\\akc0ss-n086\NMML_Polar_Imagery_4\Surveys_IceSeals_2025\fl223\images_30deg_N68RF\right_view\ice_seals_2025_fl223_R_20250514_001154.512403_rgb.jpg,5410,9768,9482,9991,9706,1,-1,off_frame,1
210,\\akc0ss-n086\NMML_Polar_Imagery_4\Surveys_IceSeals_2025\fl223\images_30deg_N68RF\right_view\ice_seals_2025_fl223_R_20250514_001156.691556_rgb.jpg,5412,2297,7400,2513,7599,1,-1,false_positive,1
211,\\akc0ss-n086\NMML_Polar_Imagery_4\Surveys_IceSeals_2025\fl223\images_30deg_N68RF\right_view\ice_seals_2025_fl223_R_20250514_001202.131370_rgb.jpg,5417,9657,4578,9851,4795,1,-1,false_positive,1
212,\\akc0ss-n086\NMML_Polar_Imagery_4\Surveys_IceSeals_2025\fl223\images_30deg_N68RF\right_view\ice_seals_2025_fl223_R_20250514_001221.609153_rgb.jpg,5435,5405,4992,5600,5232,1,-1,false_positive,1
213,\\akc0ss-n086\NMML_Polar_Imagery_4\Surveys_IceSeals_2025\fl223\images_30deg_N68RF\right_view\ice_seals_2025_fl223_R_20250514_001225.916879_rgb.jpg,5439,4363,6792,4551,6983,1,-1,false_positive,1
214,\\akc0ss-n086\NMML_Polar_Imagery_4\Surveys_IceSeals_2025\fl223\images_30deg_N68RF\right_view\ice_seals_2025_fl223_R_20250514_001226.994226_rgb.jpg,5440,1729,2171,1925,2374,1,-1,false_positive,1
215,\\akc0ss-n086\NMML_Polar_Imagery_4\Surveys_IceSeals_2025\fl223\images_30deg_N68RF\right_view\ice_seals_2025_fl223_R_20250514_001231.301295_rgb.jpg,5444,5533,2991,5729,3219,1,-1,false_positive,1
216,\\akc0ss-n086\NMML_Polar_Imagery_4\Surveys_IceSeals_2025\fl223\images_30deg_N68RF\right_view\ice_seals_2025_fl223_R_20250514_001232.376220_rgb.jpg,5445,7757,5619,7969,5805,1,-1,false_positive,1
217,\\akc0ss-n086\NMML_Polar_Imagery_4\Surveys_IceSeals_2025\fl223\images_30deg_N68RF\right_view\ice_seals_2025_fl223_R_20250514_001232.376220_rgb.jpg,5445,7755,5881,7950,6087,1,-1,false_positive,1
218,\\akc0ss-n086\NMML_Polar_Imagery_4\Surveys_IceSeals_2025\fl223\images_30deg_N68RF\right_view\ice_seals_2025_fl223_R_20250514_001232.376220_rgb.jpg,5445,9451,1029,9653,1304,1,-1,false_positive,1
219,\\akc0ss-n086\NMML_Polar_Imagery_4\Surveys_IceSeals_2025\fl223\images_30deg_N68RF\right_view\ice_seals_2025_fl223_R_20250514_001232.376220_rgb.jpg,5445,1758,2942,1990,3190,1,-1,false_positive,1
220,\\akc0ss-n086\NMML_Polar_Imagery_4\Surveys_IceSeals_2025\fl223\images_30deg_N68RF\right_view\ice_seals_2025_fl223_R_20250514_001233.450423_rgb.jpg,5446,9340,8529,9529,8798,1,-1,false_positive,1
221,\\akc0ss-n086\NMML_Polar_Imagery_4\Surveys_IceSeals_2025\fl223\images_30deg_N68RF\right_view\ice_seals_2025_fl223_R_20250514_001234.524010_rgb.jpg,5447,1524,5963,1707,6154,1,-1,false_positive,1
222,\\akc0ss-n086\NMML_Polar_Imagery_4\Surveys_IceSeals_2025\fl223\images_30deg_N68RF\right_view\ice_seals_2025_fl223_R_20250514_001236.669368_rgb.jpg,5449,1634,823,1863,1016,1,-1,false_positive,1
223,\\akc0ss-n086\NMML_Polar_Imagery_4\Surveys_IceSeals_2025\fl223\images_30deg_N68RF\right_view\ice_seals_2025_fl223_R_20250514_001237.741035_rgb.jpg,5450,1491,9444,1687,9638,1,-1,false_positive,1
224,\\akc0ss-n086\NMML_Polar_Imagery_4\Surveys_IceSeals_2025\fl223\images_30deg_N68RF\right_view\ice_seals_2025_fl223_R_20250514_001237.741035_rgb.jpg,5450,1477,9417,1709,9652,1,-1,false_positive,1
225,\\akc0ss-n086\NMML_Polar_Imagery_4\Surveys_IceSeals_2025\fl223\images_30deg_N68RF\right_view\ice_seals_2025_fl223_R_20250514_001243.097107_rgb.jpg,5455,12932,7334,13102,7554,1,-1,off_frame,1
226,\\akc0ss-n086\NMML_Polar_Imagery_4\Surveys_IceSeals_2025\fl223\images_30deg_N68RF\right_view\ice_seals_2025_fl223_R_20250514_001245.238977_rgb.jpg,5457,2117,3467,2310,3747,1,-1,false_positive,1
227,\\akc0ss-n086\NMML_Polar_Imagery_4\Surveys_IceSeals_2025\fl223\images_30deg_N68RF\right_view\ice_seals_2025_fl223_R_20250514_001246.309345_rgb.jpg,5458,1567,822,1772,986,1,-1,false_positive,1
228,\\akc0ss-n086\NMML_Polar_Imagery_4\Surveys_IceSeals_2025\fl223\images_30deg_N68RF\right_view\ice_seals_2025_fl223_R_20250514_001247.380032_rgb.jpg,5459,1392,9369,1568,9589,1,-1,false_positive,1
229,\\akc0ss-n086\NMML_Polar_Imagery_4\Surveys_IceSeals_2025\fl223\images_30deg_N68RF\right_view\ice_seals_2025_fl223_R_20250514_001248.450081_rgb.jpg,5460,12411,8564,12568,8751,1,-1,false_positive,1
230,\\akc0ss-n086\NMML_Polar_Imagery_4\Surveys_IceSeals_2025\fl223\images_30deg_N68RF\right_view\ice_seals_2025_fl223_R_20250514_001248.450081_rgb.jpg,5460,12391,8535,12589,8772,1,-1,false_positive,1
231,\\akc0ss-n086\NMML_Polar_Imagery_4\Surveys_IceSeals_2025\fl223\images_30deg_N68RF\right_view\ice_seals_2025_fl223_R_20250514_001300.216552_rgb.jpg,5471,2659,7057,2881,7302,1,-1,false_positive,1
232,\\akc0ss-n086\NMML_Polar_Imagery_4\Surveys_IceSeals_2025\fl223\images_30deg_N68RF\right_view\ice_seals_2025_fl223_R_20250514_001301.285959_rgb.jpg,5472,12528,2324,12746,2597,1,-1,false_positive,1
233,\\akc0ss-n086\NMML_Polar_Imagery_4\Surveys_IceSeals_2025\fl223\images_30deg_N68RF\right_view\ice_seals_2025_fl223_R_20250514_001302.355406_rgb.jpg,5473,12302,9320,12514,9584,1,-1,false_positive,1
234,\\akc0ss-n086\NMML_Polar_Imagery_4\Surveys_IceSeals_2025\fl223\images_30deg_N68RF\right_view\ice_seals_2025_fl223_R_20250514_001306.637073_rgb.jpg,5477,6267,6704,6443,6968,1,-1,false_positive,1
235,\\akc0ss-n086\NMML_Polar_Imagery_4\Surveys_IceSeals_2025\fl223\images_30deg_N68RF\right_view\ice_seals_2025_fl223_R_20250514_001306.637073_rgb.jpg,5477,6618,6100,6793,6309,1,-1,false_positive,1
236,\\akc0ss-n086\NMML_Polar_Imagery_4\Surveys_IceSeals_2025\fl223\images_30deg_N68RF\right_view\ice_seals_2025_fl223_R_20250514_001314.125922_rgb.jpg,5484,955,9127,1168,9360,1,-1,false_positive,1
237,\\akc0ss-n086\NMML_Polar_Imagery_4\Surveys_IceSeals_2025\fl223\images_30deg_N68RF\right_view\ice_seals_2025_fl223_R_20250514_001329.059593_rgb.jpg,5498,757,844,875,970,1,-1,false_positive,1
238,\\akc0ss-n086\NMML_Polar_Imagery_4\Surveys_IceSeals_2025\fl223\images_30deg_N68RF\right_view\ice_seals_2025_fl223_R_20250514_001331.192589_rgb.jpg,5500,2509,3866,2714,4153,1,-1,false_positive,1
239,\\akc0ss-n086\NMML_Polar_Imagery_4\Surveys_IceSeals_2025\fl223\images_30deg_N68RF\right_view\ice_seals_2025_fl223_R_20250514_001332.260314_rgb.jpg,5501,8554,10120,8751,10338,1,-1,off_frame,1
240,\\akc0ss-n086\NMML_Polar_Imagery_4\Surveys_IceSeals_2025\fl223\images_30deg_N68RF\right_view\ice_seals_2025_fl223_R_20250514_001336.536206_rgb.jpg,5505,7400,686,7638,878,1,-1,false_positive,1
241,\\akc0ss-n086\NMML_Polar_Imagery_4\Surveys_IceSeals_2025\fl223\images_30deg_N68RF\right_view\ice_seals_2025_fl223_R_20250514_001336.536206_rgb.jpg,5505,3940,5402,4187,5661,1,-1,false_positive,1
242,\\akc0ss-n086\NMML_Polar_Imagery_4\Surveys_IceSeals_2025\fl223\images_30deg_N68RF\right_view\ice_seals_2025_fl223_R_20250514_001337.605210_rgb.jpg,5506,7264,8480,7494,8685,1,-1,false_positive,1
243,\\akc0ss-n086\NMML_Polar_Imagery_4\Surveys_IceSeals_2025\fl223\images_30deg_N68RF\right_view\ice_seals_2025_fl223_R_20250514_001340.811309_rgb.jpg,5509,4941,2999,5150,3250,1,-1,false_positive,1
244,\\akc0ss-n086\NMML_Polar_Imagery_4\Surveys_IceSeals_2025\fl223\images_30deg_N68RF\right_view\ice_seals_2025_fl223_R_20250514_001342.948962_rgb.jpg,5511,8958,6882,9140,7081,1,-1,false_positive,1
245,\\akc0ss-n086\NMML_Polar_Imagery_4\Surveys_IceSeals_2025\fl223\images_30deg_N68RF\right_view\ice_seals_2025_fl223_R_20250514_001342.948962_rgb.jpg,5511,8620,6856,8829,7055,1,-1,false_positive,1
246,\\akc0ss-n086\NMML_Polar_Imagery_4\Surveys_IceSeals_2025\fl223\images_30deg_N68RF\right_view\ice_seals_2025_fl223_R_20250514_001344.018068_rgb.jpg,5512,12884,7482,13096,7708,1,-1,off_frame,1
247,\\akc0ss-n086\NMML_Polar_Imagery_4\Surveys_IceSeals_2025\fl223\images_30deg_N68RF\right_view\ice_seals_2025_fl223_R_20250514_001351.513334_rgb.jpg,5519,9258,7721,9464,7974,1,-1,false_positive,1
248,\\akc0ss-n086\NMML_Polar_Imagery_4\Surveys_IceSeals_2025\fl223\images_30deg_N68RF\right_view\ice_seals_2025_fl223_R_20250514_001351.513334_rgb.jpg,5519,6229,2678,6459,2937,1,-1,false_positive,1
249,\\akc0ss-n086\NMML_Polar_Imagery_4\Surveys_IceSeals_2025\fl223\images_30deg_N68RF\right_view\ice_seals_2025_fl223_R_20250514_001353.653774_rgb.jpg,5521,4354,3089,4582,3293,1,-1,false_positive,1
250,\\akc0ss-n086\NMML_Polar_Imagery_4\Surveys_IceSeals_2025\fl223\images_30deg_N68RF\right_view\ice_seals_2025_fl223_R_20250514_001355.789625_rgb.jpg,5523,8130,6306,8230,6450,1,-1,bearded_seal,1,(trk-atr) age_class nonpup,(trk-atr) age_class_confidence positive,(trk-atr) species_confidence positive
251,\\akc0ss-n086\NMML_Polar_Imagery_4\Surveys_IceSeals_2025\fl223\images_30deg_N68RF\right_view\ice_seals_2025_fl223_R_20250514_001357.922899_rgb.jpg,5525,3110,5887,3315,6104,1,-1,false_positive,1
252,\\akc0ss-n086\NMML_Polar_Imagery_4\Surveys_IceSeals_2025\fl223\images_30deg_N68RF\right_view\ice_seals_2025_fl223_R_20250514_001358.989504_rgb.jpg,5526,6899,3481,7086,3730,1,-1,false_positive,1
253,\\akc0ss-n086\NMML_Polar_Imagery_4\Surveys_IceSeals_2025\fl223\images_30deg_N68RF\right_view\ice_seals_2025_fl223_R_20250514_001358.989504_rgb.jpg,5526,3502,7378,3710,7600,1,-1,false_positive,1
254,\\akc0ss-n086\NMML_Polar_Imagery_4\Surveys_IceSeals_2025\fl223\images_30deg_N68RF\right_view\ice_seals_2025_fl223_R_20250514_001358.989504_rgb.jpg,5526,12850,7355,13070,7686,1,-1,off_frame,1
255,\\akc0ss-n086\NMML_Polar_Imagery_4\Surveys_IceSeals_2025\fl223\images_30deg_N68RF\right_view\ice_seals_2025_fl223_R_20250514_001401.124455_rgb.jpg,5528,1604,6423,1780,6645,1,-1,false_positive,1
256,\\akc0ss-n086\NMML_Polar_Imagery_4\Surveys_IceSeals_2025\fl223\images_30deg_N68RF\right_view\ice_seals_2025_fl223_R_20250514_001401.124455_rgb.jpg,5528,1266,9383,1443,9566,1,-1,false_positive,1
257,\\akc0ss-n086\NMML_Polar_Imagery_4\Surveys_IceSeals_2025\fl223\images_30deg_N68RF\right_view\ice_seals_2025_fl223_R_20250514_001402.192403_rgb.jpg,5529,12459,4705,12657,5123,1,-1,false_positive,1
258,\\akc0ss-n086\NMML_Polar_Imagery_4\Surveys_IceSeals_2025\fl223\images_30deg_N68RF\right_view\ice_seals_2025_fl223_R_20250514_001406.462250_rgb.jpg,5533,6018,1466,6224,1728,1,-1,false_positive,1
259,\\akc0ss-n086\NMML_Polar_Imagery_4\Surveys_IceSeals_2025\fl223\images_30deg_N68RF\right_view\ice_seals_2025_fl223_R_20250514_001407.529897_rgb.jpg,5534,5918,9467,6127,9725,1,-1,off_frame,1
260,\\akc0ss-n086\NMML_Polar_Imagery_4\Surveys_IceSeals_2025\fl223\images_30deg_N68RF\right_view\ice_seals_2025_fl223_R_20250514_001410.734038_rgb.jpg,5537,4948,5293,5155,5583,1,-1,false_positive,1
261,\\akc0ss-n086\NMML_Polar_Imagery_4\Surveys_IceSeals_2025\fl223\images_30deg_N68RF\right_view\ice_seals_2025_fl223_R_20250514_001412.870249_rgb.jpg,5539,5652,1442,5875,1706,1,-1,false_positive,1
262,\\akc0ss-n086\NMML_Polar_Imagery_4\Surveys_IceSeals_2025\fl223\images_30deg_N68RF\right_view\ice_seals_2025_fl223_R_20250514_001413.937297_rgb.jpg,5540,5550,9499,5780,9770,1,-1,off_frame,1
263,\\akc0ss-n086\NMML_Polar_Imagery_4\Surveys_IceSeals_2025\fl223\images_30deg_N68RF\right_view\ice_seals_2025_fl223_R_20250514_001415.004406_rgb.jpg,5541,9018,6161,9216,6373,1,-1,false_positive,1
264,\\akc0ss-n086\NMML_Polar_Imagery_4\Surveys_IceSeals_2025\fl223\images_30deg_N68RF\right_view\ice_seals_2025_fl223_R_20250514_001418.205884_rgb.jpg,5544,9204,6451,9405,6750,1,-1,false_positive,1
265,\\akc0ss-n086\NMML_Polar_Imagery_4\Surveys_IceSeals_2025\fl223\images_30deg_N68RF\right_view\ice_seals_2025_fl223_R_20250514_001419.272850_rgb.jpg,5545,1819,2422,2045,2666,1,-1,false_positive,1
266,\\akc0ss-n086\NMML_Polar_Imagery_4\Surveys_IceSeals_2025\fl223\images_30deg_N68RF\right_view\ice_seals_2025_fl223_R_20250514_001422.471350_rgb.jpg,5548,3006,3921,3226,4203,1,-1,false_positive,1
267,\\akc0ss-n086\NMML_Polar_Imagery_4\Surveys_IceSeals_2025\fl223\images_30deg_N68RF\right_view\ice_seals_2025_fl223_R_20250514_001423.537317_rgb.jpg,5549,7843,2340,7934,2478,1,-1,bearded_seal,1,(trk-atr) age_class nonpup,(trk-atr) age_class_confidence positive,(trk-atr) species_confidence positive
268,\\akc0ss-n086\NMML_Polar_Imagery_4\Surveys_IceSeals_2025\fl223\images_30deg_N68RF\right_view\ice_seals_2025_fl223_R_20250514_001424.602546_rgb.jpg,5550,7742,10039,7956,10287,1,-1,off_frame,1
269,\\akc0ss-n086\NMML_Polar_Imagery_4\Surveys_IceSeals_2025\fl223\images_30deg_N68RF\right_view\ice_seals_2025_fl223_R_20250514_001428.865154_rgb.jpg,5554,7886,4900,8079,5118,1,-1,false_positive,1
270,\\akc0ss-n086\NMML_Polar_Imagery_4\Surveys_IceSeals_2025\fl223\images_30deg_N68RF\right_view\ice_seals_2025_fl223_R_20250514_001436.330240_rgb.jpg,5561,6509,704,6719,929,1,-1,false_positive,1
271,\\akc0ss-n086\NMML_Polar_Imagery_4\Surveys_IceSeals_2025\fl223\images_30deg_N68RF\right_view\ice_seals_2025_fl223_R_20250514_001437.396564_rgb.jpg,5562,6380,8633,6592,8878,1,-1,false_positive,1
272,\\akc0ss-n086\NMML_Polar_Imagery_4\Surveys_IceSeals_2025\fl223\images_30deg_N68RF\right_view\ice_seals_2025_fl223_R_20250514_001449.142859_rgb.jpg,5573,8672,4925,8884,5168,1,-1,false_positive,1
273,\\akc0ss-n086\NMML_Polar_Imagery_4\Surveys_IceSeals_2025\fl223\images_30deg_N68RF\right_view\ice_seals_2025_fl223_R_20250514_001451.284216_rgb.jpg,5575,4348,5870,4579,6156,1,-1,false_positive,1
274,\\akc0ss-n086\NMML_Polar_Imagery_4\Surveys_IceSeals_2025\fl223\images_30deg_N68RF\right_view\ice_seals_2025_fl223_R_20250514_001506.287910_rgb.jpg,5589,10061,7545,10255,7805,1,-1,false_positive,1
275,\\akc0ss-n086\NMML_Polar_Imagery_4\Surveys_IceSeals_2025\fl223\images_30deg_N68RF\right_view\ice_seals_2025_fl223_R_20250514_001508.430039_rgb.jpg,5591,10003,5120,10231,5331,1,-1,false_positive,1
276,\\akc0ss-n086\NMML_Polar_Imagery_4\Surveys_IceSeals_2025\fl223\images_30deg_N68RF\right_view\ice_seals_2025_fl223_R_20250514_001511.644459_rgb.jpg,5594,2252,2272,2447,2443,1,-1,false_positive,1
277,\\akc0ss-n086\NMML_Polar_Imagery_4\Surveys_IceSeals_2025\fl223\images_30deg_N68RF\right_view\ice_seals_2025_fl223_R_20250514_001513.788474_rgb.jpg,5596,8983,4158,9180,4394,1,-1,false_positive,1
278,\\akc0ss-n086\NMML_Polar_Imagery_4\Surveys_IceSeals_2025\fl223\images_30deg_N68RF\right_view\ice_seals_2025_fl223_R_20250514_001513.788474_rgb.jpg,5596,7479,5819,7666,6035,1,-1,false_positive,1
279,\\akc0ss-n086\NMML_Polar_Imagery_4\Surveys_IceSeals_2025\fl223\images_30deg_N68RF\right_view\ice_seals_2025_fl223_R_20250514_001520.208956_rgb.jpg,5602,808,3162,946,3372,1,-1,false_positive,1
280,\\akc0ss-n086\NMML_Polar_Imagery_4\Surveys_IceSeals_2025\fl223\images_30deg_N68RF\right_view\ice_seals_2025_fl223_R_20250514_001522.348526_rgb.jpg,5604,2502,7535,2702,7792,1,-1,false_positive,1
281,\\akc0ss-n086\NMML_Polar_Imagery_4\Surveys_IceSeals_2025\fl223\images_30deg_N68RF\right_view\ice_seals_2025_fl223_R_20250514_001523.418915_rgb.jpg,5605,5641,8176,5823,8467,1,-1,false_positive,1
282,\\akc0ss-n086\NMML_Polar_Imagery_4\Surveys_IceSeals_2025\fl223\images_30deg_N68RF\right_view\ice_seals_2025_fl223_R_20250514_001524.489403_rgb.jpg,5606,9021,6926,9206,7210,1,-1,false_positive,1
283,\\akc0ss-n086\NMML_Polar_Imagery_4\Surveys_IceSeals_2025\fl223\images_30deg_N68RF\right_view\ice_seals_2025_fl223_R_20250514_001525.560851_rgb.jpg,5607,11869,9520,12128,9811,1,-1,off_frame,1
284,\\akc0ss-n086\NMML_Polar_Imagery_4\Surveys_IceSeals_2025\fl223\images_30deg_N68RF\right_view\ice_seals_2025_fl223_R_20250514_001542.707700_rgb.jpg,5623,3138,3179,3329,3414,1,-1,false_positive,1
285,\\akc0ss-n086\NMML_Polar_Imagery_4\Surveys_IceSeals_2025\fl223\images_30deg_N68RF\right_view\ice_seals_2025_fl223_R_20250514_001543.777523_rgb.jpg,5624,8676,7804,8718,7908,1,-1,ringed_seal,1,(trk-atr) age_class nonpup,(trk-atr) age_class_confidence positive,(trk-atr) species_confidence positive
286,\\akc0ss-n086\NMML_Polar_Imagery_4\Surveys_IceSeals_2025\fl223\images_30deg_N68RF\right_view\ice_seals_2025_fl223_R_20250514_001543.777523_rgb.jpg,5624,6766,1905,6962,2159,1,-1,false_positive,1
287,\\akc0ss-n086\NMML_Polar_Imagery_4\Surveys_IceSeals_2025\fl223\images_30deg_N68RF\right_view\ice_seals_2025_fl223_R_20250514_001544.846988_rgb.jpg,5625,6672,9813,6863,10059,1,-1,off_frame,1
288,\\akc0ss-n086\NMML_Polar_Imagery_4\Surveys_IceSeals_2025\fl223\images_30deg_N68RF\right_view\ice_seals_2025_fl223_R_20250514_001553.395384_rgb.jpg,5633,5239,1728,5467,1963,1,-1,false_positive,1
289,\\akc0ss-n086\NMML_Polar_Imagery_4\Surveys_IceSeals_2025\fl223\images_30deg_N68RF\right_view\ice_seals_2025_fl223_R_20250514_001601.931077_rgb.jpg,5641,10900,6067,11105,6268,1,-1,false_positive,1
290,\\akc0ss-n086\NMML_Polar_Imagery_4\Surveys_IceSeals_2025\fl223\images_30deg_N68RF\right_view\ice_seals_2025_fl223_R_20250514_001601.931077_rgb.jpg,5641,6187,5278,6363,5479,1,-1,false_positive,1
291,\\akc0ss-n086\NMML_Polar_Imagery_4\Surveys_IceSeals_2025\fl223\images_30deg_N68RF\right_view\ice_seals_2025_fl223_R_20250514_001608.344639_rgb.jpg,5647,4580,2490,4776,2762,1,-1,false_positive,1
292,\\akc0ss-n086\NMML_Polar_Imagery_4\Surveys_IceSeals_2025\fl223\images_30deg_N68RF\right_view\ice_seals_2025_fl223_R_20250514_001614.765002_rgb.jpg,5653,12592,1446,12781,1684,1,-1,false_positive,1
293,\\akc0ss-n086\NMML_Polar_Imagery_4\Surveys_IceSeals_2025\fl223\images_30deg_N68RF\right_view\ice_seals_2025_fl223_R_20250514_001620.121952_rgb.jpg,5658,3224,3801,3460,4074,1,-1,false_positive,1
294,\\akc0ss-n086\NMML_Polar_Imagery_4\Surveys_IceSeals_2025\fl223\images_30deg_N68RF\right_view\ice_seals_2025_fl223_R_20250514_001620.121952_rgb.jpg,5658,6324,6139,6515,6369,1,-1,false_positive,1
295,\\akc0ss-n086\NMML_Polar_Imagery_4\Surveys_IceSeals_2025\fl223\images_30deg_N68RF\right_view\ice_seals_2025_fl223_R_20250514_001621.194303_rgb.jpg,5659,2670,5671,2901,5921,1,-1,false_positive,1
296,\\akc0ss-n086\NMML_Polar_Imagery_4\Surveys_IceSeals_2025\fl223\images_30deg_N68RF\right_view\ice_seals_2025_fl223_R_20250514_001622.267187_rgb.jpg,5660,1233,8009,1473,8323,1,-1,false_positive,1
297,\\akc0ss-n086\NMML_Polar_Imagery_4\Surveys_IceSeals_2025\fl223\images_30deg_N68RF\right_view\ice_seals_2025_fl223_R_20250514_001627.636141_rgb.jpg,5665,12772,3545,12981,3775,1,-1,off_frame,1
298,\\akc0ss-n086\NMML_Polar_Imagery_4\Surveys_IceSeals_2025\fl223\images_30deg_N68RF\right_view\ice_seals_2025_fl223_R_20250514_001630.859760_rgb.jpg,5668,6318,4090,6518,4320,1,-1,false_positive,1
299,\\akc0ss-n086\NMML_Polar_Imagery_4\Surveys_IceSeals_2025\fl223\images_30deg_N68RF\right_view\ice_seals_2025_fl223_R_20250514_001630.859760_rgb.jpg,5668,1149,8994,1361,9216,1,-1,false_positive,1
300,\\akc0ss-n086\NMML_Polar_Imagery_4\Surveys_IceSeals_2025\fl223\images_30deg_N68RF\right_view\ice_seals_2025_fl223_R_20250514_001631.935148_rgb.jpg,5669,9840,2923,10052,3240,1,-1,false_positive,1
301,\\akc0ss-n086\NMML_Polar_Imagery_4\Surveys_IceSeals_2025\fl223\images_30deg_N68RF\right_view\ice_seals_2025_fl223_R_20250514_001639.468533_rgb.jpg,5676,4949,2891,5138,3181,1,-1,false_positive,1
302,\\akc0ss-n086\NMML_Polar_Imagery_4\Surveys_IceSeals_2025\fl223\images_30deg_N68RF\right_view\ice_seals_2025_fl223_R_20250514_001639.468533_rgb.jpg,5676,9712,7040,9895,7238,1,-1,false_positive,1
303,\\akc0ss-n086\NMML_Polar_Imagery_4\Surveys_IceSeals_2025\fl223\images_30deg_N68RF\right_view\ice_seals_2025_fl223_R_20250514_001641.620471_rgb.jpg,5678,6156,1910,6355,2132,1,-1,false_positive,1
304,\\akc0ss-n086\NMML_Polar_Imagery_4\Surveys_IceSeals_2025\fl223\images_30deg_N68RF\right_view\ice_seals_2025_fl223_R_20250514_001642.696115_rgb.jpg,5679,6777,6461,7008,6703,1,-1,false_positive,1
305,\\akc0ss-n086\NMML_Polar_Imagery_4\Surveys_IceSeals_2025\fl223\images_30deg_N68RF\right_view\ice_seals_2025_fl223_R_20250514_001644.847091_rgb.jpg,5681,1502,1460,1717,1738,1,-1,false_positive,1
306,\\akc0ss-n086\NMML_Polar_Imagery_4\Surveys_IceSeals_2025\fl223\images_30deg_N68RF\right_view\ice_seals_2025_fl223_R_20250514_001645.922518_rgb.jpg,5682,1387,10076,1615,10379,1,-1,off_frame,1
307,\\akc0ss-n086\NMML_Polar_Imagery_4\Surveys_IceSeals_2025\fl223\images_30deg_N68RF\right_view\ice_seals_2025_fl223_R_20250514_001650.224786_rgb.jpg,5686,3263,5949,3446,6140,1,-1,false_positive,1
308,\\akc0ss-n086\NMML_Polar_Imagery_4\Surveys_IceSeals_2025\fl223\images_30deg_N68RF\right_view\ice_seals_2025_fl223_R_20250514_001652.378175_rgb.jpg,5688,5882,7961,6071,8241,1,-1,false_positive,1
309,\\akc0ss-n086\NMML_Polar_Imagery_4\Surveys_IceSeals_2025\fl223\images_30deg_N68RF\right_view\ice_seals_2025_fl223_R_20250514_001654.533688_rgb.jpg,5690,2354,6894,2577,7176,1,-1,false_positive,1
310,\\akc0ss-n086\NMML_Polar_Imagery_4\Surveys_IceSeals_2025\fl223\images_30deg_N68RF\right_view\ice_seals_2025_fl223_R_20250514_001701.005709_rgb.jpg,5696,6613,4329,6812,4609,1,-1,false_positive,1
311,\\akc0ss-n086\NMML_Polar_Imagery_4\Surveys_IceSeals_2025\fl223\images_30deg_N68RF\right_view\ice_seals_2025_fl223_R_20250514_001703.162484_rgb.jpg,5698,5191,980,5387,1267,1,-1,false_positive,1
312,\\akc0ss-n086\NMML_Polar_Imagery_4\Surveys_IceSeals_2025\fl223\images_30deg_N68RF\right_view\ice_seals_2025_fl223_R_20250514_001703.162484_rgb.jpg,5698,9672,2928,9896,3194,1,-1,false_positive,1
313,\\akc0ss-n086\NMML_Polar_Imagery_4\Surveys_IceSeals_2025\fl223\images_30deg_N68RF\right_view\ice_seals_2025_fl223_R_20250514_001703.162484_rgb.jpg,5698,6673,4104,6872,4354,1,-1,false_positive,1
314,\\akc0ss-n086\NMML_Polar_Imagery_4\Surveys_IceSeals_2025\fl223\images_30deg_N68RF\right_view\ice_seals_2025_fl223_R_20250514_001703.162484_rgb.jpg,5698,8220,6041,8421,6292,1,-1,false_positive,1
315,\\akc0ss-n086\NMML_Polar_Imagery_4\Surveys_IceSeals_2025\fl223\images_30deg_N68RF\right_view\ice_seals_2025_fl223_R_20250514_001704.239793_rgb.jpg,5699,4598,5897,4799,6177,1,-1,false_positive,1
316,\\akc0ss-n086\NMML_Polar_Imagery_4\Surveys_IceSeals_2025\fl223\images_30deg_N68RF\right_view\ice_seals_2025_fl223_R_20250514_001706.393506_rgb.jpg,5701,1192,7807,1425,8136,1,-1,false_positive,1
317,\\akc0ss-n086\NMML_Polar_Imagery_4\Surveys_IceSeals_2025\fl223\images_30deg_N68RF\right_view\ice_seals_2025_fl223_R_20250514_001709.622425_rgb.jpg,5704,9168,5810,9373,6043,1,-1,false_positive,1
318,\\akc0ss-n086\NMML_Polar_Imagery_4\Surveys_IceSeals_2025\fl223\images_30deg_N68RF\right_view\ice_seals_2025_fl223_R_20250514_001711.773399_rgb.jpg,5706,5618,5431,5830,5656,1,-1,false_positive,1
319,\\akc0ss-n086\NMML_Polar_Imagery_4\Surveys_IceSeals_2025\fl223\images_30deg_N68RF\right_view\ice_seals_2025_fl223_R_20250514_001721.444557_rgb.jpg,5715,7536,2654,7709,2869,1,-1,false_positive,1
320,\\akc0ss-n086\NMML_Polar_Imagery_4\Surveys_IceSeals_2025\fl223\images_30deg_N68RF\right_view\ice_seals_2025_fl223_R_20250514_001725.731326_rgb.jpg,5719,5890,2829,6089,3058,1,-1,false_positive,1
321,\\akc0ss-n086\NMML_Polar_Imagery_4\Surveys_IceSeals_2025\fl223\images_30deg_N68RF\right_view\ice_seals_2025_fl223_R_20250514_001727.872759_rgb.jpg,5721,5135,2037,5329,2281,1,-1,false_positive,1
322,\\akc0ss-n086\NMML_Polar_Imagery_4\Surveys_IceSeals_2025\fl223\images_30deg_N68RF\right_view\ice_seals_2025_fl223_R_20250514_001748.240906_rgb.jpg,5740,6151,5986,6193,6083,1,-1,ringed_seal,1,(trk-atr) age_class nonpup,(trk-atr) age_class_confidence positive,(trk-atr) species_confidence positive
323,\\akc0ss-n086\NMML_Polar_Imagery_4\Surveys_IceSeals_2025\fl223\images_30deg_N68RF\right_view\ice_seals_2025_fl223_R_20250514_001800.051223_rgb.jpg,5751,9876,5265,9940,5351,1,-1,ringed_seal,1,(trk-atr) age_class nonpup,(trk-atr) age_class_confidence positive,(trk-atr) species_confidence positive
324,\\akc0ss-n086\NMML_Polar_Imagery_4\Surveys_IceSeals_2025\fl223\images_30deg_N68RF\right_view\ice_seals_2025_fl223_R_20250514_001808.635098_rgb.jpg,5759,12113,843,12310,1081,1,-1,false_positive,1
325,\\akc0ss-n086\NMML_Polar_Imagery_4\Surveys_IceSeals_2025\fl223\images_30deg_N68RF\right_view\ice_seals_2025_fl223_R_20250514_001837.579417_rgb.jpg,5786,7618,3191,7808,3491,1,-1,false_positive,1
326,\\akc0ss-n086\NMML_Polar_Imagery_4\Surveys_IceSeals_2025\fl223\images_30deg_N68RF\right_view\ice_seals_2025_fl223_R_20250514_001845.078530_rgb.jpg,5793,6594,2883,6728,3019,1,-1,bearded_seal,1,(trk-atr) age_class nonpup,(trk-atr) age_class_confidence positive,(trk-atr) species_confidence positive
327,\\akc0ss-n086\NMML_Polar_Imagery_4\Surveys_IceSeals_2025\fl223\images_30deg_N68RF\right_view\ice_seals_2025_fl223_R_20250514_001845.078530_rgb.jpg,5793,5452,2499,5529,2691,1,-1,bearded_seal,1,(trk-atr) age_class nonpup,(trk-atr) age_class_confidence positive,(trk-atr) species_confidence positive
328,\\akc0ss-n086\NMML_Polar_Imagery_4\Surveys_IceSeals_2025\fl223\images_30deg_N68RF\right_view\ice_seals_2025_fl223_R_20250514_001847.221019_rgb.jpg,5795,8493,7644,8674,7883,1,-1,false_positive,1
329,\\akc0ss-n086\NMML_Polar_Imagery_4\Surveys_IceSeals_2025\fl223\images_30deg_N68RF\right_view\ice_seals_2025_fl223_R_20250514_001920.514393_rgb.jpg,5826,4186,2999,4384,3179,1,-1,false_positive,1
330,\\akc0ss-n086\NMML_Polar_Imagery_4\Surveys_IceSeals_2025\fl223\images_30deg_N68RF\right_view\ice_seals_2025_fl223_R_20250514_001921.588478_rgb.jpg,5827,7808,673,8045,951,1,-1,false_positive,1
331,\\akc0ss-n086\NMML_Polar_Imagery_4\Surveys_IceSeals_2025\fl223\images_30deg_N68RF\right_view\ice_seals_2025_fl223_R_20250514_001922.662703_rgb.jpg,5828,7751,8388,7957,8674,1,-1,false_positive,1
332,\\akc0ss-n086\NMML_Polar_Imagery_4\Surveys_IceSeals_2025\fl223\images_30deg_N68RF\right_view\ice_seals_2025_fl223_R_20250514_001935.550606_rgb.jpg,5840,8430,4003,8632,4227,1,-1,false_positive,1
333,\\akc0ss-n086\NMML_Polar_Imagery_4\Surveys_IceSeals_2025\fl223\images_30deg_N68RF\right_view\ice_seals_2025_fl223_R_20250514_001936.626075_rgb.jpg,5841,7868,2427,8060,2691,1,-1,false_positive,1
334,\\akc0ss-n086\NMML_Polar_Imagery_4\Surveys_IceSeals_2025\fl223\images_30deg_N68RF\right_view\ice_seals_2025_fl223_R_20250514_001937.701641_rgb.jpg,5842,7652,10098,7866,10401,1,-1,off_frame,1
335,\\akc0ss-n086\NMML_Polar_Imagery_4\Surveys_IceSeals_2025\fl223\images_30deg_N68RF\right_view\ice_seals_2025_fl223_R_20250514_001939.852952_rgb.jpg,5844,10534,4339,10742,4646,1,-1,false_positive,1
336,\\akc0ss-n086\NMML_Polar_Imagery_4\Surveys_IceSeals_2025\fl223\images_30deg_N68RF\right_view\ice_seals_2025_fl223_R_20250514_001942.004024_rgb.jpg,5846,9914,2733,10127,3011,1,-1,false_positive,1
337,\\akc0ss-n086\NMML_Polar_Imagery_4\Surveys_IceSeals_2025\fl223\images_30deg_N68RF\right_view\ice_seals_2025_fl223_R_20250514_001943.079570_rgb.jpg,5847,5394,5509,5611,5714,1,-1,false_positive,1
338,\\akc0ss-n086\NMML_Polar_Imagery_4\Surveys_IceSeals_2025\fl223\images_30deg_N68RF\right_view\ice_seals_2025_fl223_R_20250514_001944.155380_rgb.jpg,5848,4479,4640,4677,4964,1,-1,false_positive,1
339,\\akc0ss-n086\NMML_Polar_Imagery_4\Surveys_IceSeals_2025\fl223\images_30deg_N68RF\right_view\ice_seals_2025_fl223_R_20250514_002000.287841_rgb.jpg,5863,7115,6367,7295,6561,1,-1,false_positive,1
340,\\akc0ss-n086\NMML_Polar_Imagery_4\Surveys_IceSeals_2025\fl223\images_30deg_N68RF\right_view\ice_seals_2025_fl223_R_20250514_002000.287841_rgb.jpg,5863,3692,2588,3892,2795,1,-1,false_positive,1
341,\\akc0ss-n086\NMML_Polar_Imagery_4\Surveys_IceSeals_2025\fl223\images_30deg_N68RF\right_view\ice_seals_2025_fl223_R_20250514_002001.367146_rgb.jpg,5864,10506,1923,10753,2185,1,-1,false_positive,1
342,\\akc0ss-n086\NMML_Polar_Imagery_4\Surveys_IceSeals_2025\fl223\images_30deg_N68RF\right_view\ice_seals_2025_fl223_R_20250514_002013.196383_rgb.jpg,5875,11835,3566,12081,3822,1,-1,false_positive,1
343,\\akc0ss-n086\NMML_Polar_Imagery_4\Surveys_IceSeals_2025\fl223\images_30deg_N68RF\right_view\ice_seals_2025_fl223_R_20250514_002015.355658_rgb.jpg,5877,6050,7628,6261,7904,1,-1,false_positive,1
344,\\akc0ss-n086\NMML_Polar_Imagery_4\Surveys_IceSeals_2025\fl223\images_30deg_N68RF\right_view\ice_seals_2025_fl223_R_20250514_002015.355658_rgb.jpg,5877,6083,7692,6291,7992,1,-1,false_positive,1
345,\\akc0ss-n086\NMML_Polar_Imagery_4\Surveys_IceSeals_2025\fl223\images_30deg_N68RF\right_view\ice_seals_2025_fl223_R_20250514_002035.835503_rgb.jpg,5896,1718,8624,1969,8866,1,-1,false_positive,1
346,\\akc0ss-n086\NMML_Polar_Imagery_4\Surveys_IceSeals_2025\fl223\images_30deg_N68RF\right_view\ice_seals_2025_fl223_R_20250514_002036.913049_rgb.jpg,5897,4568,8068,4771,8357,1,-1,false_positive,1
347,\\akc0ss-n086\NMML_Polar_Imagery_4\Surveys_IceSeals_2025\fl223\images_30deg_N68RF\right_view\ice_seals_2025_fl223_R_20250514_002042.307982_rgb.jpg,5902,4096,8201,4307,8473,1,-1,false_positive,1
348,\\akc0ss-n086\NMML_Polar_Imagery_4\Surveys_IceSeals_2025\fl223\images_30deg_N68RF\right_view\ice_seals_2025_fl223_R_20250514_002154.313059_rgb.jpg,5906,3364,8276,3554,8484,1,-1,false_positive,1
349,\\akc0ss-n086\NMML_Polar_Imagery_4\Surveys_IceSeals_2025\fl223\images_30deg_N68RF\right_view\ice_seals_2025_fl223_R_20250514_002206.123631_rgb.jpg,5917,3894,5506,4216,5725,1,-1,false_positive,1
350,\\akc0ss-n086\NMML_Polar_Imagery_4\Surveys_IceSeals_2025\fl223\images_30deg_N68RF\right_view\ice_seals_2025_fl223_R_20250514_002209.347335_rgb.jpg,5920,10634,3519,10746,3675,1,-1,bearded_seal,1,(trk-atr) age_class nonpup,(trk-atr) age_class_confidence positive,(trk-atr) species_confidence positive
351,\\akc0ss-n086\NMML_Polar_Imagery_4\Surveys_IceSeals_2025\fl223\images_30deg_N68RF\right_view\ice_seals_2025_fl223_R_20250514_002209.347335_rgb.jpg,5920,10331,2870,10451,3006,1,-1,bearded_seal,1,(trk-atr) age_class nonpup,(trk-atr) age_class_confidence positive,(trk-atr) species_confidence positive
352,\\akc0ss-n086\NMML_Polar_Imagery_4\Surveys_IceSeals_2025\fl223\images_30deg_N68RF\right_view\ice_seals_2025_fl223_R_20250514_002210.422460_rgb.jpg,5921,9938,10172,10137,10363,1,-1,off_frame,1
353,\\akc0ss-n086\NMML_Polar_Imagery_4\Surveys_IceSeals_2025\fl223\images_30deg_N68RF\right_view\ice_seals_2025_fl223_R_20250514_002212.573153_rgb.jpg,5923,7384,2005,7553,2213,1,-1,false_positive,1
354,\\akc0ss-n086\NMML_Polar_Imagery_4\Surveys_IceSeals_2025\fl223\images_30deg_N68RF\right_view\ice_seals_2025_fl223_R_20250514_002224.398607_rgb.jpg,5934,9138,3114,9345,3326,1,-1,false_positive,1
355,\\akc0ss-n086\NMML_Polar_Imagery_4\Surveys_IceSeals_2025\fl223\images_30deg_N68RF\right_view\ice_seals_2025_fl223_R_20250514_002227.624829_rgb.jpg,5937,2934,2129,3114,2319,1,-1,false_positive,1
356,\\akc0ss-n086\NMML_Polar_Imagery_4\Surveys_IceSeals_2025\fl223\images_30deg_N68RF\right_view\ice_seals_2025_fl223_R_20250514_002229.775022_rgb.jpg,5939,3874,1920,4098,2207,1,-1,false_positive,1
357,\\akc0ss-n086\NMML_Polar_Imagery_4\Surveys_IceSeals_2025\fl223\images_30deg_N68RF\right_view\ice_seals_2025_fl223_R_20250514_002230.850388_rgb.jpg,5940,5464,6297,5708,6549,1,-1,false_positive,1
358,\\akc0ss-n086\NMML_Polar_Imagery_4\Surveys_IceSeals_2025\fl223\images_30deg_N68RF\right_view\ice_seals_2025_fl223_R_20250514_002233.003000_rgb.jpg,5942,3077,8093,3276,8345,1,-1,false_positive,1
359,\\akc0ss-n086\NMML_Polar_Imagery_4\Surveys_IceSeals_2025\fl223\images_30deg_N68RF\right_view\ice_seals_2025_fl223_R_20250514_002235.155715_rgb.jpg,5944,8632,8583,8846,8775,1,-1,false_positive,1
360,\\akc0ss-n086\NMML_Polar_Imagery_4\Surveys_IceSeals_2025\fl223\images_30deg_N68RF\right_view\ice_seals_2025_fl223_R_20250514_002238.384315_rgb.jpg,5947,10765,2405,10985,2651,1,-1,false_positive,1
361,\\akc0ss-n086\NMML_Polar_Imagery_4\Surveys_IceSeals_2025\fl223\images_30deg_N68RF\right_view\ice_seals_2025_fl223_R_20250514_002239.459300_rgb.jpg,5948,11311,9596,11593,9835,1,-1,off_frame,1
362,\\akc0ss-n086\NMML_Polar_Imagery_4\Surveys_IceSeals_2025\fl223\images_30deg_N68RF\right_view\ice_seals_2025_fl223_R_20250514_002240.533710_rgb.jpg,5949,7047,3767,7245,4045,1,-1,false_positive,1
363,\\akc0ss-n086\NMML_Polar_Imagery_4\Surveys_IceSeals_2025\fl223\images_30deg_N68RF\right_view\ice_seals_2025_fl223_R_20250514_002244.831037_rgb.jpg,5953,1472,4025,1680,4239,1,-1,false_positive,1
364,\\akc0ss-n086\NMML_Polar_Imagery_4\Surveys_IceSeals_2025\fl223\images_30deg_N68RF\right_view\ice_seals_2025_fl223_R_20250514_002250.200531_rgb.jpg,5958,7726,4055,7905,4276,1,-1,false_positive,1
365,\\akc0ss-n086\NMML_Polar_Imagery_4\Surveys_IceSeals_2025\fl223\images_30deg_N68RF\right_view\ice_seals_2025_fl223_R_20250514_002258.804646_rgb.jpg,5966,7453,2727,7665,2985,1,-1,false_positive,1
366,\\akc0ss-n086\NMML_Polar_Imagery_4\Surveys_IceSeals_2025\fl223\images_30deg_N68RF\right_view\ice_seals_2025_fl223_R_20250514_002302.027827_rgb.jpg,5969,3510,7614,3735,7881,1,-1,false_positive,1
367,\\akc0ss-n086\NMML_Polar_Imagery_4\Surveys_IceSeals_2025\fl223\images_30deg_N68RF\right_view\ice_seals_2025_fl223_R_20250514_002304.176076_rgb.jpg,5971,2581,807,2857,1041,1,-1,false_positive,1
368,\\akc0ss-n086\NMML_Polar_Imagery_4\Surveys_IceSeals_2025\fl223\images_30deg_N68RF\right_view\ice_seals_2025_fl223_R_20250514_002306.324091_rgb.jpg,5973,11446,5829,11641,6058,1,-1,false_positive,1
369,\\akc0ss-n086\NMML_Polar_Imagery_4\Surveys_IceSeals_2025\fl223\images_30deg_N68RF\right_view\ice_seals_2025_fl223_R_20250514_002321.363305_rgb.jpg,5987,6922,2583,7106,2802,1,-1,false_positive,1
370,\\akc0ss-n086\NMML_Polar_Imagery_4\Surveys_IceSeals_2025\fl223\images_30deg_N68RF\right_view\ice_seals_2025_fl223_R_20250514_002349.286622_rgb.jpg,6013,3700,5466,3894,5705,1,-1,false_positive,1
371,\\akc0ss-n086\NMML_Polar_Imagery_4\Surveys_IceSeals_2025\fl223\images_30deg_N68RF\right_view\ice_seals_2025_fl223_R_20250514_002349.286622_rgb.jpg,6013,3883,5780,4112,5983,1,-1,false_positive,1
372,\\akc0ss-n086\NMML_Polar_Imagery_4\Surveys_IceSeals_2025\fl223\images_30deg_N68RF\right_view\ice_seals_2025_fl223_R_20250514_002349.286622_rgb.jpg,6013,3784,5738,4010,5959,1,-1,false_positive,1
373,\\akc0ss-n086\NMML_Polar_Imagery_4\Surveys_IceSeals_2025\fl223\images_30deg_N68RF\right_view\ice_seals_2025_fl223_R_20250514_002408.658364_rgb.jpg,6031,5277,5995,5480,6292,1,-1,false_positive,1
374,\\akc0ss-n086\NMML_Polar_Imagery_4\Surveys_IceSeals_2025\fl223\images_30deg_N68RF\right_view\ice_seals_2025_fl223_R_20250514_002411.875907_rgb.jpg,6034,7990,6870,8213,7153,1,-1,false_positive,1
375,\\akc0ss-n086\NMML_Polar_Imagery_4\Surveys_IceSeals_2025\fl223\images_30deg_N68RF\right_view\ice_seals_2025_fl223_R_20250514_002516.622935_rgb.jpg,6094,5968,4261,6160,4465,1,-1,false_positive,1
376,\\akc0ss-n086\NMML_Polar_Imagery_4\Surveys_IceSeals_2025\fl223\images_30deg_N68RF\right_view\ice_seals_2025_fl223_R_20250514_002525.287204_rgb.jpg,6102,9479,6874,9676,7096,1,-1,false_positive,1
377,\\akc0ss-n086\NMML_Polar_Imagery_4\Surveys_IceSeals_2025\fl223\images_30deg_N68RF\right_view\ice_seals_2025_fl223_R_20250514_002526.371612_rgb.jpg,6103,2557,7499,2754,7731,1,-1,false_positive,1
378,\\akc0ss-n086\NMML_Polar_Imagery_4\Surveys_IceSeals_2025\fl223\images_30deg_N68RF\right_view\ice_seals_2025_fl223_R_20250514_002541.515806_rgb.jpg,6117,7462,6238,7613,6404,1,-1,false_positive,1
379,\\akc0ss-n086\NMML_Polar_Imagery_4\Surveys_IceSeals_2025\fl223\images_30deg_N68RF\right_view\ice_seals_2025_fl223_R_20250514_002622.549326_rgb.jpg,6155,6958,5239,7168,5571,1,-1,false_positive,1
380,\\akc0ss-n086\NMML_Polar_Imagery_4\Surveys_IceSeals_2025\fl223\images_30deg_N68RF\right_view\ice_seals_2025_fl223_R_20250514_002623.627511_rgb.jpg,6156,1543,3458,1801,3647,1,-1,false_positive,1
381,\\akc0ss-n086\NMML_Polar_Imagery_4\Surveys_IceSeals_2025\fl223\images_30deg_N68RF\right_view\ice_seals_2025_fl223_R_20250514_002623.627511_rgb.jpg,6156,1524,3442,1827,3673,1,-1,false_positive,1
382,\\akc0ss-n086\NMML_Polar_Imagery_4\Surveys_IceSeals_2025\fl223\images_30deg_N68RF\right_view\ice_seals_2025_fl223_R_20250514_002635.472107_rgb.jpg,6167,2896,3227,2950,3318,1,-1,ringed_seal,1,(trk-atr) age_class nonpup,(trk-atr) age_class_confidence positive,(trk-atr) species_confidence positive
383,\\akc0ss-n086\NMML_Polar_Imagery_4\Surveys_IceSeals_2025\fl223\images_30deg_N68RF\right_view\ice_seals_2025_fl223_R_20250514_002645.154930_rgb.jpg,6176,4197,809,4367,949,1,-1,bearded_seal,1,(trk-atr) age_class nonpup,(trk-atr) age_class_confidence positive,(trk-atr) species_confidence positive
384,\\akc0ss-n086\NMML_Polar_Imagery_4\Surveys_IceSeals_2025\fl223\images_30deg_N68RF\right_view\ice_seals_2025_fl223_R_20250514_002646.231235_rgb.jpg,6177,3903,9189,4076,9313,1,-1,bearded_seal,1,(trk-atr) age_class nonpup,(trk-atr) age_class_confidence positive,(trk-atr) species_confidence positive
385,\\akc0ss-n086\NMML_Polar_Imagery_4\Surveys_IceSeals_2025\fl223\images_30deg_N68RF\right_view\ice_seals_2025_fl223_R_20250514_002715.145158_rgb.jpg,6204,6033,7865,6069,7973,1,-1,ringed_seal,1,(trk-atr) age_class nonpup,(trk-atr) age_class_confidence positive,(trk-atr) species_confidence likely
386,\\akc0ss-n086\NMML_Polar_Imagery_4\Surveys_IceSeals_2025\fl223\images_30deg_N68RF\right_view\ice_seals_2025_fl223_R_20250514_002716.212126_rgb.jpg,6205,3825,6482,4016,6669,1,-1,false_positive,1
387,\\akc0ss-n086\NMML_Polar_Imagery_4\Surveys_IceSeals_2025\fl223\images_30deg_N68RF\right_view\ice_seals_2025_fl223_R_20250514_002853.914920_rgb.jpg,6297,1782,1087,1982,1345,1,-1,false_positive,1
388,\\akc0ss-n086\NMML_Polar_Imagery_4\Surveys_IceSeals_2025\fl223\images_30deg_N68RF\right_view\ice_seals_2025_fl223_R_20250514_002854.973126_rgb.jpg,6298,1497,9691,1703,9932,1,-1,off_frame,1
389,\\akc0ss-n086\NMML_Polar_Imagery_4\Surveys_IceSeals_2025\fl223\images_30deg_N68RF\right_view\ice_seals_2025_fl223_R_20250514_002901.326626_rgb.jpg,6304,3735,5040,3892,5175,1,-1,false_positive,1
390,\\akc0ss-n086\NMML_Polar_Imagery_4\Surveys_IceSeals_2025\fl223\images_30deg_N68RF\right_view\ice_seals_2025_fl223_R_20250514_003147.008069_rgb.jpg,6460,8866,3876,9042,4073,1,-1,false_positive,1
391,\\akc0ss-n086\NMML_Polar_Imagery_4\Surveys_IceSeals_2025\fl223\images_30deg_N68RF\right_view\ice_seals_2025_fl223_R_20250514_003208.692826_rgb.jpg,6480,3373,5011,3549,5180,1,-1,false_positive,1
392,\\akc0ss-n086\NMML_Polar_Imagery_4\Surveys_IceSeals_2025\fl223\images_30deg_N68RF\right_view\ice_seals_2025_fl223_R_20250514_003211.951809_rgb.jpg,6483,12187,2272,12395,2444,1,-1,false_positive,1
393,\\akc0ss-n086\NMML_Polar_Imagery_4\Surveys_IceSeals_2025\fl223\images_30deg_N68RF\right_view\ice_seals_2025_fl223_R_20250514_003211.951809_rgb.jpg,6483,12256,2452,12525,2651,1,-1,false_positive,1
394,\\akc0ss-n086\NMML_Polar_Imagery_4\Surveys_IceSeals_2025\fl223\images_30deg_N68RF\right_view\ice_seals_2025_fl223_R_20250514_003213.038535_rgb.jpg,6484,11967,9420,12146,9598,1,-1,false_positive,1
395,\\akc0ss-n086\NMML_Polar_Imagery_4\Surveys_IceSeals_2025\fl223\images_30deg_N68RF\right_view\ice_seals_2025_fl223_R_20250514_003213.038535_rgb.jpg,6484,12050,9578,12290,9752,1,-1,off_frame,1
396,\\akc0ss-n086\NMML_Polar_Imagery_4\Surveys_IceSeals_2025\fl223\images_30deg_N68RF\right_view\ice_seals_2025_fl223_R_20250514_003213.038535_rgb.jpg,6484,11987,9367,12227,9587,1,-1,false_positive,1
397,\\akc0ss-n086\NMML_Polar_Imagery_4\Surveys_IceSeals_2025\fl223\images_30deg_N68RF\right_view\ice_seals_2025_fl223_R_20250514_004416.956229_rgb.jpg,6689,5687,755,5881,1015,1,-1,false_positive,1
398,\\akc0ss-n086\NMML_Polar_Imagery_4\Surveys_IceSeals_2025\fl223\images_30deg_N68RF\right_view\ice_seals_2025_fl223_R_20250514_004418.067338_rgb.jpg,6690,5866,8749,6053,9022,1,-1,false_positive,1
399,\\akc0ss-n086\NMML_Polar_Imagery_4\Surveys_IceSeals_2025\fl223\images_30deg_N68RF\right_view\ice_seals_2025_fl223_R_20250514_004448.071129_rgb.jpg,6717,7971,7792,8227,8010,1,-1,false_positive,1
400,\\akc0ss-n086\NMML_Polar_Imagery_4\Surveys_IceSeals_2025\fl223\images_30deg_N68RF\right_view\ice_seals_2025_fl223_R_20250514_004502.543842_rgb.jpg,6730,5211,3589,5421,3806,1,-1,false_positive,1
401,\\akc0ss-n086\NMML_Polar_Imagery_4\Surveys_IceSeals_2025\fl223\images_30deg_N68RF\right_view\ice_seals_2025_fl223_R_20250514_004522.652609_rgb.jpg,6748,9810,5472,9864,5609,1,-1,bearded_seal,1,(trk-atr) age_class nonpup,(trk-atr) age_class_confidence likely,(trk-atr) species_confidence guess
402,\\akc0ss-n086\NMML_Polar_Imagery_4\Surveys_IceSeals_2025\fl223\images_30deg_N68RF\right_view\ice_seals_2025_fl223_R_20250514_004555.188097_rgb.jpg,6777,2722,5144,2912,5433,1,-1,false_positive,1
403,\\akc0ss-n086\NMML_Polar_Imagery_4\Surveys_IceSeals_2025\fl223\images_30deg_N68RF\right_view\ice_seals_2025_fl223_R_20250514_004604.183754_rgb.jpg,6785,7626,6691,7756,6792,1,-1,bearded_seal,1,(trk-atr) age_class nonpup,(trk-atr) age_class_confidence positive,(trk-atr) species_confidence positive
404,\\akc0ss-n086\NMML_Polar_Imagery_4\Surveys_IceSeals_2025\fl223\images_30deg_N68RF\right_view\ice_seals_2025_fl223_R_20250514_004618.836306_rgb.jpg,6798,2995,7321,3306,7529,1,-1,false_positive,1
405,\\akc0ss-n086\NMML_Polar_Imagery_4\Surveys_IceSeals_2025\fl223\images_30deg_N68RF\right_view\ice_seals_2025_fl223_R_20250514_004650.488887_rgb.jpg,6826,9146,4446,9416,4641,1,-1,false_positive,1
406,\\akc0ss-n086\NMML_Polar_Imagery_4\Surveys_IceSeals_2025\fl223\images_30deg_N68RF\right_view\ice_seals_2025_fl223_R_20250514_004709.718873_rgb.jpg,6843,10780,2853,11071,3077,1,-1,false_positive,1
407,\\akc0ss-n086\NMML_Polar_Imagery_4\Surveys_IceSeals_2025\fl223\images_30deg_N68RF\right_view\ice_seals_2025_fl223_R_20250514_004733.511082_rgb.jpg,6864,12101,2047,12324,2276,1,-1,false_positive,1
408,\\akc0ss-n086\NMML_Polar_Imagery_4\Surveys_IceSeals_2025\fl223\images_30deg_N68RF\right_view\ice_seals_2025_fl223_R_20250514_004734.646171_rgb.jpg,6865,12177,9048,12413,9296,1,-1,false_positive,1
409,\\akc0ss-n086\NMML_Polar_Imagery_4\Surveys_IceSeals_2025\fl223\images_30deg_N68RF\right_view\ice_seals_2025_fl223_R_20250514_004739.189718_rgb.jpg,6869,9775,3161,9989,3378,1,-1,false_positive,1
410,\\akc0ss-n086\NMML_Polar_Imagery_4\Surveys_IceSeals_2025\fl223\images_30deg_N68RF\right_view\ice_seals_2025_fl223_R_20250514_004739.189718_rgb.jpg,6869,7017,6701,7217,6920,1,-1,false_positive,1
411,\\akc0ss-n086\NMML_Polar_Imagery_4\Surveys_IceSeals_2025\fl223\images_30deg_N68RF\right_view\ice_seals_2025_fl223_R_20250514_004743.733167_rgb.jpg,6873,4837,1015,5043,1286,1,-1,false_positive,1
412,\\akc0ss-n086\NMML_Polar_Imagery_4\Surveys_IceSeals_2025\fl223\images_30deg_N68RF\right_view\ice_seals_2025_fl223_R_20250514_004746.006663_rgb.jpg,6875,4179,4331,4392,4638,1,-1,false_positive,1
413,\\akc0ss-n086\NMML_Polar_Imagery_4\Surveys_IceSeals_2025\fl223\images_30deg_N68RF\right_view\ice_seals_2025_fl223_R_20250514_004756.258248_rgb.jpg,6884,6533,1236,6756,1479,1,-1,false_positive,1
414,\\akc0ss-n086\NMML_Polar_Imagery_4\Surveys_IceSeals_2025\fl223\images_30deg_N68RF\right_view\ice_seals_2025_fl223_R_20250514_004801.959167_rgb.jpg,6889,5076,7985,5304,8211,1,-1,false_positive,1
415,\\akc0ss-n086\NMML_Polar_Imagery_4\Surveys_IceSeals_2025\fl223\images_30deg_N68RF\right_view\ice_seals_2025_fl223_R_20250514_004803.100152_rgb.jpg,6890,7041,2167,7251,2383,1,-1,false_positive,1
416,\\akc0ss-n086\NMML_Polar_Imagery_4\Surveys_IceSeals_2025\fl223\images_30deg_N68RF\right_view\ice_seals_2025_fl223_R_20250514_004852.273267_rgb.jpg,6933,1607,1141,1675,1215,1,-1,ringed_seal,1,(trk-atr) age_class nonpup,(trk-atr) age_class_confidence likely,(trk-atr) species_confidence likely
417,\\akc0ss-n086\NMML_Polar_Imagery_4\Surveys_IceSeals_2025\fl223\images_30deg_N68RF\right_view\ice_seals_2025_fl223_R_20250514_004902.566975_rgb.jpg,6942,12650,4924,12913,5139,1,-1,false_positive,1
418,\\akc0ss-n086\NMML_Polar_Imagery_4\Surveys_IceSeals_2025\fl223\images_30deg_N68RF\right_view\ice_seals_2025_fl223_R_20250514_004926.556786_rgb.jpg,6963,11115,3099,11212,3139,1,-1,ringed_seal,1,(trk-atr) age_class nonpup,(trk-atr) age_class_confidence positive,(trk-atr) species_confidence positive
419,\\akc0ss-n086\NMML_Polar_Imagery_4\Surveys_IceSeals_2025\fl223\images_30deg_N68RF\right_view\ice_seals_2025_fl223_R_20250514_004959.608418_rgb.jpg,6992,7523,1350,7571,1449,1,-1,ringed_seal,1,(trk-atr) age_class nonpup,(trk-atr) age_class_confidence positive,(trk-atr) species_confidence positive
420,\\akc0ss-n086\NMML_Polar_Imagery_4\Surveys_IceSeals_2025\fl223\images_30deg_N68RF\right_view\ice_seals_2025_fl223_R_20250514_005000.748646_rgb.jpg,6993,7635,9195,7682,9287,1,-1,ringed_seal,1,(trk-atr) age_class nonpup,(trk-atr) age_class_confidence positive,(trk-atr) species_confidence positive
421,\\akc0ss-n086\NMML_Polar_Imagery_4\Surveys_IceSeals_2025\fl223\images_30deg_N68RF\right_view\ice_seals_2025_fl223_R_20250514_005016.693526_rgb.jpg,7007,4274,1941,4483,2199,1,-1,false_positive,1
422,\\akc0ss-n086\NMML_Polar_Imagery_4\Surveys_IceSeals_2025\fl223\images_30deg_N68RF\right_view\ice_seals_2025_fl223_R_20250514_005024.660823_rgb.jpg,7014,3910,799,3947,889,1,-1,ringed_seal,1,(trk-atr) age_class nonpup,(trk-atr) age_class_confidence positive,(trk-atr) species_confidence positive
423,\\akc0ss-n086\NMML_Polar_Imagery_4\Surveys_IceSeals_2025\fl223\images_30deg_N68RF\right_view\ice_seals_2025_fl223_R_20250514_005025.797425_rgb.jpg,7015,3954,9134,3994,9214,1,-1,ringed_seal,1,(trk-atr) age_class nonpup,(trk-atr) age_class_confidence positive,(trk-atr) species_confidence positive
424,\\akc0ss-n086\NMML_Polar_Imagery_4\Surveys_IceSeals_2025\fl223\images_30deg_N68RF\right_view\ice_seals_2025_fl223_R_20250514_005025.797425_rgb.jpg,7015,902,5797,1112,6071,1,-1,false_positive,1
425,\\akc0ss-n086\NMML_Polar_Imagery_4\Surveys_IceSeals_2025\fl223\images_30deg_N68RF\right_view\ice_seals_2025_fl223_R_20250514_005029.206548_rgb.jpg,7018,3689,2976,3882,3168,1,-1,false_positive,1
426,\\akc0ss-n086\NMML_Polar_Imagery_4\Surveys_IceSeals_2025\fl223\images_30deg_N68RF\right_view\ice_seals_2025_fl223_R_20250514_005030.342617_rgb.jpg,7019,7538,3355,7835,3624,1,-1,false_positive,1
427,\\akc0ss-n086\NMML_Polar_Imagery_4\Surveys_IceSeals_2025\fl223\images_30deg_N68RF\right_view\ice_seals_2025_fl223_R_20250514_005032.614834_rgb.jpg,7021,9425,6278,9638,6621,1,-1,false_positive,1
428,\\akc0ss-n086\NMML_Polar_Imagery_4\Surveys_IceSeals_2025\fl223\images_30deg_N68RF\right_view\ice_seals_2025_fl223_R_20250514_005032.614834_rgb.jpg,7021,7236,5861,7427,6076,1,-1,false_positive,1
429,\\akc0ss-n086\NMML_Polar_Imagery_4\Surveys_IceSeals_2025\fl223\images_30deg_N68RF\right_view\ice_seals_2025_fl223_R_20250514_005033.750519_rgb.jpg,7022,781,1859,987,2112,1,-1,false_positive,1
430,\\akc0ss-n086\NMML_Polar_Imagery_4\Surveys_IceSeals_2025\fl223\images_30deg_N68RF\right_view\ice_seals_2025_fl223_R_20250514_005039.426733_rgb.jpg,7027,883,6602,989,6858,1,-1,false_positive,1
431,\\akc0ss-n086\NMML_Polar_Imagery_4\Surveys_IceSeals_2025\fl223\images_30deg_N68RF\right_view\ice_seals_2025_fl223_R_20250514_005040.560745_rgb.jpg,7028,6879,1478,7098,1723,1,-1,false_positive,1
432,\\akc0ss-n086\NMML_Polar_Imagery_4\Surveys_IceSeals_2025\fl223\images_30deg_N68RF\right_view\ice_seals_2025_fl223_R_20250514_005155.368521_rgb.jpg,7032,1314,841,1719,1069,1,-1,false_positive,1
433,\\akc0ss-n086\NMML_Polar_Imagery_4\Surveys_IceSeals_2025\fl223\images_30deg_N68RF\right_view\ice_seals_2025_fl223_R_20250514_005222.620357_rgb.jpg,7056,7216,5856,7402,6244,1,-1,false_positive,1
434,\\akc0ss-n086\NMML_Polar_Imagery_4\Surveys_IceSeals_2025\fl223\images_30deg_N68RF\right_view\ice_seals_2025_fl223_R_20250514_005224.888587_rgb.jpg,7058,4880,4559,4986,4719,1,-1,bearded_seal,1,(trk-atr) age_class nonpup,(trk-atr) age_class_confidence positive,(trk-atr) species_confidence positive
435,\\akc0ss-n086\NMML_Polar_Imagery_4\Surveys_IceSeals_2025\fl223\images_30deg_N68RF\right_view\ice_seals_2025_fl223_R_20250514_005253.269351_rgb.jpg,7083,12706,9850,12927,10047,1,-1,off_frame,1
436,\\akc0ss-n086\NMML_Polar_Imagery_4\Surveys_IceSeals_2025\fl223\images_30deg_N68RF\right_view\ice_seals_2025_fl223_R_20250514_005256.675193_rgb.jpg,7086,3730,7032,3911,7299,1,-1,false_positive,1
437,\\akc0ss-n086\NMML_Polar_Imagery_4\Surveys_IceSeals_2025\fl223\images_30deg_N68RF\right_view\ice_seals_2025_fl223_R_20250514_005257.810384_rgb.jpg,7087,6598,1729,6832,1980,1,-1,false_positive,1
438,\\akc0ss-n086\NMML_Polar_Imagery_4\Surveys_IceSeals_2025\fl223\images_30deg_N68RF\right_view\ice_seals_2025_fl223_R_20250514_005318.280112_rgb.jpg,7105,1349,4123,1559,4321,1,-1,false_positive,1
439,\\akc0ss-n086\NMML_Polar_Imagery_4\Surveys_IceSeals_2025\fl223\images_30deg_N68RF\right_view\ice_seals_2025_fl223_R_20250514_005319.419178_rgb.jpg,7106,10821,2730,11033,3049,1,-1,false_positive,1
440,\\akc0ss-n086\NMML_Polar_Imagery_4\Surveys_IceSeals_2025\fl223\images_30deg_N68RF\right_view\ice_seals_2025_fl223_R_20250514_005320.558166_rgb.jpg,7107,10844,10004,11054,10314,1,-1,off_frame,1
441,\\akc0ss-n086\NMML_Polar_Imagery_4\Surveys_IceSeals_2025\fl223\images_30deg_N68RF\right_view\ice_seals_2025_fl223_R_20250514_005325.112415_rgb.jpg,7111,6645,1965,6862,2158,1,-1,false_positive,1
442,\\akc0ss-n086\NMML_Polar_Imagery_4\Surveys_IceSeals_2025\fl223\images_30deg_N68RF\right_view\ice_seals_2025_fl223_R_20250514_005326.251041_rgb.jpg,7112,6612,9860,6812,10036,1,-1,off_frame,1
443,\\akc0ss-n086\NMML_Polar_Imagery_4\Surveys_IceSeals_2025\fl223\images_30deg_N68RF\right_view\ice_seals_2025_fl223_R_20250514_005328.529017_rgb.jpg,7114,9709,7385,9909,7627,1,-1,false_positive,1
444,\\akc0ss-n086\NMML_Polar_Imagery_4\Surveys_IceSeals_2025\fl223\images_30deg_N68RF\right_view\ice_seals_2025_fl223_R_20250514_005329.668188_rgb.jpg,7115,8323,2381,8574,2584,1,-1,false_positive,1
445,\\akc0ss-n086\NMML_Polar_Imagery_4\Surveys_IceSeals_2025\fl223\images_30deg_N68RF\right_view\ice_seals_2025_fl223_R_20250514_005331.948158_rgb.jpg,7117,3691,4845,3901,5027,1,-1,false_positive,1
446,\\akc0ss-n086\NMML_Polar_Imagery_4\Surveys_IceSeals_2025\fl223\images_30deg_N68RF\right_view\ice_seals_2025_fl223_R_20250514_005333.089306_rgb.jpg,7118,3312,7175,3499,7359,1,-1,false_positive,1
447,\\akc0ss-n086\NMML_Polar_Imagery_4\Surveys_IceSeals_2025\fl223\images_30deg_N68RF\right_view\ice_seals_2025_fl223_R_20250514_005333.089306_rgb.jpg,7118,7581,8175,7753,8354,1,-1,false_positive,1
448,\\akc0ss-n086\NMML_Polar_Imagery_4\Surveys_IceSeals_2025\fl223\images_30deg_N68RF\right_view\ice_seals_2025_fl223_R_20250514_005333.089306_rgb.jpg,7118,3845,3273,4116,3457,1,-1,false_positive,1
449,\\akc0ss-n086\NMML_Polar_Imagery_4\Surveys_IceSeals_2025\fl223\images_30deg_N68RF\right_view\ice_seals_2025_fl223_R_20250514_005333.089306_rgb.jpg,7118,7443,8248,7608,8411,1,-1,false_positive,1
450,\\akc0ss-n086\NMML_Polar_Imagery_4\Surveys_IceSeals_2025\fl223\images_30deg_N68RF\right_view\ice_seals_2025_fl223_R_20250514_005334.230734_rgb.jpg,7119,3316,6425,3509,6704,1,-1,false_positive,1
451,\\akc0ss-n086\NMML_Polar_Imagery_4\Surveys_IceSeals_2025\fl223\images_30deg_N68RF\right_view\ice_seals_2025_fl223_R_20250514_005408.508692_rgb.jpg,7149,7438,7815,7617,8010,1,-1,false_positive,1
452,\\akc0ss-n086\NMML_Polar_Imagery_4\Surveys_IceSeals_2025\fl223\images_30deg_N68RF\right_view\ice_seals_2025_fl223_R_20250514_005413.087203_rgb.jpg,7153,11973,2069,12048,2113,1,-1,ringed_seal,1,(trk-atr) age_class nonpup,(trk-atr) age_class_confidence positive,(trk-atr) species_confidence likely
453,\\akc0ss-n086\NMML_Polar_Imagery_4\Surveys_IceSeals_2025\fl223\images_30deg_N68RF\right_view\ice_seals_2025_fl223_R_20250514_005414.232129_rgb.jpg,7154,11930,9231,12022,9293,1,-1,ringed_seal,1,(trk-atr) age_class nonpup,(trk-atr) age_class_confidence positive,(trk-atr) species_confidence likely
454,\\akc0ss-n086\NMML_Polar_Imagery_4\Surveys_IceSeals_2025\fl223\images_30deg_N68RF\right_view\ice_seals_2025_fl223_R_20250513_224604.755563_rgb.jpg,887,10307,245,10344,313,1,-1,ringed_seal,1,(trk-atr) age_class nonpup,(trk-atr) age_class_confidence positive,(trk-atr) species_confidence positive
455,\\akc0ss-n086\NMML_Polar_Imagery_4\Surveys_IceSeals_2025\fl223\images_30deg_N68RF\right_view\ice_seals_2025_fl223_R_20250514_002635.472107_rgb.jpg,6167,2822,3304,2914,3347,1,-1,ringed_seal,1,(trk-atr) age_class nonpup,(trk-atr) age_class_confidence positive,(trk-atr) species_confidence positive
456,\\akc0ss-n086\NMML_Polar_Imagery_4\Surveys_IceSeals_2025\fl223\images_30deg_N68RF\right_view\ice_seals_2025_fl223_R_20250513_230904.742234_rgb.jpg,2067,556,1986,593,2075,1,-1,ringed_seal,1,(trk-atr) age_class nonpup,(trk-atr) age_class_confidence positive,(trk-atr) species_confidence likely
457,\\akc0ss-n086\NMML_Polar_Imagery_4\Surveys_IceSeals_2025\fl223\images_30deg_N68RF\right_view\ice_seals_2025_fl223_R_20250513_230904.742234_rgb.jpg,2067,0,1391,67,1436,1,-1,ringed_seal,1,(trk-atr) age_class nonpup,(trk-atr) age_class_confidence positive,(trk-atr) species_confidence likely
