ReferenceID,StartTime,EndTime,,,
2024-NCO-129,0:09:25,0:29:25,,,
2024-NCD-108,0:05:00,0:25:00,,,
2024-NCD-093,0:05:00,0:25:00,,,
2024-NCD-504,0:10:00,0:30:00,,,
2024-NCO-047,0:10:00,0:30:00,,,
2024-NCD-063,0:10:00,0:30:00,,,
2024-NCO-137,0:10:00,0:30:00,,,
2024-NCD-019,0:10:00,0:30:00,,,
2024-NCO-094,0:10:00,0:30:00,,,
2024-NCD-087,0:10:00,0:30:00,,,
2024-NCO-084,0:10:00,0:30:00,,,
2024-NCO-090,0:10:00,0:30:00,,,
2024-NCO-029,0:10:00,0:30:00,,,
2024-NCN-029,0:10:00,0:30:00,,,
2024-NCN-041,0:10:00,0:30:00,,,
2024-NCN-032,0:10:00,0:30:00,,,
2024-NCO-052,0:10:00,0:30:00,,,
2024-NCO-049,0:10:00,0:30:00,,,
2024-NCO-048,0:10:00,0:30:00,,,
2024-NCD-066,0:09:28,0:29:28,,,
2024-NCN-016,0:08:56,0:28:56,,,
2024-NCO-057,0:10:00,0:30:00,,,
2024-NCO-070,0:10:00,0:30:00,,,
2024-NCO-075,0:10:00,0:30:00,,,
2024-NCD-004,0:10:00,0:30:00,,,
2024-NCO-073,0:10:00,0:30:00,,,
2024-NCN-076,0:10:00,0:30:00,,,
2024-NCN-109,0:10:00,0:30:00,,,
2024-NCO-004,0:10:00,0:30:00,,,
2024-NCN-085,0:10:00,0:30:00,,,
2024-NCO-124,0:10:00,0:30:00,,,
2024-NCN-091,0:12:20,0:29:45,,,
2024-NCO-118,0:10:00,0:30:00,,,
2024-NCO-037,0:10:00,0:30:00,,,
2024-NCO-142,0:10:00,0:30:00,,,
2024-NCD-092,0:10:00,0:30:00,,,
2024-NCO-088,0:10:00,0:30:00,,,
2024-NCO-140,0:10:00,0:30:00,,,
2024-NCD-155,0:10:00,0:30:00,,,
2024-NCO-145,0:10:00,0:30:00,,,
2024-NCN-110,0:10:00,0:30:00,,,
2024-NCN-038,0:10:00,0:30:00,,,
2024-NCN-502,0:10:00,0:30:00,,,
2024-NCD-106,0:05:00,0:25:00,,,
2024-NCD-125,0:05:00,0:25:00,,,
2024-NCD-100,0:10:00,0:30:00,,,
2024-NCD-026,0:10:00,0:30:00,,,
2024-NCD-030,0:10:00,0:30:00,,,
2024-NCN-009,0:09:43,0:29:43,,,
2024-NCD-012,0:10:00,0:30:00,,,
2024-NCD-061,0:10:00,0:30:00,,,
2024-NCD-080,0:10:00,0:30:00,,,
2024-NCN-116,0:10:00,0:30:00,,,
2024-NCN-039,0:10:00,0:30:00,,,
2024-NCN-089,0:10:00,0:30:00,,,
2024-NCN-101,0:10:00,0:30:00,,,
2024-NCN-504,0:07:50,0:27:50,,,
2024-NCO-012,0:10:00,0:30:00,,,
2024-NCN-105,0:10:00,0:30:00,,,
2024-NCO-146,0:10:00,0:30:00,,,
2024-NCO-150,0:10:00,0:30:00,,,
2024-NCN-075,0:10:00,0:30:00,,,
2024-NCD-089,0:10:00,0:30:00,,,
2024-NCO-078,0:10:00,0:30:00,,,
2024-NCO-072,0:10:00,0:30:00,,,
2024-NCO-122,0:10:00,0:30:00,,,
2024-NCO-133,0:10:00,0:30:00,,,
2024-NCD-088,0:10:00,0:30:00,,,
2024-NCD-001,0:10:00,0:30:00,,,
2024-NCN-113,0:10:00,0:30:00,,,
2024-NCN-062,0:10:00,0:30:00,,,
2024-NCN-052,0:10:00,0:30:00,,,
2024-NCN-022,0:10:00,0:30:00,,,
2024-NCN-126,0:10:00,0:30:00,,,
2024-NCO-030,0:10:00,0:30:00,,,
2024-NCO-504,0:10:00,0:30:00,,,
2024-NCO-044,0:10:00,0:30:00,,,
2024-NCO-502,0:10:00,0:30:00,,,
2024-NCN-048,0:10:00,0:30:00,,,
2024-NCN-060,0:10:00,0:30:00,,,
2024-NCN-057,0:10:00,0:30:00,,,
2024-NCN-047,0:10:00,0:30:00,,,
2024-NCN-077,0:10:00,0:30:00,,,
2024-NCO-107,0:10:00,0:30:00,,,
2024-NCO-509,0:02:00,0:08:19,,,
2024-NCN-055,0:10:00,0:30:00,,,
2024-NCN-070,0:10:00,0:30:00,,,
2024-NCN-082,0:09:40,0:29:40,,,
2024-NCN-074,0:10:00,0:30:00,,,
2024-NCN-067,0:10:00,0:30:00,,,
2024-NCN-043,0:10:00,0:30:00,,,
2024-NCN-061,0:10:00,0:30:00,,,
2024-NCD-502,0:10:00,0:30:00,,,
2024-NCO-505,0:10:00,0:30:00,,,
2024-NCO-060,0:10:00,0:30:00,,,
2024-NCO-067,0:10:00,0:30:00,,,
2024-NCO-108,0:10:00,0:30:00,,,
2024-NCN-097,0:10:00,0:30:00,,,
2024-NCN-503,0:10:00,0:30:00,,,
2024-NCD-505,0:10:00,0:30:00,,,
2024-NCN-025,0:10:00,0:30:00,,,
2024-NCN-031,0:10:00,0:30:00,,,
2024-NCN-023,0:10:00,0:30:00,,,
2024-NCN-021,0:10:00,0:30:00,,,
2024-NCN-079,0:10:00,0:30:00,,,
2024-NCO-515,0:10:00,0:30:00,,,
2024-NCO-152,0:10:00,0:30:00,,,
2024-NCD-086,0:10:00,0:30:00,,,
2024-NCO-507,0:10:00,0:30:00,,,
2024-NCN-084,0:10:00,0:30:00,,,
2024-NCO-508,0:10:00,0:30:00,,,
2024-NCD-011,0:10:00,0:30:00,,,
2024-NCN-121,0:10:00,0:30:00,,,
2024-NCN-002,0:10:00,0:30:00,,,
2024-NCN-072,0:10:00,0:30:00,,,
2024-NCN-069,0:10:00,0:30:00,,,
2024-NCO-035,0:08:26,0:28:26,,,
2024-NCN-120,0:10:00,0:30:00,,,
2024-NCN-090,0:10:00,0:30:00,,,
2024-NCN-102,0:10:00,0:30:00,,,
2024-NCN-119,0:10:00,0:30:00,,,
2024-NCN-506,0:10:00,0:30:00,,,
2024-NCN-080,0:10:00,0:30:00,,,
2024-NCO-069,0:10:00,0:30:00,,,
2024-NCD-156,0:10:00,0:30:00,,,
2024-NCD-039,0:10:00,0:30:00,,,
2024-NCN-129,0:10:00,0:30:00,,,
2024-NCN-093,0:10:00,0:30:00,,,
2024-NCO-010,0:09:40,0:29:40,,,
2024-NCO-116,0:10:00,0:30:00,,,
2024-NCN-063,0:10:00,0:30:00,,,
2024-NCN-086,0:10:00,0:30:00,,,
2024-NCO-036,0:10:00,0:30:00,,,
2024-NCN-088,0:10:00,0:30:00,,,
2024-NCO-126,0:10:00,0:30:00,,,
2024-NCO-080,0:10:00,0:30:00,,,
2024-NCD-068,0:10:00,0:30:00,,,
2024-NCO-046,0:10:00,0:30:00,,,
2024-NCN-014,0:10:00,0:30:00,,,
2024-NCN-081,0:10:00,0:30:00,,,
2024-NCN-112,0:10:00,0:30:00,,,
2024-NCD-500,0:05:00,0:25:00,,,
2024-NCD-109,0:10:00,0:30:00,,,
2024-NCD-118,0:05:00,0:25:00,,,
2024-NCD-127,0:10:00,0:30:00,,,
2024-NCD-097,0:10:00,0:30:00,,,
2024-NCD-107,0:05:00,0:25:00,,,
2024-NCD-111,0:10:00,0:30:00,,,
2024-NCD-115,0:05:00,0:25:00,,,
2024-NCD-124,0:10:00,0:30:00,,,
2024-NCD-051,0:10:00,0:30:00,,,
2024-NCD-069,0:10:00,0:30:00,,,
2024-NCO-091,0:10:00,0:30:00,,,
2024-NCN-104,0:09:41,0:29:41,,,
2024-NCD-005,0:10:00,0:30:00,,,
2024-NCD-119,0:05:00,0:25:00,,,
2024-NCD-126,0:05:00,0:25:00,,,
2024-NCD-114,0:10:00,0:30:00,,,
2024-NCD-120,0:10:00,0:30:00,,,
2024-NCD-143,0:10:00,0:30:00,,,
2024-NCD-021,0:10:00,0:30:00,,,
2024-NCO-510,0:10:00,0:30:00,,,
2024-NCO-128,0:10:00,0:30:00,,,
2024-NCO-130,0:10:00,0:30:00,,,
2024-NCD-141,0:10:00,0:30:00,,,
2024-NCD-117,0:05:00,0:25:00,,,
2024-NCD-121,0:10:00,0:30:00,,,
2024-NCD-038,0:10:00,0:30:00,,,
2024-NCO-127,0:10:00,0:30:00,,,
2024-NCO-139,0:10:00,0:30:00,,,
2024-NCO-131,0:10:00,0:30:00,,,
2024-NCD-129,0:10:00,0:30:00,,,
2024-NCD-134,0:10:00,0:30:00,,,
2024-NCD-104,0:10:00,0:30:00,,,
2024-NCD-131,0:10:00,0:30:00,,,
2024-NCD-128,0:05:00,0:25:00,,,
2024-NCD-142,0:10:00,0:30:00,,,
2024-NCO-063,0:10:00,0:30:00,,,
2024-NCD-002,0:10:00,0:30:00,,,
2024-NCO-085,0:10:00,0:30:00,,,
2024-NCD-023,0:10:00,0:30:00,,,
2024-NCN-027,0:10:00,0:30:00,,,
2024-NCN-131,0:10:00,0:30:00,,,
2024-NCO-115,0:10:00,0:30:00,,,
2024-NCO-144,0:10:00,0:30:00,,,
2024-NCD-059,0:10:00,0:30:00,,,
2024-NCD-050,0:10:00,0:30:00,,,
2024-NCO-016,0:10:00,0:30:00,,,
2024-NCO-042,0:10:00,0:30:00,,,
2024-NCD-070,0:10:00,0:30:00,,,
2024-NCD-032,0:10:00,0:30:00,,,
2024-NCD-081,0:10:00,0:30:00,,,
2024-NCO-066,0:10:00,0:30:00,,,
2024-NCO-062,0:10:00,0:30:00,,,
2024-NCO-503,0:10:00,0:30:00,,,
2024-NCO-516,0:10:00,0:30:00,,,
2024-NCO-065,0:10:00,0:30:00,,,
2024-NCO-083,0:10:00,0:30:00,,,
2024-NCD-049,0:10:00,0:30:00,,,
2024-NCO-041,0:10:00,0:30:00,,,
2024-NCD-079,0:10:00,0:30:00,,,
2024-NCD-020,0:10:00,0:30:00,,,
2024-NCD-013,0:10:00,0:30:00,,,
2024-NCD-084,0:10:00,0:30:00,,,
2024-NCD-074,0:10:00,0:30:00,,,
2024-NCO-034,0:10:00,0:30:00,,,
2024-NCO-157,0:05:00,0:25:00,,,
2024-NCD-015,0:10:00,0:30:00,,,
2024-NCD-094,0:10:00,0:30:00,,,
2024-NCD-025,0:10:00,0:30:00,,,
2024-NCO-006,0:10:00,0:30:00,,,
2024-NCD-033,0:10:00,0:30:00,,,
2024-NCD-035,0:10:00,0:30:00,,,
2024-NCD-503,0:10:00,0:30:00,,,
2024-NCO-038,0:10:00,0:30:00,,,
2024-NCO-111,0:10:00,0:30:00,,,
2024-NCN-046,0:10:00,0:30:00,,,
2024-NCO-149,0:10:00,0:30:00,,,
2024-NCN-071,0:10:00,0:30:00,,,
2024-NCN-044,0:10:00,0:30:00,,,
2024-NCO-026,0:10:00,0:30:00,,,
2024-NCO-151,0:10:00,0:30:00,,,
2024-NCN-096,0:10:00,0:30:00,,,
2024-NCN-083,0:10:00,0:30:00,,,
2024-NCN-045,0:10:00,0:30:00,,,
2024-NCD-071,0:10:00,0:30:00,,,
2024-NCD-096,0:05:00,0:25:00,,,
2024-NCN-035,0:10:00,0:30:00,,,
2024-NCD-140,0:05:00,0:25:00,,,
2024-NCD-006,0:10:00,0:30:00,,,
2024-NCN-098,0:10:00,0:30:00,,,
2024-NCO-500,0:10:00,0:30:00,,,
2024-NCN-092,0:10:00,0:30:00,,,
2024-NCN-125,0:10:00,0:30:00,,,
2024-NCD-151,0:10:00,0:30:00,,,
2024-NCO-512,0:10:00,0:30:00,,,
2024-NCN-064,0:10:00,0:30:00,,,
2024-NCO-138,0:10:00,0:30:00,,,
2024-NCO-079,0:10:00,0:30:00,,,
2024-NCN-094,0:10:00,0:30:00,,,
2024-NCO-103,0:10:00,0:30:00,,,
2024-NCD-003,0:05:00,0:25:00,,,
2024-NCD-144,0:05:00,0:25:00,,,
2024-NCD-064,0:10:00,0:30:00,,,
2024-NCO-098,0:10:00,0:30:00,,,
2024-NCO-100,0:10:00,0:30:00,,,
2024-NCN-003,0:10:00,0:30:00,,,
2024-NCO-097,0:10:00,0:30:00,,,
2024-NCO-134,0:10:00,0:30:00,,,
2024-NCO-093,0:10:00,0:30:00,,,
2024-NCN-053,0:10:00,0:30:00,,,
2024-NCO-123,0:10:00,0:30:00,,,
2024-NCN-108,0:10:00,0:30:00,,,
2024-NCN-114,0:10:00,0:30:00,,,
2024-NCD-122,0:10:00,0:30:00,,,
2024-NCD-123,0:10:00,0:30:00,,,
2024-NCD-501,0:10:00,0:30:00,,,
2024-NCD-137,0:10:00,0:30:00,,,
2024-NCD-132,0:10:00,0:30:00,,,
2024-NCD-098,0:05:00,0:25:00,,,
2024-NCD-101,0:05:00,0:25:00,,,
2024-NCD-145,0:10:00,0:30:00,,,
2024-NCO-014,0:10:00,0:30:00,,,
2024-NCD-044,0:10:00,0:30:00,,,
2024-NCN-103,0:10:00,0:30:00,,,
2024-NCO-109,0:10:00,0:30:00,,,
2024-NCN-017,0:10:00,0:30:00,,,
2024-NCO-022,0:10:00,0:30:00,,,
2024-NCD-058,0:10:00,0:30:00,,,
2024-NCD-054,0:10:00,0:30:00,,,
2024-NCO-051,0:10:00,0:30:00,,,
2024-NCD-060,0:10:00,0:30:00,,,
2024-NCO-059,0:10:00,0:30:00,,,
2024-NCO-068,0:09:30,0:29:30,,,
2024-NCO-082,0:10:00,0:30:00,,,
2024-NCD-103,0:05:00,0:25:00,,,
2024-NCD-110,0:10:00,0:30:00,,,
2024-NCO-064,0:10:00,0:30:00,,,
2024-NCN-028,0:10:00,0:30:00,,,
2024-NCD-065,0:10:00,0:30:00,,,
2024-NCO-007,0:09:42,0:29:42,,,
2024-NCO-008,0:10:00,0:30:00,,,
2024-NCD-036,0:10:00,0:30:00,,,
2024-NCD-073,0:10:00,0:30:00,,,
2024-NCD-042,0:10:00,0:30:00,,,
2024-NCO-092,0:10:00,0:30:00,,,
2024-NCO-015,0:10:00,0:30:00,,,
2024-NCO-501,0:10:00,0:30:00,,,
2024-NCO-013,0:10:00,0:30:00,,,
2024-NCN-073,0:10:00,0:30:00,,,
2024-NCN-049,0:10:00,0:30:00,,,
2024-NCD-149,0:10:00,0:30:00,,,
2024-NCD-147,0:05:00,0:25:00,,,
2024-NCO-001,0:09:50,0:29:50,,,
2024-NCO-061,0:10:00,0:30:00,,,
2024-NCO-017,0:10:00,0:30:00,,,
2024-NCO-039,0:10:00,0:30:00,,,
2024-NCO-106,0:10:00,0:30:00,,,
2024-NCD-072,0:10:00,0:30:00,,,
2024-NCO-003,0:10:00,0:30:00,,,
2024-NCO-110,0:10:00,0:30:00,,,
2024-NCO-095,0:10:00,0:30:00,,,
2024-NCN-019,0:10:00,0:30:00,,,
2024-NCO-113,0:10:00,0:30:00,,,
2024-NCO-102,0:10:00,0:30:00,,,
2024-NCO-105,0:10:00,0:30:00,,,
2024-NCO-081,0:10:00,0:30:00,,,
2024-NCO-074,0:10:00,0:30:00,,,
2024-NCO-141,0:10:00,0:30:00,,,
2024-NCO-135,0:10:00,0:30:00,,,
2024-NCN-124,0:10:00,0:30:00,,,
2024-NCD-075,0:10:00,0:30:00,,,
2024-NCN-130,0:10:00,0:30:00,,,
2024-NCO-154,0:10:00,0:30:00,,,
2024-NCD-022,0:10:00,0:30:00,,,
2024-NCD-028,0:09:07,0:29:07,,,
2024-NCD-024,0:05:00,0:25:00,,,
2024-NCD-037,0:10:00,0:30:00,,,
2024-NCN-100,0:10:00,0:30:00,,,
2024-NCD-090,0:10:00,0:30:00,,,
2024-NCN-095,0:10:00,0:30:00,,,
2024-NCN-066,0:10:00,0:30:00,,,
2024-NCO-087,0:10:00,0:30:00,,,
2024-NCN-118,0:10:00,0:30:00,,,
2024-NCN-037,0:10:00,0:30:00,,,
2024-NCN-054,0:10:00,0:30:00,,,
2024-NCN-059,0:10:00,0:30:00,,,
2024-NCD-083,0:10:00,0:30:00,,,
2024-NCO-025,0:10:00,0:30:00,,,
2024-NCN-033,0:10:00,0:30:00,,,
2024-NCN-042,0:10:00,0:30:00,,,
2024-NCN-078,0:10:00,0:30:00,,,
2024-NCO-058,0:10:00,0:30:00,,,
2024-NCO-511,0:10:00,0:30:00,,,
2024-NCO-101,0:10:00,0:30:00,,,
2024-NCO-077,0:10:00,0:30:00,,,
2024-NCO-121,0:10:00,0:30:00,,,
2024-NCN-111,0:10:00,0:30:00,,,
2024-NCO-019,0:10:00,0:30:00,,,
2024-NCN-013,0:10:00,0:30:00,,,
2024-NCO-033,0:10:00,0:30:00,,,
2024-NCO-028,0:10:00,0:30:00,,,
2024-NCN-051,0:10:00,0:30:00,,,
2024-NCO-120,0:10:00,0:30:00,,,
2024-NCN-011,0:10:00,0:30:00,,,
2024-NCN-117,0:10:00,0:30:00,,,
2024-NCO-148,0:10:00,0:30:00,,,
2024-NCO-506,0:10:00,0:30:00,,,
2024-NCD-043,0:10:00,0:30:00,,,
2024-NCN-106,0:10:00,0:30:00,,,
2024-NCN-065,0:10:00,0:30:00,,,
2024-NCO-104,0:10:00,0:30:00,,,
2024-NCD-116,0:05:00,0:25:00,,,
2024-NCD-130,0:05:00,0:25:00,,,
2024-NCO-056,0:10:00,0:30:00,,,
2024-NCN-004,0:10:00,0:30:00,,,
2024-NCD-014,0:10:00,0:30:00,,,
2024-NCD-506,0:10:00,0:30:00,,,
2024-NCO-514,0:10:00,0:30:00,,,
2024-NCN-056,0:10:00,0:30:00,,,
2024-NCO-054,0:10:00,0:30:00,,,
2024-NCO-055,0:10:00,0:30:00,,,
2024-NCO-076,0:10:00,0:30:00,,,
2024-NCN-030,0:10:00,0:30:00,,,
2024-NCO-053,0:09:25,0:29:25,,,
2024-NCD-148,0:05:00,0:25:00,,,
2024-NCO-002,0:10:00,0:30:00,,,
2024-NCD-057,0:15:00,0:30:00,,,
2024-NCD-146,0:05:00,0:25:00,,,
2024-NCO-032,0:10:00,0:30:00,,,
2024-NCD-153,0:10:00,0:30:00,,,
2024-NCO-023,0:10:00,0:30:00,,,
2024-NCD-047,0:10:00,0:30:00,,,
2024-NCN-050,0:10:00,0:30:00,,,
2024-NCO-027,0:10:00,0:30:00,,,
2024-NCN-040,0:10:00,0:30:00,,,
2024-NCN-034,0:10:00,0:30:00,,,
2024-NCO-147,0:10:00,0:30:00,,,
2024-NCO-153,0:08:35,0:28:35,,,
2024-NCN-015,0:09:38,0:29:38,,,
2024-NCO-112,0:10:00,0:30:00,,,
2024-NCO-117,0:10:00,0:30:00,,,
2024-NCO-086,0:10:00,0:30:00,,,
2024-NCD-055,0:10:00,0:30:00,,,
2024-NCO-119,0:10:00,0:30:00,,,
2024-NCO-096,0:10:00,0:30:00,,,
2024-NCO-513,0:10:00,0:30:00,,,
2024-NCN-127,0:10:00,0:30:00,,,
2024-NCN-099,0:10:00,0:30:00,,,
2024-NCD-009,0:10:00,0:30:00,,,
2024-NCD-031,0:11:00,0:29:50,,,
2024-NCD-048,0:10:00,0:30:00,,,
2024-NCD-056,0:10:00,0:30:00,,,
2024-NCO-009,0:10:00,0:30:00,,,
2024-NCD-018,0:08:15,0:28:15,,,
2024-NCD-135,0:05:00,0:25:00,,,
2024-NCO-005,0:10:00,0:30:00,,,
2024-NCO-114,0:10:00,0:30:00,,,
2024-NCD-154,0:10:00,0:30:00,,,
2024-NCN-500,0:10:00,0:30:00,,,
2024-NCN-020,0:10:00,0:30:00,,,
2024-NCN-068,0:10:00,0:30:00,,,
2024-NCN-501,0:10:00,0:30:00,,,
2024-NCD-076,0:12:20,0:30:00,,,
2024-NCO-071,0:10:00,0:30:00,,,
2024-NCO-136,0:10:00,0:30:00,,,
2024-NCO-158,0:10:00,0:30:00,,,
2024-NCN-136,0:10:00,0:30:00,,,
2024-NCN-132,0:09:05,0:29:05,,,
2024-NCN-010,0:10:00,0:30:00,,,
2024-NCN-087,0:10:00,0:30:00,,,
2024-NCO-043,0:10:00,0:30:00,,,
2024-NCN-005,0:10:00,0:30:00,,,
2024-NCD-029,0:10:00,0:30:00,,,
2024-NCD-136,0:09:02,0:29:02,,,
2024-NCO-143,0:10:00,0:30:00,,,
2024-NCD-105,0:10:00,0:30:00,,,
2024-NCD-112,0:05:00,0:25:00,,,
2024-NCO-132,0:09:39,0:29:39,,,
2024-NCN-505,0:10:00,0:30:00,,,
2024-NCD-150,0:04:55,0:24:55,,,
2024-NCD-017,0:10:00,0:30:00,,,
2024-NCD-041,0:10:00,0:30:00,,,
2024-NCD-053,0:10:00,0:30:00,,,
2024-NCO-089,0:10:00,0:30:00,,,
2024-NCO-155,0:10:00,0:30:00,,,
2024-NCD-133,0:05:00,0:25:00,,,
2024-NCD-139,0:05:00,0:25:00,,,
2024-NCO-156,0:10:00,0:30:00,,,
2024-NCO-021,0:09:43,0:29:43,,,
2024-NCO-018,0:10:00,0:30:00,,,
2024-NCN-026,0:10:00,0:30:00,,,
2024-NCO-099,0:10:00,0:30:00,,,
2024-NCN-036,0:10:00,0:30:00,,,
2024-NCN-024,0:10:00,0:30:00,,,
2024-NCN-018,0:10:00,0:30:00,,,
2023-NCD-005,0:05:00,0:25:00,,,
2023-NCD-006,0:05:00,0:25:00,,,
2023-NCD-007,0:05:00,0:25:00,,,
2023-NCD-009,0:10:00,0:30:00,,,
2023-NCD-010,0:10:00,0:30:00,,,
2023-NCD-011,0:05:00,0:25:00,,,
2023-NCD-013,0:05:00,0:25:00,,,
2023-NCD-015,0:10:00,0:30:00,,,
2023-NCD-016,0:05:00,0:25:00,,,
2023-NCD-017,0:05:00,0:25:00,,,
2023-NCD-018,0:10:00,0:30:00,,,
2023-NCD-020,0:05:00,0:25:00,,,
2023-NCD-022,0:10:00,0:30:00,,,
2023-NCD-023,0:05:00,0:25:00,,,
2023-NCD-024,0:05:00,0:25:00,,,
2023-NCD-025,0:10:00,0:30:00,,,
2023-NCD-026,0:05:00,0:25:00,,,
2023-NCD-027,0:10:00,0:30:00,,,
2023-NCD-028,0:05:00,0:25:00,,,
2023-NCD-029,0:05:00,0:25:00,,,
2023-NCD-030,0:05:00,0:25:00,,,
2023-NCD-031,0:05:00,0:25:00,,,
2023-NCD-032,0:05:00,0:25:00,,,
2023-NCD-033,0:05:00,0:25:00,,,
2023-NCD-035,0:10:00,0:30:00,,,
2023-NCD-036,0:10:00,0:30:00,,,
2023-NCD-037,0:05:00,0:25:00,,,
2023-NCD-039,0:05:00,0:25:00,,,
2023-NCD-040,0:05:00,0:25:00,,,
2023-NCD-041,0:05:00,0:25:00,,,
2023-NCD-042,0:05:00,0:25:00,,,
2023-NCD-043,0:10:00,0:30:00,,,
2023-NCD-045,0:10:00,0:30:00,,,
2023-NCD-046,0:05:00,0:25:00,,,
2023-NCD-047,0:05:00,0:25:00,,,
2023-NCD-048,0:05:00,0:25:00,,,
2023-NCD-050,0:05:00,0:25:00,,,
2023-NCD-051,0:05:00,0:25:00,,,
2023-NCD-052,0:05:00,0:25:00,,,
2023-NCD-053,0:10:00,0:30:00,,,
2023-NCD-054,0:05:00,0:25:00,,,
2023-NCD-055,0:10:00,0:30:00,,,
2023-NCD-056,0:05:00,0:25:00,,,
2023-NCD-057,0:05:00,0:25:00,,,
2023-NCD-059,0:05:00,0:25:00,,,
2023-NCD-061,0:10:00,0:30:00,,,
2023-NCD-062,0:05:00,0:25:00,,,
2023-NCD-063,0:05:00,0:25:00,,,
2023-NCD-064,0:05:00,0:25:00,,,
2023-NCD-066,0:05:00,0:25:00,,,
2023-NCD-067,0:05:00,0:25:00,,,
2023-NCD-068,0:05:00,0:25:00,,,
2023-NCD-070,0:10:00,0:30:00,,,
2023-NCD-073,0:10:00,0:30:00,,,
2023-NCD-077,0:10:00,0:30:00,,,
2023-NCD-078,0:10:00,0:30:00,,,
2023-NCD-079,0:10:00,0:30:00,,,
2023-NCD-080,0:05:00,0:25:00,,,
2023-NCD-082,0:05:00,0:25:00,,,
2023-NCD-083,0:10:00,0:30:00,,,
2023-NCD-084,0:05:00,0:25:00,,,
2023-NCD-086,0:05:00,0:25:00,,,
2023-NCD-087,0:10:00,0:30:00,,,
2023-NCD-089,0:10:00,0:30:00,,,
2023-NCD-091,0:10:00,0:30:00,,,
2023-NCD-094,0:10:00,0:30:00,,,
2023-NCD-096,0:10:00,0:30:00,,,
2023-NCD-097,0:10:00,0:30:00,,,
2023-NCD-099,0:10:00,0:30:00,,,
2023-NCD-100,0:10:00,0:30:00,,,
2023-NCD-101,0:10:00,0:30:00,,,
2023-NCD-102,0:10:00,0:30:00,,,
2023-NCD-103,0:05:00,0:25:00,,,
2023-NCD-105,0:05:00,0:25:00,,,
2023-NCD-106,0:05:00,0:25:00,,,
2023-NCD-107,0:05:00,0:25:00,,,
2023-NCD-108,0:05:00,0:25:00,,,
2023-NCD-109,0:05:00,0:25:00,,,
2023-NCD-110,0:05:00,0:25:00,,,
2023-NCD-111,0:05:00,0:25:00,,,
2023-NCD-112,0:05:00,0:25:00,,,
2023-NCD-113,0:05:00,0:25:00,,,
2023-NCD-114,0:05:00,0:25:00,,,
2023-NCD-116,0:05:00,0:25:00,,,
2023-NCD-117,0:05:00,0:25:00,,,
2023-NCD-118,0:05:00,0:25:00,,,
2023-NCD-119,0:05:00,0:25:00,,,
2023-NCD-120,0:05:00,0:25:00,,,
2023-NCD-121,0:05:00,0:25:00,,,
2023-NCD-122,0:10:00,0:30:00,,,
2023-NCD-123,0:05:00,0:25:00,,,
2023-NCD-124,0:10:00,0:30:00,,,
2023-NCD-125,0:05:00,0:25:00,,,
2023-NCD-126,0:10:00,0:30:00,,,
2023-NCD-127,0:05:00,0:25:00,,,
2023-NCD-128,0:05:00,0:25:00,,,
2023-NCD-129,0:05:00,0:25:00,,,
2023-NCD-130,0:05:00,0:25:00,,,
2023-NCD-131,0:10:00,0:30:00,,,
2023-NCD-132,0:10:00,0:30:00,,,
2023-NCD-133,0:05:00,0:25:00,,,
2023-NCD-134,0:05:00,0:25:00,,,
2023-NCD-135,0:10:00,0:30:00,,,
2023-NCD-136,0:05:00,0:25:00,,,
2023-NCD-137,0:05:00,0:25:00,,,
2023-NCD-138,0:10:00,0:30:00,,,
2023-NCD-139,0:05:00,0:25:00,,,
2023-NCD-140,0:10:00,0:30:00,,,
2023-NCD-141,0:05:00,0:25:00,,,
2023-NCD-142,0:05:00,0:25:00,,,
2023-NCD-143,0:05:00,0:25:00,,,
2023-NCD-144,0:10:00,0:30:00,,,
2023-NCD-145,0:05:00,0:25:00,,,
2023-NCD-146,0:10:00,0:30:00,,,
2023-NCD-147,0:05:00,0:25:00,,,
2023-NCD-148,0:05:00,0:25:00,,,
2023-NCD-149,0:10:00,0:30:00,,,
2023-NCD-150,0:10:00,0:30:00,,,
2023-NCD-151,0:05:00,0:25:00,,,
2023-NCD-152,0:05:00,0:25:00,,,
2023-NCD-153,0:05:00,0:25:00,,,
2023-NCD-154,0:05:00,0:25:00,,,
2023-NCD-155,0:10:00,0:30:00,,,
2023-NCD-156,0:10:00,0:30:00,,,
2023-NCD-157,0:10:00,0:30:00,,,
2023-NCD-158,0:10:00,0:30:00,,,
2023-NCD-159,0:05:00,0:25:00,,,
2023-NCD-500,0:05:00,0:25:00,,,
2023-NCD-501,0:05:00,0:25:00,,,
2023-NCD-502,0:10:00,0:30:00,,,
2023-NCD-503,0:05:00,0:25:00,,,
2023-NCN-002,0:05:00,0:25:00,,,
2023-NCN-003,0:05:00,0:25:00,,,
2023-NCN-004,0:10:00,0:30:00,,,
2023-NCN-007,0:05:00,0:25:00,,,
2023-NCN-009,0:05:00,0:25:00,,,
2023-NCN-015,0:10:00,0:30:00,,,
2023-NCN-017,0:05:00,0:25:00,,,
2023-NCN-018,0:10:00,0:30:00,,,
2023-NCN-021,0:10:00,0:30:00,,,
2023-NCN-023,0:10:00,0:30:00,,,
2023-NCN-024,0:05:00,0:25:00,,,
2023-NCN-025,0:05:00,0:25:00,,,
2023-NCN-026,0:10:00,0:30:00,,,
2023-NCN-027,0:10:00,0:30:00,,,
2023-NCN-028,0:10:00,0:30:00,,,
2023-NCN-029,0:10:00,0:30:00,,,
2023-NCN-030,0:10:00,0:30:00,,,
2023-NCN-031,0:10:00,0:30:00,,,
2023-NCN-032,0:05:00,0:25:00,,,
2023-NCN-033,0:05:00,0:25:00,,,
2023-NCN-034,0:10:00,0:30:00,,,
2023-NCN-035,0:05:00,0:25:00,,,
2023-NCN-037,0:05:00,0:25:00,,,
2023-NCN-041,0:10:00,0:30:00,,,
2023-NCN-042,0:10:00,0:30:00,,,
2023-NCN-043,0:05:00,0:25:00,,,
2023-NCN-044,0:10:00,0:30:00,,,
2023-NCN-045,0:10:00,0:30:00,,,
2023-NCN-046,0:10:00,0:30:00,,,
2023-NCN-047,0:10:00,0:30:00,,,
2023-NCN-048,0:10:00,0:30:00,,,
2023-NCN-049,0:10:00,0:30:00,,,
2023-NCN-050,0:10:00,0:30:00,,,
2023-NCN-052,0:10:00,0:30:00,,,
2023-NCN-053,0:10:00,0:30:00,,,
2023-NCN-054,0:10:00,0:30:00,,,
2023-NCN-055,0:10:00,0:30:00,,,
2023-NCN-056,0:10:00,0:30:00,,,
2023-NCN-057,0:10:00,0:30:00,,,
2023-NCN-058,0:10:00,0:30:00,,,
2023-NCN-059,0:10:00,0:30:00,,,
2023-NCN-061,0:10:00,0:30:00,,,
2023-NCN-062,0:05:00,0:25:00,,,
2023-NCN-063,0:10:00,0:30:00,,,
2023-NCN-064,0:10:00,0:30:00,,,
2023-NCN-065,0:05:00,0:25:00,,,
2023-NCN-066,0:10:00,0:30:00,,,
2023-NCN-067,0:05:00,0:25:00,,,
2023-NCN-068,0:10:00,0:30:00,,,
2023-NCN-069,0:10:00,0:30:00,,,
2023-NCN-070,0:05:00,0:25:00,,,
2023-NCN-071,0:10:00,0:30:00,,,
2023-NCN-072,0:10:00,0:30:00,,,
2023-NCN-073,0:10:00,0:30:00,,,
2023-NCN-074,0:05:00,0:25:00,,,
2023-NCN-075,0:10:00,0:30:00,,,
2023-NCN-076,0:10:00,0:30:00,,,
2023-NCN-077,0:10:00,0:30:00,,,
2023-NCN-078,0:10:00,0:30:00,,,
2023-NCN-079,0:10:00,0:30:00,,,
2023-NCN-080,0:05:00,0:25:00,,,
2023-NCN-081,0:05:00,0:25:00,,,
2023-NCN-082,0:10:00,0:30:00,,,
2023-NCN-083,0:05:00,0:25:00,,,
2023-NCN-084,0:05:00,0:25:00,,,
2023-NCN-085,0:05:00,0:25:00,,,
2023-NCN-086,0:05:00,0:25:00,,,
2023-NCN-087,0:10:00,0:30:00,,,
2023-NCN-088,0:10:00,0:30:00,,,
2023-NCN-089,0:10:00,0:30:00,,,
2023-NCN-090,0:05:00,0:25:00,,,
2023-NCN-091,0:05:00,0:25:00,,,
2023-NCN-092,0:10:00,0:30:00,,,
2023-NCN-093,0:10:00,0:30:00,,,
2023-NCN-094,0:10:00,0:30:00,,,
2023-NCN-095,0:10:00,0:30:00,,,
2023-NCN-096,0:10:00,0:30:00,,,
2023-NCN-097,0:05:00,0:25:00,,,
2023-NCN-098,0:05:00,0:25:00,,,
2023-NCN-099,0:05:00,0:25:00,,,
2023-NCN-100,0:10:00,0:30:00,,,
2023-NCN-101,0:05:00,0:25:00,,,
2023-NCN-102,0:10:00,0:30:00,,,
2023-NCN-103,0:05:00,0:25:00,,,
2023-NCN-104,0:05:00,0:25:00,,,
2023-NCN-105,0:10:00,0:30:00,,,
2023-NCN-106,0:05:00,0:25:00,,,
2023-NCN-108,0:05:00,0:25:00,,,
2023-NCN-109,0:05:00,0:25:00,,,
2023-NCN-110,0:05:00,0:25:00,,,
2023-NCN-111,0:10:00,0:30:00,,,
2023-NCN-112,0:05:00,0:25:00,,,
2023-NCN-113,0:05:00,0:25:00,,,
2023-NCN-114,0:05:00,0:25:00,,,
2023-NCN-115,0:10:00,0:30:00,,,
2023-NCN-116,0:05:00,0:25:00,,,
2023-NCN-117,0:05:00,0:25:00,,,
2023-NCN-118,0:05:00,0:25:00,,,
2023-NCN-119,0:05:00,0:25:00,,,
2023-NCN-120,0:05:00,0:25:00,,,
2023-NCN-121,0:05:00,0:25:00,,,
2023-NCN-122,0:05:00,0:25:00,,,
2023-NCN-123,0:05:00,0:25:00,,,
2023-NCN-124,0:05:00,0:25:00,,,
2023-NCN-125,0:05:00,0:25:00,,,
2023-NCN-126,0:10:00,0:30:00,,,
2023-NCN-127,0:05:00,0:25:00,,,
2023-NCN-128,0:05:00,0:25:00,,,
2023-NCN-129,0:10:00,0:30:00,,,
2023-NCN-130,0:05:00,0:25:00,,,
2023-NCN-134,0:05:00,0:25:00,,,
2023-NCN-135,0:05:00,0:25:00,,,
2023-NCN-136,0:05:00,0:25:00,,,
2023-NCN-137,0:10:00,0:30:00,,,
2023-NCN-138,0:05:00,0:25:00,,,
2023-NCN-500,0:10:00,0:30:00,,,
2023-NCN-501,0:10:00,0:30:00,,,
2023-NCN-502,0:05:00,0:25:00,,,
2023-NCN-503,0:10:00,0:30:00,,,
2023-NCN-504,0:10:00,0:30:00,,,
2023-NCN-505,0:10:00,0:30:00,,,
2023-NCN-506,0:05:00,0:25:00,,,
2023-NCO-001,0:05:00,0:25:00,,,
2023-NCO-002,0:05:00,0:25:00,,,
2023-NCO-011,0:05:00,0:25:00,,,
2023-NCO-012,0:05:00,0:25:00,,,
2023-NCO-013,0:05:00,0:25:00,,,
2023-NCO-015,0:05:00,0:25:00,,,
2023-NCO-020,0:05:00,0:25:00,,,
2023-NCO-021,0:10:00,0:30:00,,,
2023-NCO-022,0:10:00,0:30:00,,,
2023-NCO-023,0:10:00,0:30:00,,,
2023-NCO-025,0:05:00,0:25:00,,,
2023-NCO-026,0:05:00,0:25:00,,,
2023-NCO-028,0:05:00,0:25:00,,,
2023-NCO-029,0:10:00,0:30:00,,,
2023-NCO-038,0:05:00,0:25:00,,,
2023-NCO-040,0:10:00,0:30:00,,,
2023-NCO-042,0:05:00,0:25:00,,,
2023-NCO-043,0:05:00,0:25:00,,,
2023-NCO-044,0:10:00,0:30:00,,,
2023-NCO-048,0:10:00,0:30:00,,,
2023-NCO-050,0:05:00,0:25:00,,,
2023-NCO-051,0:10:00,0:30:00,,,
2023-NCO-053,0:05:00,0:25:00,,,
2023-NCO-054,0:05:00,0:25:00,,,
2023-NCO-055,0:10:00,0:30:00,,,
2023-NCO-058,0:10:00,0:30:00,,,
2023-NCO-060,0:05:00,0:25:00,,,
2023-NCO-062,0:05:00,0:25:00,,,
2023-NCO-066,0:10:00,0:30:00,,,
2023-NCO-067,0:10:00,0:30:00,,,
2023-NCO-068,0:10:00,0:30:00,,,
2023-NCO-069,0:05:00,0:25:00,,,
2023-NCO-072,0:05:00,0:25:00,,,
2023-NCO-073,0:10:00,0:30:00,,,
2023-NCO-074,0:05:00,0:25:00,,,
2023-NCO-076,0:05:00,0:25:00,,,
2023-NCO-077,0:10:00,0:30:00,,,
2023-NCO-078,0:05:00,0:25:00,,,
2023-NCO-080,0:10:00,0:30:00,,,
2023-NCO-081,0:10:00,0:30:00,,,
2023-NCO-082,0:10:00,0:30:00,,,
2023-NCO-083,0:05:00,0:25:00,,,
2023-NCO-084,0:05:00,0:25:00,,,
2023-NCO-085,0:10:00,0:30:00,,,
2023-NCO-088,0:05:00,0:25:00,,,
2023-NCO-090,0:10:00,0:30:00,,,
2023-NCO-091,0:10:00,0:30:00,,,
2023-NCO-093,0:05:00,0:25:00,,,
2023-NCO-096,0:05:00,0:25:00,,,
2023-NCO-097,0:05:00,0:25:00,,,
2023-NCO-098,0:05:00,0:25:00,,,
2023-NCO-101,0:10:00,0:30:00,,,
2023-NCO-102,0:10:00,0:30:00,,,
2023-NCO-103,0:05:00,0:25:00,,,
2023-NCO-104,0:10:00,0:30:00,,,
2023-NCO-105,0:05:00,0:25:00,,,
2023-NCO-106,0:05:00,0:25:00,,,
2023-NCO-107,0:05:00,0:25:00,,,
2023-NCO-108,0:05:00,0:25:00,,,
2023-NCO-109,0:05:00,0:25:00,,,
2023-NCO-110,0:05:00,0:25:00,,,
2023-NCO-111,0:10:00,0:30:00,,,
2023-NCO-113,0:05:00,0:25:00,,,
2023-NCO-114,0:10:00,0:30:00,,,
2023-NCO-115,0:10:00,0:30:00,,,
2023-NCO-116,0:10:00,0:30:00,,,
2023-NCO-117,0:05:00,0:25:00,,,
2023-NCO-118,0:05:00,0:25:00,,,
2023-NCO-119,0:05:00,0:25:00,,,
2023-NCO-120,0:05:00,0:25:00,,,
2023-NCO-121,0:05:00,0:25:00,,,
2023-NCO-122,0:05:00,0:25:00,,,
2023-NCO-123,0:10:00,0:30:00,,,
2023-NCO-124,0:05:00,0:25:00,,,
2023-NCO-125,0:10:00,0:30:00,,,
2023-NCO-126,0:05:00,0:25:00,,,
2023-NCO-127,0:05:00,0:25:00,,,
2023-NCO-128,0:05:00,0:25:00,,,
2023-NCO-129,0:10:00,0:30:00,,,
2023-NCO-130,0:05:00,0:25:00,,,
2023-NCO-131,0:05:00,0:25:00,,,
2023-NCO-132,0:05:00,0:25:00,,,
2023-NCO-133,0:05:00,0:25:00,,,
2023-NCO-134,0:05:00,0:25:00,,,
2023-NCO-135,0:05:00,0:25:00,,,
2023-NCO-137,0:05:00,0:25:00,,,
2023-NCO-138,0:05:00,0:25:00,,,
2023-NCO-139,0:05:00,0:25:00,,,
2023-NCO-140,0:05:00,0:25:00,,,
2023-NCO-141,0:05:00,0:25:00,,,
2023-NCO-142,0:05:00,0:25:00,,,
2023-NCO-143,0:05:00,0:25:00,,,
2023-NCO-144,0:05:00,0:25:00,,,
2023-NCO-145,0:05:00,0:25:00,,,
2023-NCO-146,0:05:00,0:25:00,,,
2023-NCO-147,0:05:00,0:25:00,,,
2023-NCO-148,0:05:00,0:25:00,,,
2023-NCO-149,0:05:00,0:25:00,,,
2023-NCO-150,0:05:00,0:25:00,,,
2023-NCO-151,0:05:00,0:25:00,,,
2023-NCO-152,0:05:00,0:25:00,,,
2023-NCO-153,0:10:00,0:30:00,,,
2023-NCO-154,0:05:00,0:25:00,,,
2023-NCO-155,0:05:00,0:25:00,,,
2023-NCO-156,0:05:00,0:25:00,,,
2023-NCO-157,0:05:00,0:25:00,,,
2023-NCO-158,0:05:00,0:25:00,,,
2023-NCO-500,0:05:00,0:25:00,,,
2023-NCO-501,0:05:00,0:25:00,,,
2023-NCO-502,0:05:00,0:25:00,,,
2023-NCO-503,0:05:00,0:25:00,,,
2023-NCO-504,0:10:00,0:30:00,,,
2023-NCO-505,0:05:00,0:25:00,,,
2023-NCO-507,0:10:00,0:30:00,,,
2023-NCO-508,0:05:00,0:25:00,,,
2023-NCO-509,0:10:00,0:30:00,,,
2023-NCO-510,0:10:00,0:30:00,,,
2023-NCO-511,0:05:00,0:25:00,,,
2023-NCO-512,0:10:00,0:30:00,,,
2023-NCO-513,0:10:00,0:30:00,,,
2023-NCO-514,0:10:00,0:30:00,,,
2023-NCO-515,0:05:00,0:25:00,,,
2023-NCO-516,0:05:00,0:25:00,,,
2022-NCD-033,0:05:00,0:25:00,,,
2022-NCD-034,0:05:00,0:25:00,,,
2022-NCD-035,0:05:00,0:25:00,,,
2022-NCD-036,0:05:00,0:25:00,,,
2022-NCD-039,0:05:00,0:25:00,,,
2022-NCD-041,0:05:00,0:25:00,,,
2022-NCD-042,0:05:00,0:25:00,,,
2022-NCD-045,0:05:00,0:25:00,,,
2022-NCD-048,0:05:00,0:25:00,,,
2022-NCD-049,0:05:00,0:25:00,,,
2022-NCD-050,0:05:00,0:25:00,,,
2022-NCD-052,0:05:00,0:25:00,,,
2022-NCD-053,0:05:00,0:25:00,,,
2022-NCD-054,0:05:00,0:25:00,,,
2022-NCD-055,0:05:00,0:25:00,,,
2022-NCD-056,0:05:00,0:25:00,,,
2022-NCD-058,0:05:00,0:25:00,,,
2022-NCD-060,0:05:00,0:25:00,,,
2022-NCD-061,0:05:00,0:25:00,,,
2022-NCD-062,0:05:00,0:25:00,,,
2022-NCD-063,0:05:00,0:25:00,,,
2022-NCD-064,0:05:00,0:25:00,,,
2022-NCD-065,0:05:00,0:25:00,,,
2022-NCD-067,0:05:00,0:25:00,,,
2022-NCD-068,0:05:00,0:25:00,,,
2022-NCD-069,0:05:00,0:25:00,,,
2022-NCD-072,0:05:00,0:25:00,,,
2022-NCD-073,0:05:00,0:25:00,,,
2022-NCD-074,0:05:00,0:25:00,,,
2022-NCD-081,0:05:00,0:25:00,,,
2022-NCD-083,0:05:00,0:25:00,,,
2022-NCD-090,0:05:00,0:25:00,,,
2022-NCD-091,0:05:00,0:25:00,,,
2022-NCD-096,0:05:00,0:25:00,,,
2022-NCD-098,0:05:00,0:25:00,,,
2022-NCD-099,0:05:00,0:25:00,,,
2022-NCD-100,0:05:00,0:25:00,,,
2022-NCD-105,0:05:00,0:25:00,,,
2022-NCD-106,0:05:00,0:25:00,,,
2022-NCD-107,0:05:00,0:25:00,,,
2022-NCD-108,0:05:00,0:25:00,,,
2022-NCD-109,0:05:00,0:25:00,,,
2022-NCD-110,0:05:00,0:25:00,,,
2022-NCD-111,0:05:00,0:25:00,,,
2022-NCD-112,0:05:00,0:25:00,,,
2022-NCD-113,0:05:00,0:25:00,,,
2022-NCD-115,0:05:00,0:25:00,,,
2022-NCD-117,0:05:00,0:25:00,,,
2022-NCD-118,0:05:00,0:25:00,,,
2022-NCD-120,0:05:00,0:25:00,,,
2022-NCD-121,0:05:00,0:25:00,,,
2022-NCD-123,0:05:00,0:25:00,,,
2022-NCD-124,0:05:00,0:25:00,,,
2022-NCD-125,0:05:00,0:25:00,,,
2022-NCD-126,0:05:00,0:25:00,,,
2022-NCD-129,0:05:00,0:25:00,,,
2022-NCD-130,0:05:00,0:25:00,,,
2022-NCD-132,0:05:00,0:25:00,,,
2022-NCD-134,0:05:00,0:25:00,,,
2022-NCD-135,0:05:00,0:25:00,,,
2022-NCD-136,0:05:00,0:25:00,,,
2022-NCD-137,0:05:00,0:25:00,,,
2022-NCD-138,0:05:00,0:25:00,,,
2022-NCD-139,0:05:00,0:25:00,,,
2022-NCD-140,0:05:00,0:25:00,,,
2022-NCD-141,0:05:00,0:25:00,,,
2022-NCD-142,0:05:00,0:25:00,,,
2022-NCD-143,0:05:00,0:25:00,,,
2022-NCD-144,0:05:00,0:25:00,,,
2022-NCD-145,0:05:00,0:25:00,,,
2022-NCD-147,0:05:00,0:25:00,,,
2022-NCD-148,0:05:00,0:25:00,,,
2022-NCD-149,0:05:00,0:25:00,,,
2022-NCD-150,0:05:00,0:25:00,,,
2022-NCD-151,0:05:00,0:25:00,,,
2022-NCD-153,0:05:00,0:25:00,,,
2022-NCD-154,0:05:00,0:25:00,,,
2022-NCD-155,0:05:00,0:25:00,,,
2022-NCD-156,0:05:00,0:25:00,,,
2022-NCD-157,0:05:00,0:25:00,,,
2022-NCD-158,0:05:00,0:25:00,,,
2022-NCD-159,0:05:00,0:25:00,,,
2022-NCD-301,0:05:00,0:25:00,,,
2022-NCD-302,0:05:00,0:25:00,,,
2022-NCD-303,0:05:00,0:25:00,,,
2022-NCD-304,0:05:00,0:25:00,,,
2022-NCD-305,0:05:00,0:25:00,,,
2022-NCD-308,0:05:00,0:25:00,,,
2022-NCD-309,0:05:00,0:25:00,,,
2022-NCD-316,0:05:00,0:25:00,,,
2022-NCD-320,0:05:00,0:25:00,,,
2022-NCD-321,0:05:00,0:25:00,,,
2022-NCD-322,0:05:00,0:25:00,,,
2022-NCD-326,0:05:00,0:25:00,,,
2022-NCD-327,0:05:00,0:25:00,,,
2022-NCD-330,0:05:00,0:25:00,,,
2022-NCD-332,0:05:00,0:25:00,,,
2022-NCD-334,0:05:00,0:25:00,,,
2022-NCD-335,0:05:00,0:25:00,,,
2022-NCD-339,0:05:00,0:25:00,,,
2022-NCD-401,0:05:00,0:25:00,,,
2022-NCD-405,0:05:00,0:25:00,,,
2022-NCD-406,0:05:00,0:25:00,,,
2022-NCD-408,0:05:00,0:25:00,,,
2022-NCD-410,0:05:00,0:25:00,,,
2022-NCD-411,0:05:00,0:25:00,,,
2022-NCD-412,0:05:00,0:25:00,,,
2022-NCD-413,0:05:00,0:25:00,,,
2022-NCD-500,0:05:00,0:25:00,,,
2022-NCD-501,0:05:00,0:25:00,,,
2022-NCD-502,0:05:00,0:25:00,,,
2022-NCD-503,0:05:00,0:25:00,,,
2022-NCD-504,0:05:00,0:25:00,,,
2022-NCD-505,0:05:00,0:25:00,,,
2022-NCN-003,0:05:00,0:25:00,,,
2022-NCN-006,0:05:00,0:25:00,,,
2022-NCN-017,0:05:00,0:25:00,,,
2022-NCN-018,0:05:00,0:25:00,,,
2022-NCN-019,0:05:00,0:25:00,,,
2022-NCN-020,0:05:00,0:25:00,,,
2022-NCN-021,0:05:00,0:25:00,,,
2022-NCN-022,0:05:00,0:25:00,,,
2022-NCN-023,0:05:00,0:25:00,,,
2022-NCN-024,0:05:00,0:25:00,,,
2022-NCN-025,0:05:00,0:25:00,,,
2022-NCN-026,0:05:00,0:25:00,,,
2022-NCN-027,0:05:00,0:25:00,,,
2022-NCN-028,0:05:00,0:25:00,,,
2022-NCN-030,0:05:00,0:25:00,,,
2022-NCN-032,0:05:00,0:25:00,,,
2022-NCN-035,0:05:00,0:25:00,,,
2022-NCN-039,0:05:00,0:25:00,,,
2022-NCN-041,0:05:00,0:25:00,,,
2022-NCN-046,0:05:00,0:25:00,,,
2022-NCN-050,0:05:00,0:25:00,,,
2022-NCN-051,0:05:00,0:25:00,,,
2022-NCN-052,0:05:00,0:25:00,,,
2022-NCN-053,0:05:00,0:25:00,,,
2022-NCN-054,0:05:00,0:25:00,,,
2022-NCN-055,0:05:00,0:25:00,,,
2022-NCN-056,0:05:00,0:25:00,,,
2022-NCN-057,0:05:00,0:25:00,,,
2022-NCN-058,0:05:00,0:25:00,,,
2022-NCN-060,0:05:00,0:25:00,,,
2022-NCN-061,0:05:00,0:25:00,,,
2022-NCN-062,0:05:00,0:25:00,,,
2022-NCN-065,0:05:00,0:25:00,,,
2022-NCN-066,0:05:00,0:25:00,,,
2022-NCN-067,0:05:00,0:25:00,,,
2022-NCN-068,0:05:00,0:25:00,,,
2022-NCN-069,0:05:00,0:25:00,,,
2022-NCN-070,0:05:00,0:25:00,,,
2022-NCN-071,0:05:00,0:25:00,,,
2022-NCN-073,0:05:00,0:25:00,,,
2022-NCN-074,0:05:00,0:25:00,,,
2022-NCN-075,0:05:00,0:25:00,,,
2022-NCN-076,0:05:00,0:25:00,,,
2022-NCN-078,0:05:00,0:25:00,,,
2022-NCN-079,0:05:00,0:25:00,,,
2022-NCN-082,0:05:00,0:25:00,,,
2022-NCN-083,0:05:00,0:25:00,,,
2022-NCN-084,0:05:00,0:25:00,,,
2022-NCN-085,0:05:00,0:25:00,,,
2022-NCN-086,0:05:00,0:25:00,,,
2022-NCN-087,0:05:00,0:25:00,,,
2022-NCN-089,0:05:00,0:25:00,,,
2022-NCN-090,0:05:00,0:25:00,,,
2022-NCN-091,0:05:00,0:25:00,,,
2022-NCN-093,0:05:00,0:25:00,,,
2022-NCN-095,0:05:00,0:25:00,,,
2022-NCN-096,0:05:00,0:25:00,,,
2022-NCN-099,0:05:00,0:25:00,,,
2022-NCN-101,0:05:00,0:25:00,,,
2022-NCN-104,0:05:00,0:25:00,,,
2022-NCN-105,0:05:00,0:25:00,,,
2022-NCN-106,0:05:00,0:25:00,,,
2022-NCN-109,0:05:00,0:25:00,,,
2022-NCN-110,0:05:00,0:25:00,,,
2022-NCN-112,0:05:00,0:25:00,,,
2022-NCN-113,0:05:00,0:25:00,,,
2022-NCN-124,0:05:00,0:25:00,,,
2022-NCN-128,0:05:00,0:25:00,,,
2022-NCN-129,0:05:00,0:25:00,,,
2022-NCN-131,0:05:00,0:25:00,,,
2022-NCN-132,0:05:00,0:25:00,,,
2022-NCN-135,0:05:00,0:25:00,,,
2022-NCN-136,0:05:00,0:25:00,,,
2022-NCN-137,0:05:00,0:25:00,,,
2022-NCN-138,0:05:00,0:25:00,,,
2022-NCN-301,0:05:00,0:25:00,,,
2022-NCN-302,0:05:00,0:25:00,,,
2022-NCN-303,0:05:00,0:25:00,,,
2022-NCN-304,0:05:00,0:25:00,,,
2022-NCN-306,0:05:00,0:25:00,,,
2022-NCN-307,0:05:00,0:25:00,,,
2022-NCN-402,0:05:00,0:25:00,,,
2022-NCN-403,0:05:00,0:25:00,,,
2022-NCN-500,0:05:00,0:25:00,,,
2022-NCN-501,0:05:00,0:25:00,,,
2022-NCN-502,0:05:00,0:25:00,,,
2022-NCN-503,0:05:00,0:25:00,,,
2022-NCN-504,0:05:00,0:25:00,,,
2022-NCN-505,0:05:00,0:25:00,,,
2022-NCN-506,0:05:00,0:25:00,,,
2022-NCO-004,0:05:00,0:25:00,,,
2022-NCO-012,0:05:00,0:25:00,,,
2022-NCO-019,0:05:00,0:25:00,,,
2022-NCO-022,0:05:00,0:25:00,,,
2022-NCO-023,0:05:00,0:25:00,,,
2022-NCO-025,0:05:00,0:25:00,,,
2022-NCO-026,0:05:00,0:25:00,,,
2022-NCO-027,0:05:00,0:25:00,,,
2022-NCO-028,0:05:00,0:25:00,,,
2022-NCO-029,0:05:00,0:25:00,,,
2022-NCO-030,0:05:00,0:25:00,,,
2022-NCO-031,0:05:00,0:25:00,,,
2022-NCO-032,0:05:00,0:25:00,,,
2022-NCO-033,0:05:00,0:25:00,,,
2022-NCO-035,0:05:00,0:25:00,,,
2022-NCO-037,0:05:00,0:25:00,,,
2022-NCO-038,0:05:00,0:25:00,,,
2022-NCO-039,0:05:00,0:25:00,,,
2022-NCO-043,0:05:00,0:25:00,,,
2022-NCO-044,0:05:00,0:25:00,,,
2022-NCO-045,0:05:00,0:25:00,,,
2022-NCO-049,0:05:00,0:25:00,,,
2022-NCO-051,0:05:00,0:25:00,,,
2022-NCO-053,0:05:00,0:25:00,,,
2022-NCO-057,0:05:00,0:25:00,,,
2022-NCO-059,0:05:00,0:25:00,,,
2022-NCO-062,0:05:00,0:25:00,,,
2022-NCO-063,0:05:00,0:25:00,,,
2022-NCO-064,0:05:00,0:25:00,,,
2022-NCO-065,0:05:00,0:25:00,,,
2022-NCO-067,0:05:00,0:25:00,,,
2022-NCO-069,0:05:00,0:25:00,,,
2022-NCO-071,0:05:00,0:25:00,,,
2022-NCO-074,0:05:00,0:25:00,,,
2022-NCO-075,0:05:00,0:25:00,,,
2022-NCO-080,0:05:00,0:25:00,,,
2022-NCO-081,0:05:00,0:25:00,,,
2022-NCO-083,0:05:00,0:25:00,,,
2022-NCO-084,0:05:00,0:25:00,,,
2022-NCO-085,0:05:00,0:25:00,,,
2022-NCO-086,0:05:00,0:25:00,,,
2022-NCO-087,0:05:00,0:25:00,,,
2022-NCO-090,0:05:00,0:25:00,,,
2022-NCO-091,0:05:00,0:25:00,,,
2022-NCO-092,0:05:00,0:25:00,,,
2022-NCO-093,0:05:00,0:25:00,,,
2022-NCO-095,0:05:00,0:25:00,,,
2022-NCO-096,0:05:00,0:25:00,,,
2022-NCO-097,0:05:00,0:25:00,,,
2022-NCO-098,0:05:00,0:25:00,,,
2022-NCO-099,0:05:00,0:25:00,,,
2022-NCO-100,0:05:00,0:25:00,,,
2022-NCO-102,0:05:00,0:25:00,,,
2022-NCO-104,0:05:00,0:25:00,,,
2022-NCO-105,0:05:00,0:25:00,,,
2022-NCO-108,0:05:00,0:25:00,,,
2022-NCO-109,0:05:00,0:25:00,,,
2022-NCO-110,0:05:00,0:25:00,,,
2022-NCO-111,0:05:00,0:25:00,,,
2022-NCO-114,0:05:00,0:25:00,,,
2022-NCO-115,0:05:00,0:25:00,,,
2022-NCO-116,0:05:00,0:25:00,,,
2022-NCO-120,0:05:00,0:25:00,,,
2022-NCO-122,0:05:00,0:25:00,,,
2022-NCO-124,0:05:00,0:25:00,,,
2022-NCO-125,0:05:00,0:25:00,,,
2022-NCO-126,0:05:00,0:25:00,,,
2022-NCO-127,0:05:00,0:25:00,,,
2022-NCO-129,0:05:00,0:25:00,,,
2022-NCO-141,0:05:00,0:25:00,,,
2022-NCO-142,0:05:00,0:25:00,,,
2022-NCO-153,0:05:00,0:25:00,,,
2022-NCO-301,0:05:00,0:25:00,,,
2022-NCO-302,0:05:00,0:25:00,,,
2022-NCO-303,0:05:00,0:25:00,,,
2022-NCO-304,0:05:00,0:25:00,,,
2022-NCO-305,0:05:00,0:25:00,,,
2022-NCO-310,0:05:00,0:25:00,,,
2022-NCO-311,0:05:00,0:25:00,,,
2022-NCO-313,0:05:00,0:25:00,,,
2022-NCO-315,0:05:00,0:25:00,,,
2022-NCO-320,0:05:00,0:25:00,,,
2022-NCO-322,0:05:00,0:25:00,,,
2022-NCO-324,0:05:00,0:25:00,,,
2022-NCO-325,0:05:00,0:25:00,,,
2022-NCO-327,0:05:00,0:25:00,,,
2022-NCO-328,0:05:00,0:25:00,,,
2022-NCO-330,0:05:00,0:25:00,,,
2022-NCO-331,0:05:00,0:25:00,,,
2022-NCO-333,0:05:00,0:25:00,,,
2022-NCO-335,0:05:00,0:25:00,,,
2022-NCO-336,0:05:00,0:25:00,,,
2022-NCO-337,0:05:00,0:25:00,,,
2022-NCO-339,0:05:00,0:25:00,,,
2022-NCO-340,0:05:00,0:25:00,,,
2022-NCO-341,0:05:00,0:25:00,,,
2022-NCO-406,0:05:00,0:25:00,,,
2022-NCO-411,0:05:00,0:25:00,,,
2022-NCO-500,0:05:00,0:25:00,,,
2022-NCO-501,0:05:00,0:25:00,,,
2022-NCO-502,0:05:00,0:25:00,,,
2022-NCO-503,0:05:00,0:25:00,,,
2022-NCO-504,0:05:00,0:25:00,,,
2022-NCO-506,0:05:00,0:25:00,,,
2022-NCO-507,0:05:00,0:25:00,,,
2022-NCO-508,0:05:00,0:25:00,,,
2022-NCO-509,0:05:00,0:25:00,,,
2022-NCO-511,0:05:00,0:25:00,,,
2022-NCO-512,0:05:00,0:25:00,,,
2022-NCO-513,0:05:00,0:25:00,,,
2022-NCO-514,0:05:00,0:25:00,,,
2022-NCO-515,0:05:00,0:25:00,,,
2022-NCO-516,0:05:00,0:25:00,,,
2021-NCD-038,0:05:00,0:25:00,,,
2021-NCD-039,0:05:00,0:25:00,,,
2021-NCD-041,0:05:00,0:25:00,,,
2021-NCD-042,0:05:00,0:25:00,,,
2021-NCD-045,0:05:00,0:25:00,,,
2021-NCD-046,0:05:00,0:25:00,,,
2021-NCD-047,0:05:00,0:25:00,,,
2021-NCD-048,0:05:00,0:25:00,,,
2021-NCD-049,0:05:00,0:25:00,,,
2021-NCD-051,0:05:00,0:25:00,,,
2021-NCD-053,0:05:00,0:25:00,,,
2021-NCD-055,0:05:00,0:25:00,,,
2021-NCD-056,0:05:00,0:25:00,,,
2021-NCD-057,0:05:00,0:25:00,,,
2021-NCD-058,0:05:00,0:25:00,,,
2021-NCD-060,0:05:00,0:25:00,,,
2021-NCD-065,0:05:00,0:25:00,,,
2021-NCD-066,0:05:00,0:25:00,,,
2021-NCD-067,0:05:00,0:25:00,,,
2021-NCD-069,0:05:00,0:25:00,,,
2021-NCD-070,0:05:00,0:25:00,,,
2021-NCD-071,0:05:00,0:25:00,,,
2021-NCD-073,0:05:00,0:25:00,,,
2021-NCD-074,0:05:00,0:25:00,,,
2021-NCD-076,0:05:00,0:25:00,,,
2021-NCD-077,0:05:00,0:25:00,,,
2021-NCD-080,0:05:00,0:25:00,,,
2021-NCD-083,0:05:00,0:25:00,,,
2021-NCD-084,0:05:00,0:25:00,,,
2021-NCD-085,0:05:00,0:25:00,,,
2021-NCD-086,0:05:00,0:25:00,,,
2021-NCD-087,0:05:00,0:25:00,,,
2021-NCD-089,0:05:00,0:25:00,,,
2021-NCD-090,0:05:00,0:25:00,,,
2021-NCD-091,0:05:00,0:25:00,,,
2021-NCD-092,0:05:00,0:25:00,,,
2021-NCD-093,0:05:00,0:25:00,,,
2021-NCD-103,0:05:00,0:25:00,,,
2021-NCD-106,0:05:00,0:25:00,,,
2021-NCD-111,0:05:00,0:25:00,,,
2021-NCD-112,0:05:00,0:25:00,,,
2021-NCD-113,0:05:00,0:25:00,,,
2021-NCD-115,0:05:00,0:25:00,,,
2021-NCD-117,0:05:00,0:25:00,,,
2021-NCD-119,0:05:00,0:25:00,,,
2021-NCD-120,0:05:00,0:25:00,,,
2021-NCD-121,0:05:00,0:25:00,,,
2021-NCD-125,0:05:00,0:25:00,,,
2021-NCD-126,0:05:00,0:25:00,,,
2021-NCD-127,0:05:00,0:25:00,,,
2021-NCD-133,0:05:00,0:25:00,,,
2021-NCD-134,0:05:00,0:25:00,,,
2021-NCD-140,0:05:00,0:25:00,,,
2021-NCD-143,0:05:00,0:25:00,,,
2021-NCD-144,0:05:00,0:25:00,,,
2021-NCD-145,0:05:00,0:25:00,,,
2021-NCD-146,0:05:00,0:25:00,,,
2021-NCD-147,0:05:00,0:25:00,,,
2021-NCD-150,0:05:00,0:25:00,,,
2021-NCD-152,0:05:00,0:25:00,,,
2021-NCD-153,0:05:00,0:25:00,,,
2021-NCD-154,0:05:00,0:25:00,,,
2021-NCD-156,0:05:00,0:25:00,,,
2021-NCD-157,0:05:00,0:25:00,,,
2021-NCD-502,0:05:00,0:25:00,,,
2021-NCD-503,0:05:00,0:25:00,,,
2021-NCD-504,0:05:00,0:25:00,,,
2021-NCD-505,0:05:00,0:25:00,,,
2021-NCN-010,0:05:00,0:25:00,,,
2021-NCN-011,0:05:00,0:25:00,,,
2021-NCN-012,0:05:00,0:25:00,,,
2021-NCN-013,0:05:00,0:25:00,,,
2021-NCN-015,0:05:00,0:25:00,,,
2021-NCN-017,0:05:00,0:25:00,,,
2021-NCN-018,0:05:00,0:25:00,,,
2021-NCN-020,0:05:00,0:25:00,,,
2021-NCN-021,0:05:00,0:25:00,,,
2021-NCN-022,0:05:00,0:25:00,,,
2021-NCN-023,0:05:00,0:25:00,,,
2021-NCN-024,0:05:00,0:25:00,,,
2021-NCN-025,0:05:00,0:25:00,,,
2021-NCN-026,0:05:00,0:25:00,,,
2021-NCN-027,0:05:00,0:25:00,,,
2021-NCN-028,0:05:00,0:25:00,,,
2021-NCN-029,0:05:00,0:25:00,,,
2021-NCN-030,0:05:00,0:25:00,,,
2021-NCN-031,0:05:00,0:25:00,,,
2021-NCN-032,0:05:00,0:25:00,,,
2021-NCN-033,0:05:00,0:25:00,,,
2021-NCN-034,0:05:00,0:25:00,,,
2021-NCN-035,0:05:00,0:25:00,,,
2021-NCN-036,0:05:00,0:25:00,,,
2021-NCN-037,0:05:00,0:25:00,,,
2021-NCN-039,0:05:00,0:25:00,,,
2021-NCN-040,0:05:00,0:25:00,,,
2021-NCN-041,0:05:00,0:25:00,,,
2021-NCN-042,0:05:00,0:25:00,,,
2021-NCN-044,0:05:00,0:25:00,,,
2021-NCN-045,0:05:00,0:25:00,,,
2021-NCN-046,0:05:00,0:25:00,,,
2021-NCN-047,0:05:00,0:25:00,,,
2021-NCN-048,0:05:00,0:25:00,,,
2021-NCN-050,0:05:00,0:25:00,,,
2021-NCN-051,0:05:00,0:25:00,,,
2021-NCN-052,0:05:00,0:25:00,,,
2021-NCN-053,0:05:00,0:25:00,,,
2021-NCN-054,0:05:00,0:25:00,,,
2021-NCN-055,0:05:00,0:25:00,,,
2021-NCN-056,0:05:00,0:25:00,,,
2021-NCN-057,0:05:00,0:25:00,,,
2021-NCN-058,0:05:00,0:25:00,,,
2021-NCN-059,0:05:00,0:25:00,,,
2021-NCN-060,0:05:00,0:25:00,,,
2021-NCN-061,0:05:00,0:25:00,,,
2021-NCN-062,0:05:00,0:25:00,,,
2021-NCN-063,0:05:00,0:25:00,,,
2021-NCN-064,0:05:00,0:25:00,,,
2021-NCN-065,0:05:00,0:25:00,,,
2021-NCN-066,0:05:00,0:25:00,,,
2021-NCN-067,0:05:00,0:25:00,,,
2021-NCN-069,0:05:00,0:25:00,,,
2021-NCN-070,0:05:00,0:25:00,,,
2021-NCN-071,0:05:00,0:25:00,,,
2021-NCN-074,0:05:00,0:25:00,,,
2021-NCN-075,0:05:00,0:25:00,,,
2021-NCN-076,0:05:00,0:25:00,,,
2021-NCN-077,0:05:00,0:25:00,,,
2021-NCN-078,0:05:00,0:25:00,,,
2021-NCN-080,0:05:00,0:25:00,,,
2021-NCN-084,0:05:00,0:25:00,,,
2021-NCN-108,0:05:00,0:25:00,,,
2021-NCN-109,0:05:00,0:25:00,,,
2021-NCN-110,0:05:00,0:25:00,,,
2021-NCN-113,0:05:00,0:25:00,,,
2021-NCN-114,0:05:00,0:25:00,,,
2021-NCN-115,0:05:00,0:25:00,,,
2021-NCN-117,0:05:00,0:25:00,,,
2021-NCN-119,0:05:00,0:25:00,,,
2021-NCN-122,0:05:00,0:25:00,,,
2021-NCN-123,0:05:00,0:25:00,,,
2021-NCN-125,0:05:00,0:25:00,,,
2021-NCN-127,0:05:00,0:25:00,,,
2021-NCN-129,0:05:00,0:25:00,,,
2021-NCN-130,0:05:00,0:25:00,,,
2021-NCN-500,0:05:00,0:25:00,,,
2021-NCN-501,0:05:00,0:25:00,,,
2021-NCN-502,0:05:00,0:25:00,,,
2021-NCN-503,0:05:00,0:25:00,,,
2021-NCO-002,0:05:00,0:25:00,,,
2021-NCO-003,0:05:00,0:25:00,,,
2021-NCO-004,0:05:00,0:25:00,,,
2021-NCO-006,0:05:00,0:25:00,,,
2021-NCO-012,0:05:00,0:25:00,,,
2021-NCO-014,0:05:00,0:25:00,,,
2021-NCO-015,0:05:00,0:25:00,,,
2021-NCO-016,0:05:00,0:25:00,,,
2021-NCO-018,0:05:00,0:25:00,,,
2021-NCO-020,0:05:00,0:25:00,,,
2021-NCO-021,0:05:00,0:25:00,,,
2021-NCO-022,0:05:00,0:25:00,,,
2021-NCO-023,0:05:00,0:25:00,,,
2021-NCO-024,0:05:00,0:25:00,,,
2021-NCO-025,0:05:00,0:25:00,,,
2021-NCO-026,0:05:00,0:25:00,,,
2021-NCO-028,0:05:00,0:25:00,,,
2021-NCO-029,0:05:00,0:25:00,,,
2021-NCO-030,0:05:00,0:25:00,,,
2021-NCO-031,0:05:00,0:25:00,,,
2021-NCO-032,0:05:00,0:25:00,,,
2021-NCO-033,0:05:00,0:25:00,,,
2021-NCO-034,0:05:00,0:25:00,,,
2021-NCO-035,0:05:00,0:25:00,,,
2021-NCO-036,0:05:00,0:25:00,,,
2021-NCO-037,0:05:00,0:25:00,,,
2021-NCO-038,0:05:00,0:25:00,,,
2021-NCO-039,0:05:00,0:25:00,,,
2021-NCO-040,0:05:00,0:25:00,,,
2021-NCO-041,0:05:00,0:25:00,,,
2021-NCO-042,0:05:00,0:25:00,,,
2021-NCO-043,0:05:00,0:25:00,,,
2021-NCO-044,0:05:00,0:25:00,,,
2021-NCO-045,0:05:00,0:25:00,,,
2021-NCO-046,0:05:00,0:25:00,,,
2021-NCO-047,0:05:00,0:25:00,,,
2021-NCO-048,0:05:00,0:25:00,,,
2021-NCO-049,0:05:00,0:25:00,,,
2021-NCO-050,0:05:00,0:25:00,,,
2021-NCO-051,0:05:00,0:25:00,,,
2021-NCO-052,0:05:00,0:25:00,,,
2021-NCO-053,0:05:00,0:25:00,,,
2021-NCO-054,0:05:00,0:25:00,,,
2021-NCO-055,0:05:00,0:25:00,,,
2021-NCO-056,0:05:00,0:25:00,,,
2021-NCO-057,0:05:00,0:25:00,,,
2021-NCO-058,0:05:00,0:25:00,,,
2021-NCO-060,0:05:00,0:25:00,,,
2021-NCO-061,0:05:00,0:25:00,,,
2021-NCO-062,0:05:00,0:25:00,,,
2021-NCO-063,0:05:00,0:25:00,,,
2021-NCO-064,0:05:00,0:25:00,,,
2021-NCO-065,0:05:00,0:25:00,,,
2021-NCO-066,0:05:00,0:25:00,,,
2021-NCO-067,0:05:00,0:25:00,,,
2021-NCO-068,0:05:00,0:25:00,,,
2021-NCO-069,0:05:00,0:25:00,,,
2021-NCO-070,0:05:00,0:25:00,,,
2021-NCO-071,0:05:00,0:25:00,,,
2021-NCO-072,0:05:00,0:25:00,,,
2021-NCO-073,0:05:00,0:25:00,,,
2021-NCO-074,0:05:00,0:25:00,,,
2021-NCO-075,0:05:00,0:25:00,,,
2021-NCO-076,0:05:00,0:25:00,,,
2021-NCO-077,0:05:00,0:25:00,,,
2021-NCO-079,0:05:00,0:25:00,,,
2021-NCO-080,0:05:00,0:25:00,,,
2021-NCO-083,0:05:00,0:25:00,,,
2021-NCO-085,0:05:00,0:25:00,,,
2021-NCO-086,0:05:00,0:25:00,,,
2021-NCO-087,0:05:00,0:25:00,,,
2021-NCO-088,0:05:00,0:25:00,,,
2021-NCO-089,0:05:00,0:25:00,,,
2021-NCO-090,0:05:00,0:25:00,,,
2021-NCO-091,0:05:00,0:25:00,,,
2021-NCO-092,0:05:00,0:25:00,,,
2021-NCO-093,0:05:00,0:25:00,,,
2021-NCO-094,0:05:00,0:25:00,,,
2021-NCO-095,0:05:00,0:25:00,,,
2021-NCO-096,0:05:00,0:25:00,,,
2021-NCO-097,0:05:00,0:25:00,,,
2021-NCO-099,0:05:00,0:25:00,,,
2021-NCO-100,0:05:00,0:25:00,,,
2021-NCO-101,0:05:00,0:25:00,,,
2021-NCO-102,0:05:00,0:25:00,,,
2021-NCO-103,0:05:00,0:25:00,,,
2021-NCO-104,0:05:00,0:25:00,,,
2021-NCO-105,0:05:00,0:25:00,,,
2021-NCO-108,0:05:00,0:25:00,,,
2021-NCO-109,0:05:00,0:25:00,,,
2021-NCO-111,0:05:00,0:25:00,,,
2021-NCO-112,0:05:00,0:25:00,,,
2021-NCO-113,0:05:00,0:25:00,,,
2021-NCO-115,0:05:00,0:25:00,,,
2021-NCO-116,0:05:00,0:25:00,,,
2021-NCO-117,0:05:00,0:25:00,,,
2021-NCO-118,0:05:00,0:25:00,,,
2021-NCO-119,0:05:00,0:25:00,,,
2021-NCO-120,0:05:00,0:25:00,,,
2021-NCO-122,0:05:00,0:25:00,,,
2021-NCO-123,0:05:00,0:25:00,,,
2021-NCO-124,0:05:00,0:25:00,,,
2021-NCO-125,0:05:00,0:25:00,,,
2021-NCO-126,0:05:00,0:25:00,,,
2021-NCO-127,0:05:00,0:25:00,,,
2021-NCO-128,0:05:00,0:25:00,,,
2021-NCO-130,0:05:00,0:25:00,,,
2021-NCO-134,0:05:00,0:25:00,,,
2021-NCO-137,0:05:00,0:25:00,,,
2021-NCO-138,0:05:00,0:25:00,,,
2021-NCO-139,0:05:00,0:25:00,,,
2021-NCO-141,0:05:00,0:25:00,,,
2021-NCO-142,0:05:00,0:25:00,,,
2021-NCO-143,0:05:00,0:25:00,,,
2021-NCO-144,0:05:00,0:25:00,,,
2021-NCO-145,0:05:00,0:25:00,,,
2021-NCO-146,0:05:00,0:25:00,,,
2021-NCO-147,0:05:00,0:25:00,,,
2021-NCO-148,0:05:00,0:25:00,,,
2021-NCO-149,0:05:00,0:25:00,,,
2021-NCO-150,0:05:00,0:25:00,,,
2021-NCO-151,0:05:00,0:25:00,,,
2021-NCO-153,0:05:00,0:25:00,,,
2021-NCO-500,0:05:00,0:25:00,,,
2021-NCO-503,0:05:00,0:25:00,,,
2021-NCO-504,0:05:00,0:25:00,,,
2021-NCO-505,0:05:00,0:25:00,,,
2021-NCO-507,0:05:00,0:25:00,,,
2021-NCO-508,0:05:00,0:25:00,,,
2021-NCO-509,0:05:00,0:25:00,,,
2021-NCO-511,0:05:00,0:25:00,,,
2021-NCO-512,0:05:00,0:25:00,,,
2021-NCO-513,0:05:00,0:25:00,,,
2021-NCO-514,0:05:00,0:25:00,,,
2021-NCO-515,0:05:00,0:25:00,,,
2021-NCO-516,0:05:00,0:25:00,,,
2019-E-US012,0:12:01,0:32:01,,,
2019-E-US020,0:12:03,0:32:03,,,
2019-E-PR006,0:12:01,0:32:01,,,
2019-E-JQ005,0:11:59,0:31:59,,,
2019-E-MT003,0:11:59,0:31:59,,,
2019-E-OM001,0:11:28,0:31:28,,,
2019-E-OM002,0:12:04,0:32:04,,,
2019-E-ON001,0:12:04,0:32:04,,,
2019-E-OO002,0:12:00,0:32:00,,,
2019-E-PP020,0:12:04,0:32:04,,,
2019-E-JQ004,0:12:11,0:32:11,,,
2019-E-PP034,0:12:01,0:32:01,,,
2019-E-RP002,0:11:57,0:31:57,,,
2019-E-RP003,0:12:05,0:32:05,,,
2019-W-KC014,0:12:00,0:32:00,,,
2019-E-JN002,0:12:02,0:32:02,,,
2019-E-LH056,0:04:59,0:24:59,,,
2019-E-LH070,0:04:59,0:24:59,,,
2019-E-LI038,0:04:59,0:24:59,,,
2019-E-LM017,0:04:59,0:24:59,,,
2019-E-NI026,0:04:59,0:24:59,,,
2019-E-QK002,0:04:59,0:24:59,,,
2019-E-PH003,0:04:59,0:24:59,,,
2019-E-PH006,0:04:59,0:24:59,,,
2019-E-QG001,0:04:59,0:24:59,,,
2019-E-QH008,0:04:59,0:24:59,,,
2019-E-QG003,0:04:59,0:24:59,,,
2019-E-QH009,0:04:59,0:24:59,,,
2019-E-QI019,0:04:59,0:24:59,,,
2019-E-QI024,0:04:59,0:24:59,,,
2019-E-RL008,0:04:59,0:24:59,,,
2019-E-RM001,0:04:59,0:24:59,,,
2019-E-SK001,0:04:59,0:24:59,,,
2019-E-TP001,0:04:59,0:24:59,,,
2019-E-TP002,0:04:59,0:24:59,,,
2019-W-JA004,0:04:59,0:24:59,,,
2019-E-QR007,0:12:01,0:32:01,,,
2019-E-LM013,0:04:59,0:24:59,,,
2019-E-MG011,0:04:59,0:24:59,,,
2019-E-MJ022,0:04:59,0:24:59,,,
2019-E-NG001,0:04:59,0:24:59,,,
2019-E-NG004,0:04:59,0:24:59,,,
2019-W-LC005,0:04:59,0:24:59,,,
2019-W-LC010,0:04:59,0:24:59,,,
2019-W-MB001,0:04:59,0:24:59,,,
2019-W-MC007,0:04:59,0:24:59,,,
2019-W-NB007,0:04:59,0:24:59,,,
2019-W-NB011,0:04:59,0:24:59,,,
2019-W-OB003,0:04:59,0:24:59,,,
2019-W-OB011,0:04:59,0:24:59,,,
2019-W-MC003,0:04:59,0:24:59,,,
2019-E-SK003,0:04:59,0:24:59,,,
2019-E-GS008,0:04:59,0:24:59,,,
2019-E-DP004,0:04:59,0:24:59,,,
2019-E-DP001,0:11:28,0:31:28,,,
2019-E-CO012,0:12:04,0:32:04,,,
2019-E-CP022,0:12:04,0:32:04,,,
2019-E-CO004,0:12:00,0:32:00,,,
2019-E-FR014,0:04:59,0:24:59,,,
2019-E-FT003,0:04:59,0:24:59,,,
2019-E-ET012,0:04:59,0:24:59,,,
2019-E-ET004,0:04:59,0:24:59,,,
2019-E-DS011,0:04:59,0:24:59,,,
2019-E-BR022,0:12:04,0:32:04,,,
2019-E-HU001,0:04:59,0:24:59,,,
2019-E-HU003,0:04:59,0:24:59,,,
2019-E-QK001,0:04:59,0:24:59,,,
2019-E-RL010,0:04:59,0:24:59,,,
2019-W-GC017,0:04:59,0:24:59,,,
2019-W-GD008,0:04:59,0:24:59,,,
2019-W-GD016,0:04:59,0:24:59,,,
2019-W-HB001,0:04:59,0:24:59,,,
2019-W-HC001,0:04:59,0:24:59,,,
2019-W-HC006,0:04:59,0:24:59,,,
2019-W-IB010,0:04:59,0:24:59,,,
2019-W-IB012,0:04:59,0:24:59,,,
2019-W-JA003,0:04:59,0:24:59,,,
2019-W-KA001,0:04:59,0:24:59,,,
2019-W-LA004,0:04:59,0:24:59,,,
2019-W-KA005,0:04:59,0:24:59,,,
2019-W-LA014,0:04:59,0:24:59,,,
2019-W-NA008,0:04:59,0:24:59,,,
2019-W-NA014,0:04:59,0:24:59,,,
2019-W-PA003,0:04:59,0:24:59,,,
2019-W-LB025,0:04:59,0:24:59,,,
2019-W-PA001,0:04:59,0:24:59,,,
2019-W-KB009,0:04:59,0:24:59,,,
2019-W-KB012,0:04:59,0:24:59,,,
2019-E-MT004,0:04:59,0:24:59,,,
2019-E-OR002,0:12:11,0:32:11,,,
2019-E-PR008,0:12:01,0:32:01,,,
2019-E-QR012,0:11:57,0:31:57,,,
2019-E-NI002,0:04:59,0:24:59,,,
2019-W-GC011,0:04:59,0:24:59,,,
2019-E-JN001,0:04:59,0:24:59,,,
2019-E-IR002,0:04:59,0:24:59,,,
2019-E-IR001,0:04:59,0:24:59,,,
2019-E-CP006,0:12:05,0:32:05,,,
2019-E-LI039,0:04:59,0:24:59,,,
2019-E-LI040,0:04:59,0:24:59,,,
2019-E-RM002,0:04:59,0:24:59,,,
2019-E-MG006,0:04:59,0:24:59,,,
2019-W-LB027,0:04:59,0:24:59,,,
2019-W-MB002,0:04:59,0:24:59,,,
2019-E-OR001,0:12:00,0:32:00,,,
2019-E-MJ004,0:04:59,0:24:59,,,
2019-E-GS015,0:12:02,0:32:02,,,
2019-E-LJ005,0:04:59,0:24:59,,,
2019-W-HB010,0:04:59,0:24:59,,,
761901001,0:04:59,0:24:59,,,
761901002,0:04:59,0:24:59,,,
761901003,0:04:59,0:24:59,,,
761901004,0:04:59,0:24:59,,,
761901005,0:04:59,0:24:59,,,
761901006,0:04:59,0:24:59,,,
761901007,0:04:59,0:24:59,,,
761901008,0:04:57,0:24:57,,,
761901009,0:04:59,0:24:59,,,
761901010,0:04:59,0:24:59,,,
761901013,0:04:59,0:24:59,,,
761901014,0:04:59,0:24:59,,,
761901015,0:04:58,0:24:58,,,
761901016,0:04:59,0:24:59,,,
761901017,0:04:59,0:24:59,,,
761901018,0:04:58,0:24:58,,,
761901019,0:04:59,0:24:59,,,
761901020,0:04:59,0:24:59,,,
761901021,0:04:59,0:24:59,,,
761901022,0:04:59,0:24:59,,,
761901023,0:04:59,0:24:59,,,
761901024,0:04:59,0:24:59,,,
761901025,0:04:59,0:24:59,,,
761901026,0:04:59,0:24:59,,,
761901027,0:04:58,0:24:58,,,
761901029,0:04:59,0:24:59,,,
761901030,0:04:59,0:24:59,,,
761901031,0:04:58,0:24:58,,,
761901032,0:04:59,0:24:59,,,
761901033,0:04:59,0:24:59,,,
761901034,0:04:57,0:24:57,,,
761901036,0:04:59,0:24:59,,,
761901038,0:04:59,0:24:59,,,
761901039,0:04:59,0:24:59,,,
761901040,0:04:52,0:24:52,,,
761901041,0:04:59,0:24:59,,,
761901042,0:04:59,0:24:59,,,
761901044,0:04:59,0:24:59,,,
761901045,0:04:59,0:24:59,,,
761901046,0:04:58,0:24:58,,,
761901047,0:04:59,0:24:59,,,
761901048,0:04:59,0:24:59,,,
761901049,0:04:59,0:24:59,,,
761901050,0:04:59,0:24:59,,,
761901051,0:04:59,0:24:59,,,
761901052,0:04:59,0:24:59,,,
761901053,0:04:59,0:24:59,,,
761901054,0:04:59,0:24:59,,,
761901055,0:04:59,0:24:59,,,
761901059,0:04:59,0:24:59,,,
761901060,0:04:59,0:24:59,,,
761901061,0:04:59,0:24:59,,,
761901062,0:04:59,0:24:59,,,
761901063,0:04:59,0:24:59,,,
761901064,0:04:59,0:24:59,,,
761901065,0:04:59,0:24:59,,,
761901066,0:04:59,0:24:59,,,
761901067,0:04:58,0:24:58,,,
761901071,0:04:59,0:24:59,,,
761901072,0:04:59,0:24:59,,,
761901073,0:04:56,0:24:56,,,
761901074,0:04:59,0:24:59,,,
761901076,0:04:59,0:24:59,,,
761901077,0:04:59,0:24:59,,,
761901078,0:04:59,0:24:59,,,
761901079,0:04:59,0:24:59,,,
761901080,0:04:59,0:24:59,,,
761901082,0:04:55,0:24:55,,,
761901085,0:04:58,0:24:58,,,
761901115,0:04:59,0:24:59,,,
761901122,0:04:59,0:24:59,,,
761901125,0:04:59,0:24:59,,,
761901128,0:04:59,0:24:59,,,
761901130,0:04:59,0:24:59,,,
761901131,0:04:59,0:24:59,,,
761901132,0:04:59,0:24:59,,,
761901135,0:04:52,0:24:52,,,
761901138,0:04:59,0:24:59,,,
761901141,0:04:59,0:24:59,,,
761901142,0:04:58,0:24:58,,,
761901143,0:04:59,0:24:59,,,
761901144,0:04:59,0:24:59,,,
761901145,0:04:59,0:24:59,,,
761901146,0:04:59,0:24:59,,,
761901147,0:04:59,0:24:59,,,
761901148,0:04:54,0:24:54,,,
761901149,0:04:59,0:24:59,,,
761901151,0:04:59,0:24:59,,,
761901152,0:04:59,0:24:59,,,
761901153,0:04:59,0:24:59,,,
761901155,0:04:59,0:24:59,,,
761901156,0:04:59,0:24:59,,,
761901157,0:04:58,0:24:58,,,
761901158,0:04:59,0:24:59,,,
761901159,0:04:59,0:24:59,,,
761901160,0:04:59,0:24:59,,,
761901161,0:04:59,0:24:59,,,
761901162,0:04:59,0:24:59,,,
761901163,0:04:59,0:24:59,,,
761901164,0:04:59,0:24:59,,,
761901166,0:04:59,0:24:59,,,
761901167,0:04:59,0:24:59,,,
761901168,0:04:52,0:24:52,,,
761901170,0:04:59,0:24:59,,,
761901171,0:04:58,0:24:58,,,
761901172,0:04:59,0:24:59,,,
761901173,0:04:59,0:24:59,,,
761901174,0:04:58,0:24:58,,,
761901175,0:04:59,0:24:59,,,
761901176,0:04:59,0:24:59,,,
761901178,0:04:59,0:24:59,,,
761901179,0:04:59,0:24:59,,,
761901180,0:04:59,0:24:59,,,
761901182,0:04:59,0:24:59,,,
761901183,0:04:59,0:24:59,,,
761901184,0:04:59,0:24:59,,,
761901185,0:04:59,0:24:59,,,
761901186,0:04:59,0:24:59,,,
761901187,0:04:59,0:24:59,,,
761901188,0:04:59,0:24:59,,,
761901189,0:04:59,0:24:59,,,
761901190,0:04:59,0:24:59,,,
761901191,0:04:59,0:24:59,,,
761901192,0:04:59,0:24:59,,,
761901193,0:04:54,0:24:54,,,
761901194,0:04:59,0:24:59,,,
761901195,0:04:59,0:24:59,,,
761901198,0:04:59,0:24:59,,,
761901199,0:04:59,0:24:59,,,
761901200,0:04:55,0:24:55,,,
761901201,0:04:59,0:24:59,,,
761901202,0:04:59,0:24:59,,,
761901203,0:04:59,0:24:59,,,
761901204,0:04:59,0:24:59,,,
761901205,0:04:59,0:24:59,,,
761901206,0:04:59,0:24:59,,,
761901207,0:04:59,0:24:59,,,
761901208,0:04:59,0:24:59,,,
761901209,0:04:59,0:24:59,,,
761901210,0:04:59,0:24:59,,,
761901213,0:04:57,0:24:57,,,
761901214,0:04:59,0:24:59,,,
761901215,0:04:59,0:24:59,,,
761901217,0:04:59,0:24:59,,,
761901218,0:04:57,0:24:57,,,
761901219,0:04:59,0:24:59,,,
761901220,0:04:59,0:24:59,,,
761901221,0:04:58,0:24:58,,,
761901222,0:04:59,0:24:59,,,
761901223,0:04:59,0:24:59,,,
761901224,0:04:59,0:24:59,,,
761901225,0:04:59,0:24:59,,,
761901226,0:04:59,0:24:59,,,
761901227,0:04:58,0:24:58,,,
761901229,0:04:59,0:24:59,,,
761901230,0:04:59,0:24:59,,,
761901231,0:04:09,0:24:09,,,
761901232,0:04:59,0:24:59,,,
761901233,0:04:59,0:24:59,,,
761901234,0:04:59,0:24:59,,,
761901235,0:04:59,0:24:59,,,
761901236,0:04:59,0:24:59,,,
761901237,0:04:59,0:24:59,,,
761901238,0:04:59,0:24:59,,,
761901239,0:04:59,0:24:59,,,
761901240,0:04:59,0:24:59,,,
761901242,0:04:59,0:24:59,,,
761901245,0:04:59,0:24:59,,,
761901246,0:04:59,0:24:59,,,
761901247,0:04:58,0:24:58,,,
761901248,0:04:59,0:24:59,,,
761901249,0:04:59,0:24:59,,,
761901250,0:04:59,0:24:59,,,
761901251,0:04:59,0:24:59,,,
761901252,0:04:59,0:24:59,,,
761901253,0:04:59,0:24:59,,,
761901254,0:04:59,0:24:59,,,
761901255,0:04:59,0:24:59,,,
761901256,0:04:59,0:24:59,,,
761901257,0:04:59,0:24:59,,,
761901258,0:04:59,0:24:59,,,
761901259,0:04:59,0:24:59,,,
761901261,0:04:59,0:24:59,,,
761901262,0:04:59,0:24:59,,,
761901263,0:04:59,0:24:59,,,
761901264,0:04:59,0:24:59,,,
761901265,0:04:59,0:24:59,,,
761901266,0:04:59,0:24:59,,,
761901267,0:04:59,0:24:59,,,
761901268,0:04:59,0:24:59,,,
761901269,0:04:57,0:24:57,,,
761901270,0:04:59,0:24:59,,,
761901271,0:04:59,0:24:59,,,
761901272,0:04:57,0:24:57,,,
761901273,0:04:59,0:24:59,,,
761901274,0:04:59,0:24:59,,,
761901277,0:04:59,0:24:59,,,
761901278,0:04:59,0:24:59,,,
761901279,0:04:59,0:24:59,,,
761901283,0:04:59,0:24:59,,,
761901284,0:04:59,0:24:59,,,
761901285,0:04:59,0:24:59,,,
761901286,0:04:59,0:24:59,,,
761901287,0:04:59,0:24:59,,,
761901288,0:04:59,0:24:59,,,
761901289,0:04:59,0:24:59,,,
761901290,0:04:59,0:24:59,,,
761901291,0:04:59,0:24:59,,,
761901293,0:04:59,0:24:59,,,
761901294,0:04:59,0:24:59,,,
761901295,0:04:59,0:24:59,,,
761901296,0:04:59,0:24:59,,,
761901297,0:04:59,0:24:59,,,
761901298,0:04:59,0:24:59,,,
761901299,0:04:57,0:24:57,,,
761901300,0:04:57,0:24:59,,,
761901301,0:04:59,0:24:59,,,
761901302,0:04:59,0:24:59,,,
761901303,0:04:59,0:24:59,,,
761901304,0:04:59,0:24:59,,,
761901305,0:04:59,0:24:59,,,
761901306,0:04:59,0:24:59,,,
761901307,0:04:59,0:24:59,,,
761901309,0:04:59,0:24:59,,,
761901310,0:04:59,0:24:59,,,
761901311,0:04:59,0:24:59,,,
761901312,0:04:59,0:24:59,,,
761901313,0:04:59,0:24:59,,,
761901314,0:04:59,0:24:59,,,
761901315,0:04:59,0:24:59,,,
761901316,0:04:59,0:24:59,,,
761901317,0:04:59,0:24:59,,,
761901318,0:04:59,0:24:59,,,
761901319,0:04:59,0:24:59,,,
761901321,0:04:59,0:24:59,,,
761901322,0:04:59,0:24:59,,,
761901323,0:04:59,0:24:59,,,
761901325,0:04:59,0:24:59,,,
761901326,0:04:59,0:24:59,,,
761901327,0:04:59,0:24:59,,,
761901328,0:04:59,0:24:59,,,
761901329,0:04:59,0:24:59,,,
761901330,0:04:59,0:24:59,,,
761901331,0:04:59,0:24:59,,,
761901332,0:04:59,0:24:59,,,
761901333,0:04:59,0:24:59,,,
761901334,0:04:59,0:24:59,,,
761901335,0:04:59,0:24:59,,,
761901336,0:04:59,0:24:59,,,
761901337,0:04:59,0:24:59,,,
761901338,0:04:59,0:24:59,,,
761901339,0:04:52,0:24:52,,,
761901341,0:04:59,0:24:59,,,
761901342,0:04:59,0:24:59,,,
761901343,0:04:59,0:24:59,,,
761901344,0:04:59,0:24:59,,,
761901345,0:04:59,0:24:59,,,
761901346,0:04:59,0:24:59,,,
761901347,0:04:59,0:24:59,,,
761901348,0:04:59,0:24:59,,,
761901349,0:04:59,0:24:59,,,
761901350,0:04:59,0:24:59,,,
761901351,0:04:59,0:24:59,,,
761901352,0:04:59,0:24:59,,,
761901353,0:04:59,0:24:59,,,
761901354,0:04:59,0:24:59,,,
761901355,0:04:59,0:24:59,,,
761901357,0:04:59,0:24:59,,,
761901358,0:04:59,0:24:59,,,
761901359,0:04:59,0:24:59,,,
761901360,0:04:59,0:24:59,,,
761901361,0:04:59,0:24:59,,,
761901362,0:04:59,0:24:59,,,
761901363,0:04:59,0:24:59,,,
761901364,0:04:59,0:24:59,,,
761901365,0:04:59,0:24:59,,,
761901366,0:04:59,0:24:59,,,
761901367,0:04:59,0:24:59,,,
761901371,0:04:59,0:24:59,,,
761901372,0:04:59,0:24:59,,,
761901373,0:04:59,0:24:59,,,
761901374,0:04:59,0:24:59,,,
761901375,0:04:59,0:24:59,,,
761901376,0:04:59,0:24:59,,,
761901377,0:04:55,0:24:55,,,
761901378,0:04:59,0:24:59,,,
761901379,0:04:59,0:24:59,,,
761901380,0:04:59,0:24:59,,,
761901381,0:04:59,0:24:59,,,
761901382,0:04:59,0:24:59,,,
761901383,0:04:59,0:24:59,,,
761901384,0:04:59,0:24:59,,,
761901385,0:04:59,0:24:59,,,
761901386,0:04:58,0:24:58,,,
761901388,0:04:59,0:24:59,,,
761901389,0:04:59,0:24:59,,,
761901390,0:04:59,0:24:59,,,
761901391,0:04:59,0:24:59,,,
761901392,0:04:59,0:24:59,,,
761901393,0:04:59,0:24:59,,,
761901394,0:04:59,0:24:59,,,
761901395,0:04:59,0:24:59,,,
761901396,0:04:58,0:24:58,,,
761901397,0:04:59,0:24:59,,,
761901398,0:04:59,0:24:59,,,
761901399,0:04:56,0:24:59,,,
761901400,0:04:59,0:24:59,,,
761901401,0:04:59,0:24:59,,,
761901402,0:04:57,0:24:57,,,
761901404,0:04:59,0:24:59,,,
761901405,0:04:59,0:24:59,,,
761901406,0:04:58,0:24:58,,,
761901407,0:04:59,0:24:59,,,
761901408,0:04:59,0:24:59,,,
761901409,0:04:59,0:24:59,,,
761901410,0:04:59,0:24:59,,,
761901411,0:04:57,0:24:57,,,
761901412,0:04:59,0:24:59,,,
761901413,0:04:59,0:24:59,,,
761901414,0:04:59,0:24:59,,,
761901415,0:04:59,0:24:59,,,
761901416,0:04:59,0:24:59,,,
761901417,0:04:59,0:24:59,,,
761901418,0:04:59,0:24:59,,,
761901420,0:04:59,0:24:59,,,
761901421,0:04:59,0:24:59,,,
761901422,0:04:56,0:24:56,,,
761901423,0:04:59,0:24:59,,,
761901424,0:04:59,0:24:59,,,
761901425,0:04:55,0:24:55,,,
761901426,0:04:59,0:24:59,,,
761901427,0:04:59,0:24:59,,,
761901428,0:04:58,0:24:58,,,
761901429,0:04:59,0:24:59,,,
761901430,0:04:59,0:24:59,,,
761901431,0:04:52,0:24:52,,,
761901432,0:04:59,0:24:59,,,
761901433,0:04:59,0:24:59,,,
761901434,0:04:59,0:24:59,,,
761901436,0:04:59,0:24:59,,,
761901437,0:04:59,0:24:59,,,
761901438,0:04:59,0:24:59,,,
761901439,0:04:59,0:24:59,,,
761901440,0:04:59,0:24:59,,,
761901441,0:04:59,0:24:59,,,
761901442,0:04:59,0:24:59,,,
761901443,0:04:58,0:24:58,,,
761901444,0:04:59,0:24:59,,,
761901445,0:04:59,0:24:59,,,
761901446,0:04:58,0:24:58,,,
761901448,0:04:59,0:24:59,,,
761901449,0:04:56,0:24:56,,,
761901450,0:04:59,0:24:59,,,
761901452,0:04:59,0:24:59,,,
761901453,0:04:59,0:24:59,,,
761901454,0:04:59,0:24:59,,,
761901455,0:04:59,0:24:59,,,
761901456,0:04:59,0:24:59,,,
761901457,0:04:59,0:24:59,,,
761901458,0:04:59,0:24:59,,,
761901459,0:04:59,0:24:59,,,
761901460,0:04:59,0:24:59,,,
761901461,0:04:59,0:24:59,,,
761901462,0:04:59,0:24:59,,,
761901463,0:04:59,0:24:59,,,
761901464,0:04:59,0:24:59,,,
761901465,0:04:58,0:24:58,,,
761901466,0:04:59,0:24:59,,,
761901467,0:04:59,0:24:59,,,
761901468,0:04:59,0:24:59,,,
761901469,0:04:59,0:24:59,,,
761901470,0:04:59,0:24:59,,,
761901471,0:04:59,0:24:59,,,
761901472,0:04:57,0:24:58,,,
761901474,0:04:59,0:24:59,,,
761901475,0:04:59,0:24:59,,,
761901476,0:04:59,0:24:59,,,
761901477,0:04:59,0:24:59,,,
761901478,0:04:59,0:24:59,,,
761901479,0:04:57,0:24:57,,,
761901480,0:04:59,0:24:59,,,
761901481,0:04:59,0:24:59,,,
761901482,0:04:59,0:24:59,,,
762101001,0:05:00,0:25:00,,,
762101002,0:05:00,0:25:00,,,
762101003,0:05:00,0:25:00,,,
762101004,0:05:00,0:25:00,,,
762101005,0:05:00,0:25:00,,,
762101006,0:05:00,0:25:00,,,
762101007,0:05:00,0:25:00,,,
762101008,0:05:00,0:25:00,,,
762101009,0:05:00,0:25:00,,,
762101011,0:05:00,0:25:00,,,
762101012,0:05:00,0:25:00,,,
762101022,0:05:00,0:25:00,,,
762101023,0:05:00,0:25:00,,,
762101024,0:05:00,0:25:00,,,
762101027,0:05:00,0:25:00,,,
762101028,0:04:52,0:24:52,,,
762101029,0:05:00,0:25:00,,,
762101030,0:05:00,0:25:00,,,
762101031,0:05:00,0:25:00,,,
762101033,0:05:00,0:25:00,,,
762101036,0:05:00,0:25:00,,,
762101037,0:05:00,0:25:00,,,
762101039,0:05:00,0:25:00,,,
762101044,0:05:00,0:25:00,,,
762101045,0:05:00,0:25:00,,,
762101046,0:05:00,0:25:00,,,
762101057,0:05:00,0:25:00,,,
762101059,0:05:00,0:25:00,,,
762101060,0:05:00,0:25:00,,,
762101061,0:04:59,0:24:59,,,
762101062,0:05:00,0:25:00,,,
762101063,0:05:00,0:25:00,,,
762101068,0:05:00,0:25:00,,,
762101069,0:05:00,0:25:00,,,
762101071,0:05:00,0:25:00,,,
762101072,0:05:00,0:25:00,,,
762101073,0:19:00,0:24:59,,,
762101077,0:05:00,0:25:00,,,
762101078,0:05:00,0:25:00,,,
762101079,0:05:00,0:25:00,,,
762101080,0:05:00,0:25:00,,,
762101081,0:05:00,0:25:00,,,
762101082,0:05:00,0:25:00,,,
762101083,0:05:00,0:25:00,,,
762101084,0:05:00,0:25:00,,,
762101085,0:05:00,0:25:00,,,
762101086,0:05:00,0:25:00,,,
762101090,0:05:00,0:25:00,,,
762101091,0:05:00,0:25:00,,,
762101092,0:05:00,0:25:00,,,
762101093,0:05:00,0:25:00,,,
762101094,0:05:00,0:25:00,,,
762101095,0:05:00,0:25:00,,,
762101096,0:05:00,0:25:00,,,
762101097,0:05:00,0:25:00,,,
762101098,0:05:00,0:25:00,,,
762101099,0:05:00,0:25:00,,,
762101100,0:05:00,0:25:00,,,
762101101,0:05:00,0:25:00,,,
762101102,0:05:00,0:25:00,,,
762101103,0:05:00,0:25:00,,,
762101104,0:05:00,0:25:00,,,
762101124,0:05:00,0:25:00,,,
762101128,0:05:00,0:25:00,,,
762101136,0:05:00,0:25:00,,,
762101137,0:05:00,0:25:00,,,
762101138,0:05:00,0:25:00,,,
762101139,0:05:00,0:25:00,,,
762101140,0:05:00,0:25:00,,,
762101141,0:05:00,0:25:00,,,
762101142,0:05:00,0:25:00,,,
762101146,0:05:00,0:25:00,,,
762101148,0:05:00,0:25:00,,,
762101150,0:05:00,0:25:00,,,
762101151,0:04:59,0:24:59,,,
762101152,0:05:00,0:25:00,,,
762101153,0:05:00,0:25:00,,,
762101154,0:05:00,0:25:00,,,
762101157,0:05:00,0:25:00,,,
762101158,0:05:00,0:25:00,,,
762101159,0:05:00,0:25:00,,,
762101160,0:05:00,0:25:00,,,
762101161,0:05:00,0:25:00,,,
762101162,0:05:00,0:25:00,,,
762101163,0:05:00,0:25:00,,,
762101164,0:05:00,0:25:00,,,
762101166,0:05:00,0:25:00,,,
762101170,0:05:00,0:25:00,,,
762101171,0:05:00,0:25:00,,,
762101172,0:05:00,0:25:00,,,
762101173,0:05:00,0:25:00,,,
762101175,0:05:00,0:25:00,,,
762101178,0:05:00,0:25:00,,,
762101180,0:05:00,0:25:00,,,
762101181,0:05:00,0:25:00,,,
762101182,0:05:00,0:25:00,,,
762101183,0:05:00,0:25:00,,,
762101184,0:05:00,0:25:00,,,
762101185,0:05:00,0:25:00,,,
762101186,0:05:00,0:25:00,,,
762101187,0:05:00,0:25:00,,,
762101190,0:05:00,0:25:00,,,
762101191,0:05:00,0:25:00,,,
762101192,0:05:00,0:25:00,,,
762101193,0:05:00,0:25:00,,,
762101194,0:05:00,0:25:00,,,
762101195,0:05:00,0:25:00,,,
762101196,0:05:00,0:25:00,,,
762101197,0:05:00,0:25:00,,,
762101198,0:05:00,0:25:00,,,
762101202,0:05:00,0:25:00,,,
762101203,0:05:00,0:25:00,,,
762101204,0:05:00,0:25:00,,,
762101205,0:05:00,0:25:00,,,
762101206,0:05:00,0:25:00,,,
762101207,0:05:00,0:25:00,,,
762101208,0:05:00,0:25:00,,,
762101209,0:05:00,0:25:00,,,
762101210,0:05:00,0:25:00,,,
762101216,0:05:00,0:25:00,,,
762101217,0:05:00,0:25:00,,,
762101218,0:05:00,0:25:00,,,
762101219,0:05:00,0:25:00,,,
762101220,0:05:00,0:25:00,,,
762101221,0:05:00,0:25:00,,,
762101222,0:05:00,0:25:00,,,
762101223,0:05:00,0:25:00,,,
762101224,0:05:00,0:25:00,,,
762101225,0:05:00,0:25:00,,,
762101226,0:05:00,0:25:00,,,
762101227,0:05:00,0:25:00,,,
762101232,0:05:00,0:25:00,,,
762101233,0:05:00,0:25:00,,,
762101234,0:05:00,0:25:00,,,
762101235,0:04:59,0:24:59,,,
762101236,0:05:00,0:25:00,,,
762101237,0:05:00,0:25:00,,,
762101238,0:05:00,0:25:00,,,
762101239,0:05:00,0:25:00,,,
762101240,0:05:00,0:25:00,,,
762101241,0:05:00,0:25:00,,,
762101244,0:05:00,0:25:00,,,
762101245,0:05:00,0:25:00,,,
762101247,0:05:00,0:25:00,,,
762101248,0:05:00,0:25:00,,,
762101249,0:05:00,0:25:00,,,
762101250,0:05:00,0:25:00,,,
762101251,0:05:00,0:25:00,,,
762101252,0:05:00,0:25:00,,,
762101253,0:04:59,0:24:59,,,
762101254,0:05:00,0:25:00,,,
762101255,0:05:00,0:25:00,,,
762101258,0:05:00,0:25:00,,,
762101259,0:05:00,0:25:00,,,
762101260,0:05:00,0:25:00,,,
762101261,0:05:00,0:25:00,,,
762101262,0:05:00,0:25:00,,,
762101263,0:05:00,0:25:00,,,
762101264,0:05:00,0:25:00,,,
762101265,0:05:00,0:25:00,,,
762101266,0:05:00,0:25:00,,,
762101267,0:05:00,0:25:00,,,
762101270,0:05:00,0:25:00,,,
762101271,0:05:00,0:25:00,,,
762101273,0:05:00,0:25:00,,,
762101274,0:05:00,0:25:00,,,
762101275,0:05:00,0:25:00,,,
762101276,0:05:00,0:25:00,,,
762101279,0:05:00,0:25:00,,,
762101280,0:05:00,0:25:00,,,
762101282,0:05:00,0:25:00,,,
762101283,0:05:00,0:25:00,,,
762101284,0:05:00,0:25:00,,,
762101286,0:05:00,0:25:00,,,
762101287,0:05:00,0:25:00,,,
762101288,0:05:00,0:25:00,,,
762101290,0:05:00,0:25:00,,,
762101291,0:05:00,0:25:00,,,
762101292,0:05:00,0:25:00,,,
762101293,0:05:00,0:25:00,,,
762101294,0:05:00,0:25:00,,,
762101296,0:00:01,0:20:00,,,
762101297,0:05:00,0:25:00,,,
762101299,0:05:00,0:25:00,,,
762101302,0:05:00,0:25:00,,,
762101303,0:05:00,0:25:00,,,
762101305,0:05:00,0:25:00,,,
762101306,0:05:00,0:25:00,,,
762101308,0:05:00,0:25:00,,,
762101309,0:05:00,0:25:00,,,
762101310,0:05:00,0:25:00,,,
762101311,0:05:00,0:25:00,,,
762101312,0:05:00,0:25:00,,,
762101315,0:05:00,0:25:00,,,
762101317,0:05:00,0:25:00,,,
762101318,0:05:00,0:25:00,,,
762101319,0:05:00,0:25:00,,,
762101322,0:05:00,0:25:00,,,
762101324,0:05:00,0:25:00,,,
762101325,0:05:00,0:25:00,,,
762101326,0:05:00,0:25:00,,,
762101328,0:05:00,0:25:00,,,
762101329,0:05:00,0:25:00,,,
762101330,0:05:00,0:25:00,,,
762101331,0:05:00,0:25:00,,,
762101332,0:05:00,0:25:00,,,
762101333,0:05:00,0:25:00,,,
762101335,0:05:00,0:25:00,,,
762101336,0:05:00,0:25:00,,,
762101340,0:05:00,0:25:00,,,
762101341,0:05:00,0:25:00,,,
762101342,0:05:00,0:25:00,,,
762101344,0:05:00,0:25:00,,,
762101347,0:05:00,0:25:00,,,
762101348,0:05:00,0:25:00,,,
762101350,0:05:00,0:25:00,,,
762101351,0:05:00,0:25:00,,,
762101352,0:05:00,0:25:00,,,
762101354,0:05:00,0:25:00,,,
762101355,0:05:00,0:25:00,,,
762101356,0:05:00,0:25:00,,,
762101357,0:05:00,0:25:00,,,
762101359,0:05:00,0:25:00,,,
762101360,0:05:00,0:25:00,,,
762101361,0:05:00,0:25:00,,,
762101364,0:05:00,0:25:00,,,
762101366,0:05:00,0:25:00,,,
762101367,0:05:00,0:25:00,,,
762101368,0:05:00,0:25:00,,,
762101369,0:05:00,0:25:00,,,
762101370,0:05:00,0:25:00,,,
762101371,0:05:00,0:25:00,,,
762101373,0:05:00,0:25:00,,,
762101374,0:05:00,0:25:00,,,
762101376,0:05:00,0:25:00,,,
762101381,0:05:00,0:25:00,,,
762101382,0:05:00,0:25:00,,,
762101383,0:05:00,0:25:00,,,
762101384,0:05:00,0:25:00,,,
762101387,0:05:00,0:25:00,,,
762101388,0:05:00,0:25:00,,,
762101392,0:05:00,0:25:00,,,
762101393,0:05:00,0:25:00,,,
762101394,0:05:00,0:25:00,,,
762101395,0:05:00,0:25:00,,,
762101396,0:05:00,0:25:00,,,
762101399,0:05:00,0:25:00,,,
762101400,0:05:00,0:25:00,,,
762101401,0:05:00,0:25:00,,,
762101402,0:05:00,0:25:00,,,
762101403,0:05:00,0:25:00,,,
762101404,0:05:00,0:25:00,,,
762101405,0:05:00,0:25:00,,,
762101406,0:05:00,0:25:00,,,
762101407,0:05:00,0:25:00,,,
762101408,0:05:00,0:25:00,,,
762101409,0:05:00,0:25:00,,,
762101410,0:05:00,0:25:00,,,
762101411,0:05:00,0:25:00,,,
762101412,0:05:00,0:25:00,,,
762101413,0:05:00,0:25:00,,,
762101414,0:05:00,0:25:00,,,
762101415,0:05:00,0:25:00,,,
762101418,0:05:00,0:25:00,,,
762101419,0:05:00,0:25:00,,,
762101420,0:05:00,0:25:00,,,
762101422,0:05:00,0:25:00,,,
762101423,0:05:00,0:25:00,,,
762101424,0:05:00,0:25:00,,,
762101425,0:05:00,0:25:00,,,
762101426,0:05:00,0:25:00,,,
762101427,0:05:00,0:25:00,,,
762101428,0:05:00,0:25:00,,,
762101429,0:05:00,0:25:00,,,
762101430,0:05:00,0:25:00,,,
762101431,0:05:00,0:25:00,,,
762101432,0:05:00,0:25:00,,,
762101435,0:05:00,0:25:00,,,
762101436,0:05:00,0:25:00,,,
762101437,0:05:00,0:25:00,,,
762101438,0:05:00,0:25:00,,,
762101439,0:05:00,0:25:00,,,
762101441,0:05:00,0:25:00,,,
762101442,0:05:00,0:25:00,,,
762101443,0:05:00,0:25:00,,,
762101445,0:05:00,0:25:00,,,
762101446,0:05:00,0:25:00,,,
762101447,0:05:00,0:25:00,,,
762101448,0:05:00,0:25:00,,,
762101449,0:05:00,0:25:00,,,
762101450,0:05:00,0:25:00,,,
762101453,0:05:00,0:25:00,,,
762101456,0:05:00,0:25:00,,,
762101457,0:05:00,0:25:00,,,
762101458,0:05:00,0:25:00,,,
762101459,0:05:00,0:25:00,,,
762101460,0:05:00,0:25:00,,,
762101461,0:05:00,0:25:00,,,
762101462,0:05:00,0:25:00,,,
762101464,0:05:00,0:25:00,,,
762101465,0:05:00,0:25:00,,,
762101466,0:05:00,0:25:00,,,
762101467,0:05:00,0:25:00,,,
762101468,0:05:00,0:25:00,,,
762101469,0:05:00,0:25:00,,,
762101470,0:05:00,0:25:00,,,
762101471,0:05:00,0:25:00,,,
762101472,0:05:00,0:25:00,,,
762101473,0:05:00,0:25:00,,,
762101475,0:05:00,0:25:00,,,
762101476,0:05:00,0:25:00,,,
762101477,0:05:00,0:25:00,,,
762101478,0:05:00,0:25:00,,,
762101479,0:05:00,0:25:00,,,
762101480,0:05:00,0:25:00,,,
762101483,0:05:00,0:25:00,,,
762101484,0:05:00,0:25:00,,,
762101485,0:05:00,0:25:00,,,
762101486,0:05:00,0:25:00,,,
762101487,0:05:00,0:25:00,,,
762101488,0:05:00,0:25:00,,,
762101489,0:05:00,0:25:00,,,
762101490,0:05:00,0:25:00,,,
762101491,0:05:00,0:25:00,,,
762101493,0:05:00,0:25:00,,,
762101496,0:05:00,0:25:00,,,
762101497,0:05:00,0:25:00,,,
762101498,0:05:00,0:25:00,,,
762101499,0:05:00,0:25:00,,,
762101500,0:05:00,0:25:00,,,
762101501,0:05:00,0:25:00,,,
762101502,0:05:00,0:25:00,,,
762101504,0:05:00,0:25:00,,,
762101505,0:05:00,0:25:00,,,
762101508,0:05:00,0:25:00,,,
762101510,0:05:00,0:25:00,,,
762101511,0:05:00,0:25:00,,,
762101512,0:05:00,0:25:00,,,
762101513,0:05:00,0:25:00,,,
762101514,0:05:00,0:25:00,,,
762101515,0:05:00,0:25:00,,,
762101516,0:05:00,0:25:00,,,
762101517,0:05:00,0:25:00,,,
762101520,0:05:00,0:25:00,,,
762101521,0:05:00,0:25:00,,,
762101522,0:05:00,0:25:00,,,
762101523,0:05:00,0:25:00,,,
762101524,0:05:00,0:25:00,,,
762101525,0:05:00,0:25:00,,,
762101526,0:05:00,0:25:00,,,
762201002,0:04:59,0:24:59,,,
762201003,0:04:59,0:24:59,,,
762201004,0:05:00,0:25:00,,,
762201008,0:05:00,0:25:00,,,
762201009,0:05:00,0:25:00,,,
762201012,0:05:00,0:25:00,,,
762201013,0:05:00,0:25:00,,,
762201017,0:05:00,0:25:00,,,
762201020,0:05:00,0:25:00,,,
762201021,0:05:00,0:25:00,,,
762201022,0:05:00,0:25:00,,,
762201023,0:04:59,0:24:59,,,
762201024,0:05:00,0:25:00,,,
762201025,0:05:00,0:25:00,,,
762201026,0:04:59,0:24:59,,,
762201027,0:05:00,0:25:00,,,
762201028,0:05:00,0:25:00,,,
762201029,0:05:00,0:25:00,,,
762201030,0:05:00,0:25:00,,,
762201032,0:05:00,0:25:00,,,
762201033,0:05:00,0:25:00,,,
762201034,0:05:00,0:25:00,,,
762201035,0:05:00,0:25:00,,,
762201036,0:05:00,0:25:00,,,
762201037,0:05:00,0:25:00,,,
762201038,0:05:00,0:25:00,,,
762201040,0:05:00,0:25:00,,,
762201041,0:05:00,0:25:00,,,
762201043,0:05:00,0:25:00,,,
762201044,0:05:00,0:25:00,,,
762201045,0:05:00,0:25:00,,,
762201047,0:05:00,0:25:00,,,
762201048,0:05:00,0:25:00,,,
762201049,0:05:00,0:25:00,,,
762201050,0:07:00,0:25:00,,,
762201051,0:05:00,0:25:00,,,
762201052,0:05:00,0:25:00,,,
762201054,0:05:00,0:25:00,,,
762201055,0:16:45,0:25:00,,,
762201056,0:05:00,0:25:00,,,
762201057,0:05:00,0:25:00,,,
762201058,0:05:00,0:25:00,,,
762201060,0:05:00,0:25:00,,,
762201063,0:08:00,0:25:00,,,
762201064,0:05:00,0:25:00,,,
762201065,0:05:00,0:25:00,,,
762201066,0:05:00,0:25:00,,,
762201068,0:05:00,0:25:00,,,
762201069,0:05:00,0:25:00,,,
762201070,0:05:00,0:25:00,,,
762201071,0:05:00,0:25:00,,,
762201072,0:05:00,0:25:00,,,
762201073,0:05:00,0:25:00,,,
762201075,0:05:00,0:25:00,,,
762201076,0:05:00,0:25:00,,,
762201077,0:05:00,0:25:00,,,
762201078,0:05:00,0:25:00,,,
762201079,0:05:00,0:25:00,,,
762201080,0:05:00,0:25:00,,,
762201081,0:05:00,0:25:00,,,
762201082,0:07:25,0:25:00,,,
762201083,0:05:00,0:25:00,,,
762201085,0:16:00,0:25:00,,,
762201086,0:18:00,0:25:00,,,
762201087,0:06:00,0:25:00,,,
762201088,0:05:00,0:25:00,,,
762201089,0:05:00,0:25:00,,,
762201090,0:06:05,0:25:00,,,
762201091,0:05:00,0:25:00,,,
762201092,0:05:00,0:25:00,,,
762201093,0:05:00,0:25:00,,,
762201094,0:05:00,0:25:00,,,
762201095,0:05:00,0:25:00,,,
762201096,0:05:00,0:25:00,,,
762201097,0:05:00,0:25:00,,,
762201098,0:05:00,0:25:00,,,
762201105,0:14:29,0:25:00,,,
762201108,0:05:00,0:25:00,,,
762201110,0:05:00,0:25:00,,,
762201112,0:05:00,0:25:00,,,
762201113,0:05:00,0:25:00,,,
762201114,0:05:00,0:25:00,,,
762201115,0:05:00,0:25:00,,,
762201117,0:09:00,0:25:00,,,
762201118,0:06:25,0:25:00,,,
762201120,0:05:00,0:25:00,,,
762201122,0:05:00,0:25:00,,,
762201123,0:05:00,0:25:00,,,
762201141,0:11:00,0:25:00,,,
762201143,0:17:45,0:25:00,,,
762201148,0:05:00,0:25:00,,,
762201149,0:05:00,0:25:00,,,
762201150,0:05:00,0:25:00,,,
762201151,0:05:00,0:25:00,,,
762201153,0:05:00,0:25:00,,,
762201154,0:05:00,0:25:00,,,
762201155,0:10:00,0:25:00,,,
762201156,0:16:00,0:24:00,,,
762201159,0:07:25,0:25:00,,,
762201168,0:05:00,0:25:00,,,
762201169,0:05:00,0:25:00,,,
762201171,0:05:00,0:25:00,,,
762201174,0:10:00,0:25:00,,,
762201175,0:11:00,0:25:00,,,
762201177,0:05:00,0:25:00,,,
762201178,0:05:00,0:25:00,,,
762201180,0:05:00,0:25:00,,,
762201181,0:05:00,0:25:00,,,
762201185,0:05:00,0:25:00,,,
762201186,0:10:00,0:25:00,,,
762201187,0:05:00,0:25:00,,,
762201189,0:19:00,0:25:00,,,
762201190,0:00:01,0:10:30,,,
762201196,0:05:00,0:25:00,,,
762201197,0:05:00,0:25:00,,,
762201199,0:05:00,0:25:00,,,
762201200,0:05:00,0:25:00,,,
762201201,0:05:00,0:25:00,,,
762201203,0:05:00,0:25:00,,,
762201204,0:19:35,0:25:00,,,
762201205,0:05:00,0:25:00,,,
762201206,0:05:00,0:25:00,,,
762201208,0:05:00,0:25:00,,,
762201211,0:05:00,0:25:00,,,
762201212,0:05:00,0:25:00,,,
762201213,0:05:00,0:25:00,,,
762201214,0:05:00,0:25:00,,,
762201215,0:05:00,0:25:00,,,
762201216,0:07:00,0:25:00,,,
762201218,0:05:00,0:25:00,,,
762201219,0:05:00,0:25:00,,,
762201220,0:05:00,0:25:00,,,
762201221,0:05:00,0:25:00,,,
762201222,0:05:00,0:25:00,,,
762201224,0:07:00,0:25:00,,,
762201225,0:05:00,0:25:00,,,
762201226,0:05:00,0:25:00,,,
762201227,0:05:00,0:25:00,,,
762201228,0:07:00,0:25:00,,,
762201229,0:05:00,0:25:00,,,
762201230,0:08:30,0:25:00,,,
762201231,0:05:00,0:25:00,,,
762201232,0:07:30,0:25:00,,,
762201233,0:09:00,0:25:00,,,
762201235,0:05:00,0:25:00,,,
762201236,0:05:00,0:25:00,,,
762201237,0:05:00,0:25:00,,,
762201238,0:05:00,0:25:00,,,
762201239,0:05:00,0:25:00,,,
762201240,0:05:00,0:25:00,,,
762201241,0:05:00,0:25:00,,,
762201242,0:05:00,0:25:00,,,
762201243,0:05:00,0:25:00,,,
762201244,0:08:20,0:25:00,,,
762201245,0:05:00,0:25:00,,,
762201246,0:05:00,0:25:00,,,
762201247,0:10:20,0:25:00,,,
762201249,0:05:00,0:25:00,,,
762201251,0:05:00,0:25:00,,,
762201255,0:05:00,0:25:00,,,
762201256,0:05:00,0:25:00,,,
762201258,0:05:00,0:25:00,,,
762201262,0:05:00,0:25:00,,,
762201263,0:05:00,0:25:00,,,
762201264,0:05:00,0:25:00,,,
762201265,0:05:00,0:25:00,,,
762201266,0:05:00,0:25:00,,,
762201267,0:05:00,0:25:00,,,
762201268,0:05:00,0:25:00,,,
762201269,0:05:00,0:25:00,,,
762201270,0:05:00,0:25:00,,,
762201271,0:05:00,0:25:00,,,
762201272,0:05:00,0:25:00,,,
762201273,0:05:00,0:25:00,,,
762201274,0:05:00,0:25:00,,,
762201275,0:05:00,0:25:00,,,
762201277,0:09:30,0:25:00,,,
762201278,0:08:00,0:25:00,,,
762201279,0:16:00,0:25:00,,,
762201280,0:06:20,0:25:00,,,
762201281,0:05:00,0:25:00,,,
762201284,0:05:00,0:25:00,,,
762201286,0:11:00,0:25:00,,,
762201287,0:05:00,0:25:00,,,
762201288,0:05:00,0:25:00,,,
762201289,0:05:00,0:25:00,,,
762201290,0:05:00,0:25:00,,,
762201291,0:09:00,0:25:00,,,
762201292,0:07:00,0:25:00,,,
762201293,0:06:30,0:25:00,,,
762201294,0:05:00,0:25:00,,,
762201296,0:05:00,0:25:00,,,
762201297,0:05:00,0:25:00,,,
762201301,0:05:00,0:25:00,,,
762201302,0:17:00,0:25:00,,,
762201303,0:12:00,0:25:00,,,
762201304,0:05:00,0:25:00,,,
762201305,0:05:00,0:25:00,,,
762201306,0:07:00,0:25:00,,,
762201307,0:05:00,0:25:00,,,
762201308,0:05:00,0:25:00,,,
762201310,0:08:40,0:25:00,,,
762201311,0:05:00,0:25:00,,,
762201312,0:05:00,0:25:00,,,
762201314,0:05:00,0:25:00,,,
762201315,0:05:00,0:25:00,,,
762201316,0:05:00,0:25:00,,,
762201318,0:05:00,0:25:00,,,
762201319,0:05:00,0:25:00,,,
762201321,0:05:00,0:25:00,,,
762201322,0:05:00,0:25:00,,,
762201323,0:05:00,0:25:00,,,
762201324,0:05:00,0:25:00,,,
762201325,0:05:00,0:25:00,,,
762201326,0:05:00,0:25:00,,,
762201327,0:05:00,0:25:00,,,
762201328,0:05:00,0:25:00,,,
762201329,0:05:00,0:25:00,,,
762201331,0:05:00,0:25:00,,,
762201332,0:05:00,0:25:00,,,
762201333,0:05:00,0:25:00,,,
762201335,0:05:00,0:25:00,,,
762201337,0:05:00,0:25:00,,,
762201338,0:05:00,0:25:00,,,
762201339,0:05:00,0:25:00,,,
762201340,0:05:00,0:25:00,,,
762201341,0:05:00,0:25:00,,,
762201343,0:06:00,0:25:00,,,
762201344,0:05:00,0:25:00,,,
762201345,0:12:00,0:25:00,,,
762201346,0:05:00,0:25:00,,,
762201347,0:05:00,0:25:00,,,
762201348,0:05:00,0:25:00,,,
762201350,0:05:00,0:25:00,,,
762201351,0:05:00,0:25:00,,,
762201352,0:05:00,0:25:00,,,
762201353,0:05:00,0:25:00,,,
762201354,0:05:00,0:25:00,,,
762201355,0:05:00,0:25:00,,,
762201356,0:05:00,0:25:00,,,
762201358,0:05:00,0:25:00,,,
762201359,0:05:00,0:25:00,,,
762201361,0:13:55,0:25:00,,,
762201362,0:05:00,0:25:00,,,
762201363,0:05:00,0:25:00,,,
762201364,0:05:00,0:25:00,,,
762201365,0:05:00,0:25:00,,,
762201366,0:05:00,0:25:00,,,
762201367,0:09:30,0:25:00,,,
762201368,0:06:20,0:25:00,,,
762201369,0:05:40,0:25:00,,,
762201370,0:06:10,0:25:00,,,
762201371,0:15:00,0:25:00,,,
762201372,0:12:00,0:25:00,,,
762201373,0:05:00,0:25:00,,,
762201374,0:05:00,0:25:00,,,
762201375,0:05:00,0:25:00,,,
762201376,0:05:00,0:25:00,,,
762201378,0:05:00,0:25:00,,,
762201379,0:05:00,0:25:00,,,
762201380,0:07:00,0:25:00,,,
762201382,0:05:00,0:25:00,,,
762201383,0:07:30,0:25:00,,,
762201384,0:05:00,0:25:00,,,
762201388,0:12:00,0:25:00,,,
762201389,0:07:00,0:25:00,,,
762201394,0:05:00,0:25:00,,,
762201395,0:05:00,0:25:00,,,
762201396,0:05:00,0:25:00,,,
762201397,0:05:00,0:25:00,,,
762201398,0:05:00,0:25:00,,,
762201399,0:05:00,0:25:00,,,
762201401,0:05:00,0:25:00,,,
762201402,0:05:00,0:25:00,,,
762201403,0:15:00,0:25:00,,,
762201405,0:05:00,0:25:00,,,
762201407,0:09:20,0:25:00,,,
762201408,0:13:00,0:25:00,,,
762201413,0:18:30,0:25:00,,,
762201418,0:10:30,0:25:00,,,
762201419,0:13:30,0:25:00,,,
762201420,0:13:00,0:25:00,,,
762201421,0:05:00,0:25:00,,,
762201422,0:05:00,0:25:00,,,
762201423,0:05:00,0:25:00,,,
762201425,0:05:00,0:25:00,,,
762201426,0:05:00,0:25:00,,,
762201427,0:05:00,0:25:00,,,
762201428,0:05:00,0:25:00,,,
762201429,0:05:00,0:25:00,,,
762201430,0:08:30,0:25:00,,,
762201431,0:05:00,0:25:00,,,
762201432,0:17:00,0:25:00,,,
762201433,0:09:20,0:25:00,,,
762201434,0:15:00,0:25:00,,,
762201435,0:12:30,0:25:00,,,
762201436,0:18:30,0:25:00,,,
762301007,0:15:45,0:25:00,,,
762301008,0:08:00,0:25:00,,,
762301009,0:14:00,0:25:00,,,
762301010,0:10:30,0:25:00,,,
762301011,0:06:30,0:25:00,,,
762301012,0:05:00,0:25:00,,,
762301013,0:09:30,0:25:00,,,
762301014,0:05:00,0:25:00,,,
762301015,0:07:15,0:25:00,,,
762301016,0:05:00,0:25:00,,,
762301017,0:07:05,0:25:00,,,
762301018,0:05:00,0:25:00,,,
762301019,0:05:00,0:25:00,,,
762301020,0:06:32,0:25:00,,,
762301021,0:05:00,0:25:00,,,
762301022,0:05:00,0:25:00,,,
762301023,0:05:00,0:25:00,,,
762301024,0:05:00,0:25:00,,,
762301025,0:05:00,0:25:00,,,
762301026,0:05:00,0:25:00,,,
762301027,0:05:00,0:25:00,,,
762301028,0:05:00,0:25:00,,,
762301029,0:05:00,0:25:00,,,
762301030,0:05:00,0:25:00,,,
762301031,0:05:00,0:25:00,,,
762301032,0:05:00,0:25:00,,,
762301033,0:05:00,0:25:00,,,
762301034,0:05:00,0:25:00,,,
762301035,0:05:00,0:25:00,,,
762301036,0:05:00,0:25:00,,,
762301037,0:05:00,0:25:00,,,
762301038,0:05:00,0:25:00,,,
762301039,0:05:00,0:25:00,,,
762301040,0:05:00,0:25:00,,,
762301041,0:18:13,0:25:00,,,
762301042,0:18:40,0:25:00,,,
762301043,0:05:00,0:25:00,,,
762301046,0:05:00,0:25:00,,,
762301047,0:05:00,0:25:00,,,
762301048,0:05:00,0:25:00,,,
762301049,0:06:33,0:25:00,,,
762301050,0:05:00,0:25:00,,,
762301051,0:06:20,0:25:00,,,
762301052,0:06:20,0:25:00,,,
762301053,0:05:00,0:25:00,,,
762301054,0:05:00,0:25:00,,,
762301055,0:05:00,0:25:00,,,
762301057,0:15:51,0:25:00,,,
762301060,0:07:23,0:25:00,,,
762301061,0:05:00,0:25:00,,,
762301062,0:05:00,0:25:00,,,
762301063,0:11:08,0:25:00,,,
762301065,0:05:00,0:25:00,,,
762301066,0:06:13,0:25:00,,,
762301067,0:05:00,0:25:00,,,
762301068,0:05:00,0:25:00,,,
762301069,0:05:00,0:25:00,,,
762301070,0:18:00,0:25:00,,,
762301071,0:05:00,0:25:00,,,
762301072,0:05:00,0:25:00,,,
762301073,0:05:00,0:25:00,,,
762301074,0:05:00,0:25:00,,,
762301075,0:05:00,0:25:00,,,
762301076,0:05:00,0:25:00,,,
762301077,0:05:00,0:25:00,,,
762301081,0:05:00,0:25:00,,,
762301082,0:05:00,0:25:00,,,
762301083,0:05:00,0:25:00,,,
762301084,0:05:00,0:25:00,,,
762301085,0:05:00,0:25:00,,,
762301086,0:05:00,0:25:00,,,
762301087,0:05:00,0:25:00,,,
762301089,0:06:56,0:25:00,,,
762301092,0:05:00,0:25:00,,,
762301093,0:05:00,0:25:00,,,
762301094,0:05:00,0:25:00,,,
762301095,0:05:00,0:25:00,,,
762301096,0:11:00,0:25:00,,,
762301097,0:08:28,0:25:00,,,
762301098,0:05:00,0:25:00,,,
762301099,0:05:00,0:25:00,,,
762301100,0:05:00,0:25:00,,,
762301101,0:06:54,0:25:00,,,
762301102,0:05:00,0:25:00,,,
762301103,0:05:00,0:25:00,,,
762301104,0:11:26,0:25:00,,,
762301105,0:09:50,0:25:00,,,
762301106,0:10:15,0:25:00,,,
762301107,0:05:00,0:25:00,,,
762301108,0:05:00,0:25:00,,,
762301110,0:05:00,0:25:00,,,
762301111,0:05:00,0:25:00,,,
762301114,0:20:00,0:25:00,,,
762301115,0:05:00,0:25:00,,,
762301116,0:05:00,0:25:00,,,
762301117,0:13:30,0:25:00,,,
762301119,0:05:00,0:25:00,,,
762301120,0:05:00,0:25:00,,,
762301121,0:05:00,0:25:00,,,
762301123,0:17:00,0:25:00,,,
762301126,0:05:00,0:25:00,,,
762301127,0:05:00,0:25:00,,,
762301130,0:05:00,0:25:00,,,
762301131,0:05:00,0:25:00,,,
762301132,0:12:00,0:25:00,,,
762301140,0:05:00,0:25:00,,,
762301142,0:05:00,0:25:00,,,
762301143,0:05:00,0:25:00,,,
762301144,0:05:00,0:25:00,,,
762301145,0:05:00,0:25:00,,,
762301146,0:05:00,0:25:00,,,
762301147,0:05:00,0:25:00,,,
762301148,0:05:00,0:25:00,,,
762301149,0:05:00,0:25:00,,,
762301151,0:05:00,0:25:00,,,
762301152,0:05:00,0:25:00,,,
762301154,0:09:00,0:25:00,,,
762301155,0:11:00,0:25:00,,,
762301159,0:05:00,0:25:00,,,
762301160,0:05:00,0:25:00,,,
762301165,0:05:00,0:25:00,,,
762301166,0:05:00,0:25:00,,,
762301169,0:05:00,0:25:00,,,
762301170,0:05:00,0:25:00,,,
762301171,0:05:00,0:25:00,,,
762301201,0:05:00,0:10:00,,,
762301202,0:10:30,0:25:00,,,
762301203,0:05:00,0:25:00,,,
762301204,0:05:00,0:25:00,,,
762301205,0:05:00,0:25:00,,,
762301206,0:05:00,0:25:00,,,
762301207,0:09:17,0:25:00,,,
762301208,0:05:00,0:25:00,,,
762301209,0:05:00,0:25:00,,,
762301210,0:05:00,0:25:00,,,
762301211,0:06:20,0:25:00,,,
762301212,0:05:00,0:25:00,,,
762301213,0:05:00,0:25:00,,,
762301214,0:05:00,0:25:00,,,
762301215,0:05:00,0:25:00,,,
762301217,0:05:00,0:25:00,,,
762301218,0:05:00,0:25:00,,,
762301219,0:05:00,0:25:00,,,
762301220,0:05:00,0:25:00,,,
762301221,0:05:00,0:25:00,,,
762301222,0:05:00,0:25:00,,,
762301223,0:05:00,0:25:00,,,
762301224,0:05:00,0:25:00,,,
762301225,0:05:00,0:25:00,,,
762301226,0:05:00,0:25:00,,,
762301227,0:05:00,0:25:00,,,
762301228,0:05:00,0:25:00,,,
762301229,0:05:00,0:25:00,,,
762301230,0:05:00,0:25:00,,,
762301231,0:05:00,0:25:00,,,
762301232,0:05:00,0:25:00,,,
762301233,0:05:00,0:25:00,,,
762301234,0:05:00,0:25:00,,,
762301235,0:05:00,0:25:00,,,
762301236,0:05:00,0:25:00,,,
762301237,0:05:00,0:25:00,,,
762301239,0:05:00,0:25:00,,,
762301240,0:06:45,0:25:00,,,
762301241,0:05:00,0:25:00,,,
762301243,0:05:00,0:25:00,,,
762301244,0:05:00,0:25:00,,,
762301245,0:05:00,0:25:00,,,
762301246,0:05:00,0:25:00,,,
762301247,0:05:00,0:25:00,,,
762301248,0:05:00,0:25:00,,,
762301250,0:05:00,0:25:00,,,
762301251,0:06:27,0:25:00,,,
762301252,0:05:00,0:25:00,,,
762301253,0:05:00,0:25:00,,,
762301254,0:05:00,0:25:00,,,
762301255,0:05:00,0:25:00,,,
762301256,0:05:00,0:25:00,,,
762301257,0:10:00,0:25:00,,,
762301258,0:06:00,0:25:00,,,
762301260,0:09:00,0:25:00,,,
762301261,0:05:00,0:25:00,,,
762301262,0:05:00,0:25:00,,,
762301263,0:05:00,0:25:00,,,
762301265,0:05:00,0:25:00,,,
762301266,0:05:00,0:25:00,,,
762301268,0:05:00,0:25:00,,,
762301269,0:05:00,0:25:00,,,
762301271,0:05:00,0:25:00,,,
762301272,0:05:00,0:25:00,,,
762301273,0:05:00,0:25:00,,,
762301275,0:05:00,0:25:00,,,
762301276,0:05:00,0:25:00,,,
762301278,0:05:00,0:25:00,,,
762301280,0:05:00,0:25:00,,,
762301281,0:09:37,0:25:00,,,
762301282,0:05:00,0:25:00,,,
762301283,0:05:00,0:25:00,,,
762301284,0:05:00,0:25:00,,,
762301285,0:05:00,0:25:00,,,
762301286,0:05:00,0:25:00,,,
762301287,0:05:00,0:25:00,,,
762301288,0:12:54,0:25:00,,,
762301290,0:13:30,0:25:00,,,
762301291,0:10:51,0:21:16,,,
762301292,0:12:44,0:25:00,,,
762301293,0:05:00,0:25:00,,,
762301294,0:15:00,0:25:00,,,
762301296,0:09:14,0:25:00,,,
762301297,0:10:14,0:25:00,,,
762301298,0:05:00,0:25:00,,,
762301299,0:05:00,0:25:00,,,
762301300,0:05:00,0:25:00,,,
762301301,0:08:00,0:25:00,,,
762301302,0:05:00,0:25:00,,,
762301303,0:05:00,0:25:00,,,
762301304,0:05:00,0:25:00,,,
762301305,0:05:00,0:25:00,,,
762301306,0:05:00,0:25:00,,,
762301308,0:15:00,0:25:00,,,
762301309,0:05:00,0:25:00,,,
762301310,0:05:00,0:25:00,,,
762301311,0:05:00,0:25:00,,,
762301312,0:05:00,0:25:00,,,
762301313,0:05:00,0:25:00,,,
762301314,0:05:00,0:25:00,,,
762301315,0:05:00,0:25:00,,,
762301316,0:05:00,0:25:00,,,
762301317,0:05:00,0:25:00,,,
762301318,0:05:00,0:25:00,,,
762301319,0:05:00,0:25:00,,,
762301320,0:05:00,0:25:00,,,
762301321,0:05:00,0:25:00,,,
762301322,0:05:00,0:25:00,,,
762301325,0:05:00,0:25:00,,,
762301327,0:05:00,0:25:00,,,
762301328,0:05:50,0:25:00,,,
762301329,0:06:20,0:25:00,,,
762301330,0:05:00,0:25:00,,,
762301331,0:05:00,0:25:00,,,
762301332,0:05:00,0:25:00,,,
762301335,0:05:00,0:25:00,,,
762301336,0:05:00,0:25:00,,,
762301337,0:07:30,0:25:00,,,
762301339,0:05:00,0:25:00,,,
762301340,0:08:00,0:25:00,,,
762301341,0:05:00,0:25:00,,,
762301342,0:05:00,0:25:00,,,
762301343,0:05:00,0:25:00,,,
762301344,0:04:59,0:24:59,,,
762301345,0:05:00,0:25:00,,,
762301346,0:05:00,0:25:00,,,
762301347,0:05:00,0:25:00,,,
762301348,0:05:00,0:25:00,,,
762301349,0:05:00,0:25:00,,,
762301350,0:05:00,0:25:00,,,
762301351,0:05:00,0:25:00,,,
762301352,0:05:00,0:25:00,,,
762301353,0:05:00,0:25:00,,,
762301354,0:05:00,0:25:00,,,
762301355,0:19:30,0:25:00,,,
762301356,0:11:30,0:25:00,,,
762301357,0:05:00,0:25:00,,,
762301358,0:05:00,0:25:00,,,
762301359,0:05:00,0:25:00,,,
762301360,0:05:00,0:25:00,,,
762301362,0:06:30,0:25:00,,,
762301363,0:08:30,0:25:00,,,
762301364,0:05:00,0:25:00,,,
762301365,0:08:00,0:25:00,,,
762301366,0:01:50,0:07:24,,,
762301367,0:05:00,0:25:00,,,
762301368,0:05:00,0:25:00,,,
762301369,0:05:00,0:25:00,,,
762301370,0:05:00,0:25:00,,,
762301373,0:05:00,0:25:00,,,
762301374,0:05:00,0:25:00,,,
762401001,0:05:00,0:25:00,,,
762401006,0:10:00,0:30:00,,,
762401007,0:10:00,0:30:00,,,
762401010,0:10:00,0:30:00,,,
762401014,0:10:00,0:30:00,,,
762401015,0:10:00,0:30:00,,,
762401018,0:10:00,0:30:00,,,
762401019,0:10:00,0:30:00,,,
762401020,0:10:00,0:30:00,,,
762401021,0:10:00,0:30:00,,,
762401023,0:10:00,0:30:00,,,
762401024,0:11:00,0:30:00,,,
762401025,0:10:00,0:30:00,,,
762401028,0:10:00,0:30:00,,,
762401029,0:10:00,0:30:00,,,
762401031,0:10:00,0:30:00,,,
762401032,0:10:00,0:30:00,,,
762401033,0:10:00,0:30:00,,,
762401039,0:10:00,0:30:00,,,
762401043,0:10:00,0:30:00,,,
762401044,0:10:00,0:30:00,,,
762401047,0:10:00,0:30:00,,,
762401048,0:10:00,0:30:00,,,
762401051,0:10:00,0:30:00,,,
762401067,0:10:00,0:30:00,,,
762401068,0:10:00,0:30:00,,,
762401070,0:10:00,0:30:00,,,
762401071,0:10:00,0:30:00,,,
762401073,0:10:00,0:30:00,,,
762401093,0:10:00,0:30:00,,,
762401095,0:20:00,0:30:00,,,
762401110,0:10:00,0:30:00,,,
762401114,0:10:00,0:30:00,,,
762401118,0:10:00,0:30:00,,,
762401130,0:10:00,0:30:00,,,
762401131,0:10:00,0:30:00,,,
762401134,0:10:00,0:30:00,,,
762401137,0:10:00,0:30:00,,,
762401145,0:10:00,0:30:00,,,
762401147,0:21:20,0:30:00,,,
762401150,0:10:00,0:30:00,,,
762401154,0:10:00,0:30:00,,,
762401164,0:14:00,0:30:00,,,
762401166,0:10:00,0:30:00,,,
762401168,0:10:00,0:30:00,,,
762401169,0:10:00,0:30:00,,,
762401170,0:10:00,0:30:00,,,
762401173,0:10:00,0:30:00,,,
762401176,0:12:30,0:30:00,,,
762401179,0:10:00,0:30:00,,,
762401182,0:10:00,0:30:00,,,
762401189,0:10:00,0:30:00,,,
762401193,0:10:00,0:30:00,,,
762401198,0:10:00,0:30:00,,,
762401200,0:10:00,0:30:00,,,
762401206,0:10:00,0:30:00,,,
762401216,0:10:00,0:30:00,,,
762401218,0:10:00,0:30:00,,,
762401221,0:11:30,0:30:00,,,
762401225,0:10:00,0:30:00,,,
762401231,0:10:00,0:30:00,,,
762401233,0:10:00,0:30:00,,,
762401234,0:05:00,0:25:00,,,
762401239,0:10:00,0:30:00,,,
762401242,0:10:00,0:30:00,,,
762401249,0:19:00,0:25:00,,,
762401253,0:15:36,0:30:00,,,
762401255,0:10:00,0:30:00,,,
762401256,0:05:00,0:25:00,,,
762401257,0:17:30,0:25:00,,,
762401259,0:10:00,0:30:00,,,
762401260,0:10:00,0:30:00,,,
762401264,0:11:00,0:25:00,,,
762401265,0:10:00,0:30:00,,,
762401266,0:10:00,0:30:00,,,
762401267,0:05:00,0:25:00,,,
762401269,0:10:00,0:30:00,,,
762401271,0:05:00,0:25:00,,,
762401273,0:06:33,0:25:00,,,
762401274,0:10:00,0:30:00,,,
762401275,0:10:00,0:30:00,,,
762401277,0:05:00,0:25:00,,,
762401278,0:15:30,0:30:00,,,
762401280,0:10:00,0:30:00,,,
762401282,0:10:00,0:30:00,,,
762401286,0:05:00,0:25:00,,,
762401292,0:10:00,0:30:00,,,
762401296,0:10:00,0:30:00,,,
762401297,0:09:52,0:25:00,,,
762401298,0:06:50,0:25:00,,,
762401300,0:10:00,0:30:00,,,
762401302,0:10:00,0:30:00,,,
762401303,0:10:00,0:30:00,,,
762401307,0:10:00,0:30:00,,,
762401309,0:10:00,0:30:00,,,
762401313,0:10:00,0:30:00,,,
762401318,0:10:00,0:30:00,,,
762401319,0:04:52,0:24:52,,,
762401322,0:10:00,0:30:00,,,
762401327,0:10:00,0:30:00,,,
762401329,0:10:00,0:30:00,,,
762401340,0:05:00,0:25:00,,,
762401351,0:05:00,0:25:00,,,
941902001,0:04:59,0:24:59,,,
941902002,0:04:58,0:24:58,,,
941902003,0:04:59,0:24:59,,,
941902004,0:04:59,0:24:59,,,
941902005,0:04:58,0:24:58,,,
941902006,0:04:59,0:24:59,,,
941902007,0:04:59,0:24:59,,,
941902008,0:04:57,0:24:57,,,
941902009,0:04:59,0:24:59,,,
941902010,0:04:59,0:24:59,,,
941902011,0:04:59,0:24:59,,,
941902012,0:04:59,0:24:59,,,
941902013,0:04:59,0:24:59,,,
941902014,0:04:59,0:24:59,,,
941902015,0:04:59,0:24:59,,,
941902016,0:04:59,0:24:59,,,
941902017,0:04:59,0:24:59,,,
941902018,0:04:59,0:24:59,,,
941902020,0:04:59,0:24:59,,,
941902021,0:04:59,0:24:59,,,
941902022,0:04:59,0:24:59,,,
941902023,0:04:59,0:24:59,,,
941902025,0:04:59,0:24:59,,,
941902026,0:04:59,0:24:59,,,
941902027,0:04:59,0:24:59,,,
941902028,0:04:59,0:24:59,,,
941902029,0:04:59,0:24:59,,,
941902030,0:04:59,0:24:59,,,
941902031,0:04:59,0:24:59,,,
941902032,0:04:59,0:24:59,,,
941902033,0:04:58,0:24:58,,,
941902034,0:04:58,0:24:58,,,
941902035,0:04:59,0:24:59,,,
941902036,0:04:59,0:24:59,,,
941902037,0:04:59,0:24:59,,,
941902038,0:04:59,0:24:59,,,
941902039,0:04:58,0:24:58,,,
941902040,0:04:59,0:24:59,,,
941902041,0:04:59,0:24:59,,,
941902042,0:04:58,0:24:58,,,
941902043,0:04:58,0:24:58,,,
941902044,0:04:59,0:24:59,,,
941902045,0:04:58,0:24:58,,,
941902046,0:04:58,0:24:58,,,
941902049,0:04:59,0:24:59,,,
941902050,0:04:58,0:24:58,,,
941902051,0:04:59,0:24:59,,,
941902052,0:04:59,0:24:59,,,
941902054,0:04:59,0:24:59,,,
941902055,0:04:59,0:24:59,,,
941902056,0:04:59,0:24:59,,,
941902057,0:04:57,0:24:57,,,
941902058,0:04:59,0:24:59,,,
941902060,0:04:58,0:24:58,,,
941902061,0:04:59,0:24:59,,,
941902064,0:04:59,0:24:59,,,
941902065,0:04:59,0:24:59,,,
941902066,0:04:59,0:24:59,,,
941902067,0:04:59,0:24:59,,,
941902068,0:04:58,0:24:58,,,
941902069,0:04:59,0:24:59,,,
941902070,0:04:59,0:24:59,,,
941902071,0:04:59,0:24:59,,,
941902072,0:04:59,0:24:59,,,
941902073,0:04:59,0:24:59,,,
941902074,0:04:58,0:24:58,,,
941902075,0:04:59,0:24:59,,,
941902076,0:04:59,0:24:59,,,
941902077,0:04:58,0:24:58,,,
941902078,0:04:57,0:24:57,,,
941902080,0:04:59,0:24:59,,,
941902081,0:04:59,0:24:59,,,
941902082,0:04:59,0:24:59,,,
941902083,0:04:58,0:24:58,,,
941902084,0:04:59,0:24:59,,,
941902085,0:04:59,0:24:59,,,
941902086,0:04:59,0:24:59,,,
941902087,0:04:59,0:24:59,,,
941902088,0:04:59,0:24:59,,,
941902089,0:04:56,0:24:56,,,
941902090,0:04:59,0:24:59,,,
941902091,0:04:59,0:24:59,,,
941902092,0:04:59,0:24:59,,,
941902093,0:04:56,0:24:56,,,
941902095,0:04:59,0:24:59,,,
941902097,0:04:59,0:24:59,,,
941902098,0:04:59,0:24:59,,,
941902099,0:04:58,0:24:58,,,
941902100,0:04:59,0:24:59,,,
941902101,0:04:59,0:24:59,,,
941902105,0:04:59,0:24:59,,,
941902109,0:04:56,0:24:56,,,
941902110,0:04:59,0:24:59,,,
941902111,0:04:59,0:24:59,,,
941902112,0:04:59,0:24:59,,,
941902113,0:04:59,0:24:59,,,
941902114,0:04:59,0:24:59,,,
941902116,0:04:59,0:24:59,,,
941902117,0:04:59,0:24:59,,,
941902118,0:04:59,0:24:59,,,
941902119,0:04:59,0:24:59,,,
941902120,0:04:59,0:24:59,,,
941902121,0:04:59,0:24:59,,,
941902122,0:04:54,0:24:54,,,
941902123,0:04:59,0:24:59,,,
941902124,0:04:59,0:24:59,,,
941902125,0:04:58,0:24:59,,,
941902126,0:04:59,0:24:59,,,
941902127,0:04:59,0:24:59,,,
941902128,0:04:59,0:24:59,,,
941902129,0:04:59,0:24:59,,,
941902130,0:04:59,0:24:59,,,
941902131,0:04:59,0:24:59,,,
941902132,0:04:59,0:24:59,,,
941902135,0:04:59,0:24:59,,,
941902136,0:04:59,0:24:59,,,
941902137,0:04:59,0:24:59,,,
941902140,0:04:59,0:24:59,,,
941902141,0:04:59,0:24:59,,,
941902142,0:04:59,0:24:59,,,
941902143,0:04:58,0:24:58,,,
941902144,0:04:59,0:24:59,,,
941902145,0:04:59,0:24:59,,,
941902146,0:04:59,0:24:59,,,
941902147,0:04:59,0:24:59,,,
941902148,0:04:59,0:24:59,,,
941902149,0:05:00,0:25:00,,,
941902150,0:04:59,0:24:59,,,
941902151,0:04:59,0:24:59,,,
941902152,0:04:59,0:24:59,,,
941902154,0:04:59,0:24:59,,,
941902155,0:04:59,0:24:59,,,
941902156,0:04:59,0:24:59,,,
941902163,0:04:59,0:24:59,,,
941902164,0:04:59,0:24:59,,,
941902165,0:04:59,0:24:59,,,
941902166,0:04:59,0:24:59,,,
941902167,0:04:56,0:24:56,,,
941902168,0:04:59,0:24:59,,,
941902169,0:04:59,0:24:59,,,
941902170,0:04:59,0:24:59,,,
941902171,0:04:59,0:24:59,,,
941902172,0:04:59,0:24:59,,,
941902173,0:04:59,0:24:59,,,
941902174,0:04:59,0:24:59,,,
941902175,0:04:58,0:24:58,,,
941902176,0:04:59,0:24:59,,,
941902177,0:04:59,0:24:59,,,
941902178,0:04:59,0:24:59,,,
941902179,0:04:58,0:24:58,,,
941902180,0:05:00,0:25:00,,,
941902181,0:04:59,0:24:59,,,
941902182,0:04:59,0:24:59,,,
941902183,0:04:59,0:24:59,,,
941902184,0:04:59,0:24:59,,,
941902185,0:04:59,0:24:59,,,
941902186,0:04:59,0:24:59,,,
941902187,0:04:59,0:24:59,,,
941902188,0:04:59,0:24:59,,,
941902189,0:04:59,0:24:59,,,
941902190,0:04:58,0:24:58,,,
941902191,0:04:55,0:24:55,,,
941902192,0:04:59,0:24:59,,,
941902193,0:04:59,0:24:59,,,
941902194,0:04:59,0:24:59,,,
941902195,0:04:58,0:24:58,,,
941902196,0:04:59,0:24:59,,,
942101009,0:06:30,0:26:30,,,
942101010,0:06:36,0:24:36,,,
942101011,0:08:15,0:28:15,,,
942101013,0:05:00,0:25:00,,,
942101014,0:05:00,0:25:00,,,
942101015,0:05:00,0:25:00,,,
942101016,0:05:00,0:25:00,,,
942101022,0:14:16,0:34:16,,,
942101023,0:13:44,0:33:44,,,
942101024,0:14:12,0:34:12,,,
942101031,0:13:37,0:33:37,,,
942101033,0:14:30,0:34:30,,,
942101034,0:15:38,0:35:38,,,
942101039,0:05:00,0:25:00,,,
942101040,0:05:00,0:25:00,,,
942205001,0:05:00,0:25:00,,,
942205003,0:05:00,0:25:00,,,
942205004,0:05:00,0:25:00,,,
942205005,0:05:00,0:25:00,,,
942205006,0:05:00,0:25:00,,,
942205007,0:05:00,0:25:00,,,
942205008,0:05:00,0:25:00,,,
942205009,0:05:00,0:25:00,,,
942205010,0:05:00,0:25:00,,,
942205013,0:06:35,0:11:35,,,
942205020,0:15:00,0:25:00,,,
942205025,0:05:00,0:25:00,,,
942205026,0:05:00,0:25:00,,,
942205027,0:05:00,0:25:00,,,
942205031,0:05:00,0:25:00,,,
942205032,0:06:45,0:25:00,,,
942205033,0:05:22,0:25:22,,,
942205034,0:07:18,0:12:18,,,
942205035,0:06:20,0:26:20,,,
942205038,0:05:04,0:25:04,,,
942205040,0:05:00,0:25:00,,,
942205042,0:05:00,0:25:00,,,
942205046,0:05:00,0:25:00,,,
942205048,0:06:05,0:26:05,,,
942205049,0:14:01,0:34:01,,,
942205050,0:13:12,0:33:12,,,
942205052,0:12:52,0:32:52,,,
942205053,0:22:52,0:33:40,,,
942205054,0:15:30,0:32:50,,,
942205055,0:13:28,0:33:28,,,
942205056,0:12:50,0:32:50,,,
942205061,0:17:45,0:32:45,,,
942205097,0:09:35,0:29:35,,,
942205115,0:05:00,0:25:00,,,
942205116,0:07:00,0:25:00,,,
942205117,0:05:00,0:25:00,,,
942205118,0:05:00,0:25:00,,,
942205119,0:05:00,0:25:00,,,
942205120,0:05:00,0:25:00,,,
942205121,0:05:00,0:25:00,,,
942205122,0:05:00,0:25:00,,,
942205123,0:05:00,0:25:00,,,
942205124,0:08:00,0:25:00,,,
942205125,0:06:00,0:25:00,,,
942205126,0:05:00,0:25:00,,,
942205127,0:05:00,0:25:00,,,
942205128,0:05:00,0:25:00,,,
942205129,0:05:00,0:25:00,,,
942205130,0:05:00,0:25:00,,,
942205131,0:05:00,0:25:00,,,
942205132,0:05:00,0:25:00,,,
942205133,0:05:00,0:25:00,,,
942205134,0:05:00,0:25:00,,,
942205135,0:05:00,0:25:00,,,
942205136,0:05:00,0:25:00,,,
942205137,0:05:00,0:25:00,,,
942205138,0:05:00,0:25:00,,,
942205139,0:05:00,0:25:00,,,
942205140,0:05:00,0:25:00,,,
942205141,0:05:00,0:25:00,,,
942205142,0:08:00,0:25:00,,,
942205143,0:05:00,0:25:00,,,
942205144,0:05:00,0:25:00,,,
942205146,0:05:00,0:25:00,,,
942205147,0:07:30,0:25:00,,,
942205148,0:10:30,0:25:00,,,
942205152,0:06:45,0:25:00,,,
942205153,0:10:00,0:25:00,,,
942205154,0:05:00,0:25:00,,,
942205155,0:16:30,0:25:00,,,
942205156,0:10:00,0:25:00,,,
942205157,0:05:00,0:25:00,,,
942205158,0:05:00,0:25:00,,,
942205159,0:05:00,0:25:00,,,
942205160,0:05:00,0:25:00,,,
942205162,0:05:00,0:25:00,,,
942205163,0:05:00,0:25:00,,,
942205164,0:05:00,0:25:00,,,
942304008,0:05:00,0:25:00,,,
942304009,0:09:00,0:25:00,,,
942304010,0:08:00,0:25:00,,,
942304012,0:14:00,0:25:00,,,
942304017,0:05:00,0:25:00,,,
942304018,0:05:00,0:25:00,,,
942304019,0:19:30,0:25:00,,,
942304020,0:05:00,0:25:00,,,
942304022,0:16:45,0:25:00,,,
942304026,0:08:30,0:25:00,,,
942304031,0:05:00,0:25:00,,,
942304032,0:12:24,0:32:24,,,
942304033,0:15:09,0:35:09,,,
942304036,0:17:45,0:32:35,,,
942304045,0:05:00,0:25:00,,,
942304055,0:15:09,0:35:09,,,
942304056,0:14:00,0:34:40,,,
942304073,0:17:05,0:35:09,,,
942304078,0:22:30,0:32:48,,,
942304099,0:13:25,0:32:25,,,
942304103,0:05:00,0:25:00,,,
942304105,0:13:30,0:33:30,,,
942304106,0:23:30,0:34:30,,,
942304109,0:15:09,0:35:09,,,
942304134,0:05:00,0:22:00,,,
942304135,0:15:00,0:25:00,,,
942304136,0:05:00,0:25:00,,,
942304139,0:05:00,0:25:00,,,
942304140,0:05:00,0:25:00,,,
942304141,0:05:00,0:25:00,,,
942304142,0:05:00,0:25:00,,,
942304143,0:05:00,0:25:00,,,
942304144,0:05:00,0:25:00,,,
942304145,0:05:00,0:25:00,,,
942304147,0:05:00,0:25:00,,,
942304148,0:05:00,0:25:00,,,
942304149,0:05:00,0:25:00,,,
942304150,0:05:00,0:25:00,,,
942304151,0:05:00,0:25:00,,,
942304152,0:05:00,0:25:00,,,
942304153,0:05:00,0:25:00,,,
942304154,0:05:00,0:25:00,,,
942304155,0:05:00,0:25:00,,,
942304156,0:05:00,0:25:00,,,
942304157,0:05:00,0:25:00,,,
942304158,0:05:00,0:25:00,,,
942304159,0:05:00,0:25:00,,,
942304160,0:05:00,0:25:00,,,
942304162,0:05:00,0:25:00,,,
942304163,0:12:20,0:25:00,,,
942304164,0:05:00,0:25:00,,,
942304165,0:05:00,0:25:00,,,
942304166,0:15:15,0:25:00,,,
942304167,0:06:30,0:25:00,,,
942304168,0:06:30,0:25:00,,,
942304170,0:05:00,0:25:00,,,
942304171,0:09:30,0:25:00,,,
942304173,0:05:00,0:25:00,,,
942304174,0:07:00,0:25:00,,,
942304175,0:16:00,0:25:00,,,
942304176,0:05:00,0:25:00,,,
942304177,0:16:30,0:25:00,,,
942304178,0:05:00,0:25:00,,,
