Frame,Timestamp
1,00:00:00.020 UTC
2,00:00:00.040 UTC
3,00:00:00.060 UTC
4,00:00:00.080 UTC
5,00:00:01.100 UTC
6,00:00:01.120 UTC
7,00:00:01.140 UTC
8,00:00:01.160 UTC
9,00:00:01.180 UTC
10,00:00:02.200 UTC
11,00:00:02.220 UTC
12,00:00:02.240 UTC
13,00:00:02.260 UTC
14,00:00:02.280 UTC
15,00:00:03.300 UTC
16,00:00:03.320 UTC
17,00:00:03.340 UTC
18,00:00:03.360 UTC
19,00:00:03.380 UTC
20,00:00:04.400 UTC
21,00:00:04.420 UTC
22,00:00:04.440 UTC
23,00:00:04.460 UTC
24,00:00:04.480 UTC
25,00:00:05.500 UTC
26,00:00:05.520 UTC
27,00:00:05.540 UTC
28,00:00:05.560 UTC
29,00:00:05.580 UTC
30,00:00:06.600 UTC
31,00:00:06.620 UTC
32,00:00:06.640 UTC
33,00:00:06.660 UTC
34,00:00:06.680 UTC
35,00:00:07.700 UTC
36,00:00:07.720 UTC
37,00:00:07.740 UTC
38,00:00:07.760 UTC
39,00:00:07.780 UTC
40,00:00:08.800 UTC
41,00:00:08.820 UTC
42,00:00:08.840 UTC
43,00:00:08.860 UTC
44,00:00:08.880 UTC
45,00:00:09.900 UTC
46,00:00:09.920 UTC
47,00:00:09.940 UTC
48,00:00:09.960 UTC
49,00:00:09.980 UTC
50,00:00:10.1000 UTC
51,00:00:10.1020 UTC
52,00:00:10.1040 UTC
53,00:00:10.1060 UTC
54,00:00:10.1080 UTC
55,00:00:11.1100 UTC
56,00:00:11.1120 UTC
57,00:00:11.1140 UTC
58,00:00:11.1160 UTC
59,00:00:11.1180 UTC
60,00:00:12.1200 UTC
61,00:00:12.1220 UTC
62,00:00:12.1240 UTC
63,00:00:12.1260 UTC
64,00:00:12.1280 UTC
65,00:00:13.1300 UTC
66,00:00:13.1320 UTC
67,00:00:13.1340 UTC
68,00:00:13.1360 UTC
69,00:00:13.1380 UTC
70,00:00:14.1400 UTC
71,00:00:14.1420 UTC
72,00:00:14.1440 UTC
73,00:00:14.1460 UTC
74,00:00:14.1480 UTC
75,00:00:15.1500 UTC
76,00:00:15.1520 UTC
77,00:00:15.1540 UTC
78,00:00:15.1560 UTC
79,00:00:15.1580 UTC
80,00:00:16.1600 UTC
81,00:00:16.1620 UTC
82,00:00:16.1640 UTC
83,00:00:16.1660 UTC
84,00:00:16.1680 UTC
85,00:00:17.1700 UTC
86,00:00:17.1720 UTC
87,00:00:17.1740 UTC
88,00:00:17.1760 UTC
89,00:00:17.1780 UTC
90,00:00:18.1800 UTC
91,00:00:18.1820 UTC
92,00:00:18.1840 UTC
93,00:00:18.1860 UTC
94,00:00:18.1880 UTC
95,00:00:19.1900 UTC
96,00:00:19.1920 UTC
97,00:00:19.1940 UTC
98,00:00:19.1960 UTC
99,00:00:19.1980 UTC
100,00:00:20.2000 UTC
101,00:00:20.2020 UTC
102,00:00:20.2040 UTC
103,00:00:20.2060 UTC
104,00:00:20.2080 UTC
105,00:00:21.2100 UTC
106,00:00:21.2120 UTC
107,00:00:21.2140 UTC
108,00:00:21.2160 UTC
109,00:00:21.2180 UTC
110,00:00:22.2200 UTC
111,00:00:22.2220 UTC
112,00:00:22.2240 UTC
113,00:00:22.2260 UTC
114,00:00:22.2280 UTC
115,00:00:23.2300 UTC
116,00:00:23.2320 UTC
117,00:00:23.2340 UTC
118,00:00:23.2360 UTC
119,00:00:23.2380 UTC
120,00:00:24.2400 UTC
121,00:00:24.2420 UTC
122,00:00:24.2440 UTC
123,00:00:24.2460 UTC
124,00:00:24.2480 UTC
125,00:00:25.2500 UTC
126,00:00:25.2520 UTC
127,00:00:25.2540 UTC
128,00:00:25.2560 UTC
129,00:00:25.2580 UTC
130,00:00:26.2600 UTC
131,00:00:26.2620 UTC
132,00:00:26.2640 UTC
133,00:00:26.2660 UTC
134,00:00:26.2680 UTC
135,00:00:27.2700 UTC
136,00:00:27.2720 UTC
137,00:00:27.2740 UTC
138,00:00:27.2760 UTC
139,00:00:27.2780 UTC
140,00:00:28.2800 UTC
141,00:00:28.2820 UTC
142,00:00:28.2840 UTC
143,00:00:28.2860 UTC
144,00:00:28.2880 UTC
145,00:00:29.2900 UTC
146,00:00:29.2920 UTC
147,00:00:29.2940 UTC
148,00:00:29.2960 UTC
149,00:00:29.2980 UTC
150,00:00:30.3000 UTC
151,00:00:30.3020 UTC
152,00:00:30.3040 UTC
153,00:00:30.3060 UTC
154,00:00:30.3080 UTC
155,00:00:31.3100 UTC
156,00:00:31.3120 UTC
157,00:00:31.3140 UTC
158,00:00:31.3160 UTC
159,00:00:31.3180 UTC
160,00:00:32.3200 UTC
161,00:00:32.3220 UTC
162,00:00:32.3240 UTC
163,00:00:32.3260 UTC
164,00:00:32.3280 UTC
165,00:00:33.3300 UTC
166,00:00:33.3320 UTC
167,00:00:33.3340 UTC
168,00:00:33.3360 UTC
169,00:00:33.3380 UTC
170,00:00:34.3400 UTC
171,00:00:34.3420 UTC
172,00:00:34.3440 UTC
173,00:00:34.3460 UTC
174,00:00:34.3480 UTC
175,00:00:35.3500 UTC
176,00:00:35.3520 UTC
177,00:00:35.3540 UTC
178,00:00:35.3560 UTC
179,00:00:35.3580 UTC
180,00:00:36.3600 UTC
181,00:00:36.3620 UTC
182,00:00:36.3640 UTC
183,00:00:36.3660 UTC
184,00:00:36.3680 UTC
185,00:00:37.3700 UTC
186,00:00:37.3720 UTC
187,00:00:37.3740 UTC
188,00:00:37.3760 UTC
189,00:00:37.3780 UTC
190,00:00:38.3800 UTC
191,00:00:38.3820 UTC
192,00:00:38.3840 UTC
193,00:00:38.3860 UTC
194,00:00:38.3880 UTC
195,00:00:39.3900 UTC
196,00:00:39.3920 UTC
197,00:00:39.3940 UTC
198,00:00:39.3960 UTC
199,00:00:39.3980 UTC
200,00:00:40.4000 UTC
201,00:00:40.4020 UTC
202,00:00:40.4040 UTC
203,00:00:40.4060 UTC
204,00:00:40.4080 UTC
205,00:00:41.4100 UTC
206,00:00:41.4120 UTC
207,00:00:41.4140 UTC
208,00:00:41.4160 UTC
209,00:00:41.4180 UTC
210,00:00:42.4200 UTC
211,00:00:42.4220 UTC
212,00:00:42.4240 UTC
213,00:00:42.4260 UTC
214,00:00:42.4280 UTC
215,00:00:43.4300 UTC
216,00:00:43.4320 UTC
217,00:00:43.4340 UTC
218,00:00:43.4360 UTC
219,00:00:43.4380 UTC
220,00:00:44.4400 UTC
221,00:00:44.4420 UTC
222,00:00:44.4440 UTC
223,00:00:44.4460 UTC
224,00:00:44.4480 UTC
225,00:00:45.4500 UTC
226,00:00:45.4520 UTC
227,00:00:45.4540 UTC
228,00:00:45.4560 UTC
229,00:00:45.4580 UTC
230,00:00:46.4600 UTC
231,00:00:46.4620 UTC
232,00:00:46.4640 UTC
233,00:00:46.4660 UTC
234,00:00:46.4680 UTC
235,00:00:47.4700 UTC
236,00:00:47.4720 UTC
237,00:00:47.4740 UTC
238,00:00:47.4760 UTC
239,00:00:47.4780 UTC
240,00:00:48.4800 UTC
241,00:00:48.4820 UTC
242,00:00:48.4840 UTC
243,00:00:48.4860 UTC
244,00:00:48.4880 UTC
245,00:00:49.4900 UTC
246,00:00:49.4920 UTC
247,00:00:49.4940 UTC
248,00:00:49.4960 UTC
249,00:00:49.4980 UTC
250,00:00:50.5000 UTC
251,00:00:50.5020 UTC
252,00:00:50.5040 UTC
253,00:00:50.5060 UTC
254,00:00:50.5080 UTC
255,00:00:51.5100 UTC
256,00:00:51.5120 UTC
257,00:00:51.5140 UTC
258,00:00:51.5160 UTC
259,00:00:51.5180 UTC
260,00:00:52.5200 UTC
261,00:00:52.5220 UTC
262,00:00:52.5240 UTC
263,00:00:52.5260 UTC
264,00:00:52.5280 UTC
265,00:00:53.5300 UTC
266,00:00:53.5320 UTC
267,00:00:53.5340 UTC
268,00:00:53.5360 UTC
269,00:00:53.5380 UTC
270,00:00:54.5400 UTC
271,00:00:54.5420 UTC
272,00:00:54.5440 UTC
273,00:00:54.5460 UTC
274,00:00:54.5480 UTC
275,00:00:55.5500 UTC
276,00:00:55.5520 UTC
277,00:00:55.5540 UTC
278,00:00:55.5560 UTC
279,00:00:55.5580 UTC
280,00:00:56.5600 UTC
281,00:00:56.5620 UTC
282,00:00:56.5640 UTC
283,00:00:56.5660 UTC
284,00:00:56.5680 UTC
285,00:00:57.5700 UTC
286,00:00:57.5720 UTC
287,00:00:57.5740 UTC
288,00:00:57.5760 UTC
289,00:00:57.5780 UTC
290,00:00:58.5800 UTC
291,00:00:58.5820 UTC
292,00:00:58.5840 UTC
293,00:00:58.5860 UTC
294,00:00:58.5880 UTC
295,00:00:59.5900 UTC
296,00:00:59.5920 UTC
297,00:00:59.5940 UTC
298,00:00:59.5960 UTC
299,00:00:59.5980 UTC
300,00:01:00.6000 UTC
301,00:01:00.6020 UTC
302,00:01:00.6040 UTC
303,00:01:00.6060 UTC
304,00:01:00.6080 UTC
305,00:01:01.6100 UTC
306,00:01:01.6120 UTC
307,00:01:01.6140 UTC
308,00:01:01.6160 UTC
309,00:01:01.6180 UTC
310,00:01:02.6200 UTC
311,00:01:02.6220 UTC
312,00:01:02.6240 UTC
313,00:01:02.6260 UTC
314,00:01:02.6280 UTC
315,00:01:03.6300 UTC
316,00:01:03.6320 UTC
317,00:01:03.6340 UTC
318,00:01:03.6360 UTC
319,00:01:03.6380 UTC
320,00:01:04.6400 UTC
321,00:01:04.6420 UTC
322,00:01:04.6440 UTC
323,00:01:04.6460 UTC
324,00:01:04.6480 UTC
325,00:01:05.6500 UTC
326,00:01:05.6520 UTC
327,00:01:05.6540 UTC
328,00:01:05.6560 UTC
329,00:01:05.6580 UTC
330,00:01:06.6600 UTC
331,00:01:06.6620 UTC
332,00:01:06.6640 UTC
333,00:01:06.6660 UTC
334,00:01:06.6680 UTC
335,00:01:07.6700 UTC
336,00:01:07.6720 UTC
337,00:01:07.6740 UTC
338,00:01:07.6760 UTC
339,00:01:07.6780 UTC
340,00:01:08.6800 UTC
341,00:01:08.6820 UTC
342,00:01:08.6840 UTC
343,00:01:08.6860 UTC
344,00:01:08.6880 UTC
345,00:01:09.6900 UTC
346,00:01:09.6920 UTC
347,00:01:09.6940 UTC
348,00:01:09.6960 UTC
349,00:01:09.6980 UTC
350,00:01:10.7000 UTC
351,00:01:10.7020 UTC
352,00:01:10.7040 UTC
353,00:01:10.7060 UTC
354,00:01:10.7080 UTC
355,00:01:11.7100 UTC
356,00:01:11.7120 UTC
357,00:01:11.7140 UTC
358,00:01:11.7160 UTC
359,00:01:11.7180 UTC
360,00:01:12.7200 UTC
361,00:01:12.7220 UTC
362,00:01:12.7240 UTC
363,00:01:12.7260 UTC
364,00:01:12.7280 UTC
365,00:01:13.7300 UTC
366,00:01:13.7320 UTC
367,00:01:13.7340 UTC
368,00:01:13.7360 UTC
369,00:01:13.7380 UTC
370,00:01:14.7400 UTC
371,00:01:14.7420 UTC
372,00:01:14.7440 UTC
373,00:01:14.7460 UTC
374,00:01:14.7480 UTC
375,00:01:15.7500 UTC
376,00:01:15.7520 UTC
377,00:01:15.7540 UTC
378,00:01:15.7560 UTC
379,00:01:15.7580 UTC
380,00:01:16.7600 UTC
381,00:01:16.7620 UTC
382,00:01:16.7640 UTC
383,00:01:16.7660 UTC
384,00:01:16.7680 UTC
385,00:01:17.7700 UTC
386,00:01:17.7720 UTC
387,00:01:17.7740 UTC
388,00:01:17.7760 UTC
389,00:01:17.7780 UTC
390,00:01:18.7800 UTC
391,00:01:18.7820 UTC
392,00:01:18.7840 UTC
393,00:01:18.7860 UTC
394,00:01:18.7880 UTC
395,00:01:19.7900 UTC
396,00:01:19.7920 UTC
397,00:01:19.7940 UTC
398,00:01:19.7960 UTC
399,00:01:19.7980 UTC
400,00:01:20.8000 UTC
401,00:01:20.8020 UTC
402,00:01:20.8040 UTC
403,00:01:20.8060 UTC
404,00:01:20.8080 UTC
405,00:01:21.8100 UTC
406,00:01:21.8120 UTC
407,00:01:21.8140 UTC
408,00:01:21.8160 UTC
409,00:01:21.8180 UTC
410,00:01:22.8200 UTC
411,00:01:22.8220 UTC
412,00:01:22.8240 UTC
413,00:01:22.8260 UTC
414,00:01:22.8280 UTC
415,00:01:23.8300 UTC
416,00:01:23.8320 UTC
417,00:01:23.8340 UTC
418,00:01:23.8360 UTC
419,00:01:23.8380 UTC
420,00:01:24.8400 UTC
421,00:01:24.8420 UTC
422,00:01:24.8440 UTC
423,00:01:24.8460 UTC
424,00:01:24.8480 UTC
425,00:01:25.8500 UTC
426,00:01:25.8520 UTC
427,00:01:25.8540 UTC
428,00:01:25.8560 UTC
429,00:01:25.8580 UTC
430,00:01:26.8600 UTC
431,00:01:26.8620 UTC
432,00:01:26.8640 UTC
433,00:01:26.8660 UTC
434,00:01:26.8680 UTC
435,00:01:27.8700 UTC
436,00:01:27.8720 UTC
437,00:01:27.8740 UTC
438,00:01:27.8760 UTC
439,00:01:27.8780 UTC
440,00:01:28.8800 UTC
441,00:01:28.8820 UTC
442,00:01:28.8840 UTC
443,00:01:28.8860 UTC
444,00:01:28.8880 UTC
445,00:01:29.8900 UTC
446,00:01:29.8920 UTC
447,00:01:29.8940 UTC
448,00:01:29.8960 UTC
449,00:01:29.8980 UTC
450,00:01:30.9000 UTC
451,00:01:30.9020 UTC
452,00:01:30.9040 UTC
453,00:01:30.9060 UTC
454,00:01:30.9080 UTC
455,00:01:31.9100 UTC
456,00:01:31.9120 UTC
457,00:01:31.9140 UTC
458,00:01:31.9160 UTC
459,00:01:31.9180 UTC
460,00:01:32.9200 UTC
461,00:01:32.9220 UTC
462,00:01:32.9240 UTC
463,00:01:32.9260 UTC
464,00:01:32.9280 UTC
465,00:01:33.9300 UTC
466,00:01:33.9320 UTC
467,00:01:33.9340 UTC
468,00:01:33.9360 UTC
469,00:01:33.9380 UTC
470,00:01:34.9400 UTC
471,00:01:34.9420 UTC
472,00:01:34.9440 UTC
473,00:01:34.9460 UTC
474,00:01:34.9480 UTC
475,00:01:35.9500 UTC
476,00:01:35.9520 UTC
477,00:01:35.9540 UTC
478,00:01:35.9560 UTC
479,00:01:35.9580 UTC
480,00:01:36.9600 UTC
481,00:01:36.9620 UTC
482,00:01:36.9640 UTC
483,00:01:36.9660 UTC
484,00:01:36.9680 UTC
485,00:01:37.9700 UTC
486,00:01:37.9720 UTC
487,00:01:37.9740 UTC
488,00:01:37.9760 UTC
489,00:01:37.9780 UTC
490,00:01:38.9800 UTC
491,00:01:38.9820 UTC
492,00:01:38.9840 UTC
493,00:01:38.9860 UTC
494,00:01:38.9880 UTC
495,00:01:39.9900 UTC
496,00:01:39.9920 UTC
497,00:01:39.9940 UTC
498,00:01:39.9960 UTC
499,00:01:39.9980 UTC
500,00:01:40.10000 UTC
501,00:01:40.10020 UTC
502,00:01:40.10040 UTC
503,00:01:40.10060 UTC
504,00:01:40.10080 UTC
505,00:01:41.10100 UTC
506,00:01:41.10120 UTC
507,00:01:41.10140 UTC
508,00:01:41.10160 UTC
509,00:01:41.10180 UTC
510,00:01:42.10200 UTC
511,00:01:42.10220 UTC
512,00:01:42.10240 UTC
513,00:01:42.10260 UTC
514,00:01:42.10280 UTC
515,00:01:43.10300 UTC
516,00:01:43.10320 UTC
517,00:01:43.10340 UTC
518,00:01:43.10360 UTC
519,00:01:43.10380 UTC
520,00:01:44.10400 UTC
521,00:01:44.10420 UTC
522,00:01:44.10440 UTC
523,00:01:44.10460 UTC
524,00:01:44.10480 UTC
525,00:01:45.10500 UTC
526,00:01:45.10520 UTC
527,00:01:45.10540 UTC
528,00:01:45.10560 UTC
529,00:01:45.10580 UTC
530,00:01:46.10600 UTC
531,00:01:46.10620 UTC
532,00:01:46.10640 UTC
533,00:01:46.10660 UTC
534,00:01:46.10680 UTC
535,00:01:47.10700 UTC
536,00:01:47.10720 UTC
537,00:01:47.10740 UTC
538,00:01:47.10760 UTC
539,00:01:47.10780 UTC
540,00:01:48.10800 UTC
541,00:01:48.10820 UTC
542,00:01:48.10840 UTC
543,00:01:48.10860 UTC
544,00:01:48.10880 UTC
545,00:01:49.10900 UTC
546,00:01:49.10920 UTC
547,00:01:49.10940 UTC
548,00:01:49.10960 UTC
549,00:01:49.10980 UTC
550,00:01:50.11000 UTC
551,00:01:50.11020 UTC
552,00:01:50.11040 UTC
553,00:01:50.11060 UTC
554,00:01:50.11080 UTC
555,00:01:51.11100 UTC
556,00:01:51.11120 UTC
557,00:01:51.11140 UTC
558,00:01:51.11160 UTC
559,00:01:51.11180 UTC
560,00:01:52.11200 UTC
561,00:01:52.11220 UTC
562,00:01:52.11240 UTC
563,00:01:52.11260 UTC
564,00:01:52.11280 UTC
565,00:01:53.11300 UTC
566,00:01:53.11320 UTC
567,00:01:53.11340 UTC
568,00:01:53.11360 UTC
569,00:01:53.11380 UTC
570,00:01:54.11400 UTC
571,00:01:54.11420 UTC
572,00:01:54.11440 UTC
573,00:01:54.11460 UTC
574,00:01:54.11480 UTC
575,00:01:55.11500 UTC
576,00:01:55.11520 UTC
577,00:01:55.11540 UTC
578,00:01:55.11560 UTC
579,00:01:55.11580 UTC
580,00:01:56.11600 UTC
581,00:01:56.11620 UTC
582,00:01:56.11640 UTC
583,00:01:56.11660 UTC
584,00:01:56.11680 UTC
585,00:01:57.11700 UTC
586,00:01:57.11720 UTC
587,00:01:57.11740 UTC
588,00:01:57.11760 UTC
589,00:01:57.11780 UTC
590,00:01:58.11800 UTC
591,00:01:58.11820 UTC
592,00:01:58.11840 UTC
593,00:01:58.11860 UTC
594,00:01:58.11880 UTC
595,00:01:59.11900 UTC
596,00:01:59.11920 UTC
597,00:01:59.11940 UTC
598,00:01:59.11960 UTC
599,00:01:59.11980 UTC
600,00:02:00.12000 UTC
601,00:02:00.12020 UTC
602,00:02:00.12040 UTC
603,00:02:00.12060 UTC
604,00:02:00.12080 UTC
605,00:02:01.12100 UTC
606,00:02:01.12120 UTC
607,00:02:01.12140 UTC
608,00:02:01.12160 UTC
609,00:02:01.12180 UTC
610,00:02:02.12200 UTC
611,00:02:02.12220 UTC
612,00:02:02.12240 UTC
613,00:02:02.12260 UTC
614,00:02:02.12280 UTC
615,00:02:03.12300 UTC
616,00:02:03.12320 UTC
617,00:02:03.12340 UTC
618,00:02:03.12360 UTC
619,00:02:03.12380 UTC
620,00:02:04.12400 UTC
621,00:02:04.12420 UTC
622,00:02:04.12440 UTC
623,00:02:04.12460 UTC
624,00:02:04.12480 UTC
625,00:02:05.12500 UTC
626,00:02:05.12520 UTC
627,00:02:05.12540 UTC
628,00:02:05.12560 UTC
629,00:02:05.12580 UTC
630,00:02:06.12600 UTC
631,00:02:06.12620 UTC
632,00:02:06.12640 UTC
633,00:02:06.12660 UTC
634,00:02:06.12680 UTC
635,00:02:07.12700 UTC
636,00:02:07.12720 UTC
637,00:02:07.12740 UTC
638,00:02:07.12760 UTC
639,00:02:07.12780 UTC
640,00:02:08.12800 UTC
641,00:02:08.12820 UTC
642,00:02:08.12840 UTC
643,00:02:08.12860 UTC
644,00:02:08.12880 UTC
645,00:02:09.12900 UTC
646,00:02:09.12920 UTC
647,00:02:09.12940 UTC
648,00:02:09.12960 UTC
649,00:02:09.12980 UTC
650,00:02:10.13000 UTC
651,00:02:10.13020 UTC
652,00:02:10.13040 UTC
653,00:02:10.13060 UTC
654,00:02:10.13080 UTC
655,00:02:11.13100 UTC
656,00:02:11.13120 UTC
657,00:02:11.13140 UTC
658,00:02:11.13160 UTC
659,00:02:11.13180 UTC
660,00:02:12.13200 UTC
661,00:02:12.13220 UTC
662,00:02:12.13240 UTC
663,00:02:12.13260 UTC
664,00:02:12.13280 UTC
665,00:02:13.13300 UTC
666,00:02:13.13320 UTC
667,00:02:13.13340 UTC
668,00:02:13.13360 UTC
669,00:02:13.13380 UTC
670,00:02:14.13400 UTC
671,00:02:14.13420 UTC
672,00:02:14.13440 UTC
673,00:02:14.13460 UTC
674,00:02:14.13480 UTC
675,00:02:15.13500 UTC
676,00:02:15.13520 UTC
677,00:02:15.13540 UTC
678,00:02:15.13560 UTC
679,00:02:15.13580 UTC
680,00:02:16.13600 UTC
681,00:02:16.13620 UTC
682,00:02:16.13640 UTC
683,00:02:16.13660 UTC
684,00:02:16.13680 UTC
685,00:02:17.13700 UTC
686,00:02:17.13720 UTC
687,00:02:17.13740 UTC
688,00:02:17.13760 UTC
689,00:02:17.13780 UTC
690,00:02:18.13800 UTC
691,00:02:18.13820 UTC
692,00:02:18.13840 UTC
693,00:02:18.13860 UTC
694,00:02:18.13880 UTC
695,00:02:19.13900 UTC
696,00:02:19.13920 UTC
697,00:02:19.13940 UTC
698,00:02:19.13960 UTC
699,00:02:19.13980 UTC
700,00:02:20.14000 UTC
701,00:02:20.14020 UTC
702,00:02:20.14040 UTC
703,00:02:20.14060 UTC
704,00:02:20.14080 UTC
705,00:02:21.14100 UTC
706,00:02:21.14120 UTC
707,00:02:21.14140 UTC
708,00:02:21.14160 UTC
709,00:02:21.14180 UTC
710,00:02:22.14200 UTC
711,00:02:22.14220 UTC
712,00:02:22.14240 UTC
713,00:02:22.14260 UTC
714,00:02:22.14280 UTC
715,00:02:23.14300 UTC
716,00:02:23.14320 UTC
717,00:02:23.14340 UTC
718,00:02:23.14360 UTC
719,00:02:23.14380 UTC
720,00:02:24.14400 UTC
721,00:02:24.14420 UTC
722,00:02:24.14440 UTC
723,00:02:24.14460 UTC
724,00:02:24.14480 UTC
725,00:02:25.14500 UTC
726,00:02:25.14520 UTC
727,00:02:25.14540 UTC
728,00:02:25.14560 UTC
729,00:02:25.14580 UTC
730,00:02:26.14600 UTC
731,00:02:26.14620 UTC
732,00:02:26.14640 UTC
733,00:02:26.14660 UTC
734,00:02:26.14680 UTC
735,00:02:27.14700 UTC
736,00:02:27.14720 UTC
737,00:02:27.14740 UTC
738,00:02:27.14760 UTC
739,00:02:27.14780 UTC
740,00:02:28.14800 UTC
741,00:02:28.14820 UTC
742,00:02:28.14840 UTC
743,00:02:28.14860 UTC
744,00:02:28.14880 UTC
745,00:02:29.14900 UTC
746,00:02:29.14920 UTC
747,00:02:29.14940 UTC
748,00:02:29.14960 UTC
749,00:02:29.14980 UTC
750,00:02:30.15000 UTC
751,00:02:30.15020 UTC
752,00:02:30.15040 UTC
753,00:02:30.15060 UTC
754,00:02:30.15080 UTC
755,00:02:31.15100 UTC
756,00:02:31.15120 UTC
757,00:02:31.15140 UTC
758,00:02:31.15160 UTC
759,00:02:31.15180 UTC
760,00:02:32.15200 UTC
761,00:02:32.15220 UTC
762,00:02:32.15240 UTC
763,00:02:32.15260 UTC
764,00:02:32.15280 UTC
765,00:02:33.15300 UTC
766,00:02:33.15320 UTC
767,00:02:33.15340 UTC
768,00:02:33.15360 UTC
769,00:02:33.15380 UTC
770,00:02:34.15400 UTC
771,00:02:34.15420 UTC
772,00:02:34.15440 UTC
773,00:02:34.15460 UTC
774,00:02:34.15480 UTC
775,00:02:35.15500 UTC
776,00:02:35.15520 UTC
777,00:02:35.15540 UTC
778,00:02:35.15560 UTC
779,00:02:35.15580 UTC
780,00:02:36.15600 UTC
781,00:02:36.15620 UTC
782,00:02:36.15640 UTC
783,00:02:36.15660 UTC
784,00:02:36.15680 UTC
785,00:02:37.15700 UTC
786,00:02:37.15720 UTC
787,00:02:37.15740 UTC
788,00:02:37.15760 UTC
789,00:02:37.15780 UTC
790,00:02:38.15800 UTC
791,00:02:38.15820 UTC
792,00:02:38.15840 UTC
793,00:02:38.15860 UTC
794,00:02:38.15880 UTC
795,00:02:39.15900 UTC
796,00:02:39.15920 UTC
797,00:02:39.15940 UTC
798,00:02:39.15960 UTC
799,00:02:39.15980 UTC
800,00:02:40.16000 UTC
801,00:02:40.16020 UTC
802,00:02:40.16040 UTC
803,00:02:40.16060 UTC
804,00:02:40.16080 UTC
805,00:02:41.16100 UTC
806,00:02:41.16120 UTC
807,00:02:41.16140 UTC
808,00:02:41.16160 UTC
809,00:02:41.16180 UTC
810,00:02:42.16200 UTC
811,00:02:42.16220 UTC
812,00:02:42.16240 UTC
813,00:02:42.16260 UTC
814,00:02:42.16280 UTC
815,00:02:43.16300 UTC
816,00:02:43.16320 UTC
817,00:02:43.16340 UTC
818,00:02:43.16360 UTC
819,00:02:43.16380 UTC
820,00:02:44.16400 UTC
821,00:02:44.16420 UTC
822,00:02:44.16440 UTC
823,00:02:44.16460 UTC
824,00:02:44.16480 UTC
825,00:02:45.16500 UTC
826,00:02:45.16520 UTC
827,00:02:45.16540 UTC
828,00:02:45.16560 UTC
829,00:02:45.16580 UTC
830,00:02:46.16600 UTC
831,00:02:46.16620 UTC
832,00:02:46.16640 UTC
833,00:02:46.16660 UTC
834,00:02:46.16680 UTC
835,00:02:47.16700 UTC
836,00:02:47.16720 UTC
837,00:02:47.16740 UTC
838,00:02:47.16760 UTC
839,00:02:47.16780 UTC
840,00:02:48.16800 UTC
841,00:02:48.16820 UTC
842,00:02:48.16840 UTC
843,00:02:48.16860 UTC
844,00:02:48.16880 UTC
845,00:02:49.16900 UTC
846,00:02:49.16920 UTC
847,00:02:49.16940 UTC
848,00:02:49.16960 UTC
849,00:02:49.16980 UTC
850,00:02:50.17000 UTC
851,00:02:50.17020 UTC
852,00:02:50.17040 UTC
853,00:02:50.17060 UTC
854,00:02:50.17080 UTC
855,00:02:51.17100 UTC
856,00:02:51.17120 UTC
857,00:02:51.17140 UTC
858,00:02:51.17160 UTC
859,00:02:51.17180 UTC
860,00:02:52.17200 UTC
861,00:02:52.17220 UTC
862,00:02:52.17240 UTC
863,00:02:52.17260 UTC
864,00:02:52.17280 UTC
865,00:02:53.17300 UTC
866,00:02:53.17320 UTC
867,00:02:53.17340 UTC
868,00:02:53.17360 UTC
869,00:02:53.17380 UTC
870,00:02:54.17400 UTC
871,00:02:54.17420 UTC
872,00:02:54.17440 UTC
873,00:02:54.17460 UTC
874,00:02:54.17480 UTC
875,00:02:55.17500 UTC
876,00:02:55.17520 UTC
877,00:02:55.17540 UTC
878,00:02:55.17560 UTC
879,00:02:55.17580 UTC
880,00:02:56.17600 UTC
881,00:02:56.17620 UTC
882,00:02:56.17640 UTC
883,00:02:56.17660 UTC
884,00:02:56.17680 UTC
885,00:02:57.17700 UTC
886,00:02:57.17720 UTC
887,00:02:57.17740 UTC
888,00:02:57.17760 UTC
889,00:02:57.17780 UTC
890,00:02:58.17800 UTC
891,00:02:58.17820 UTC
892,00:02:58.17840 UTC
893,00:02:58.17860 UTC
894,00:02:58.17880 UTC
895,00:02:59.17900 UTC
896,00:02:59.17920 UTC
897,00:02:59.17940 UTC
898,00:02:59.17960 UTC
899,00:02:59.17980 UTC
900,00:03:00.18000 UTC
901,00:03:00.18020 UTC
902,00:03:00.18040 UTC
903,00:03:00.18060 UTC
904,00:03:00.18080 UTC
905,00:03:01.18100 UTC
906,00:03:01.18120 UTC
907,00:03:01.18140 UTC
908,00:03:01.18160 UTC
909,00:03:01.18180 UTC
910,00:03:02.18200 UTC
911,00:03:02.18220 UTC
912,00:03:02.18240 UTC
913,00:03:02.18260 UTC
914,00:03:02.18280 UTC
915,00:03:03.18300 UTC
916,00:03:03.18320 UTC
917,00:03:03.18340 UTC
918,00:03:03.18360 UTC
919,00:03:03.18380 UTC
920,00:03:04.18400 UTC
921,00:03:04.18420 UTC
922,00:03:04.18440 UTC
923,00:03:04.18460 UTC
924,00:03:04.18480 UTC
925,00:03:05.18500 UTC
926,00:03:05.18520 UTC
927,00:03:05.18540 UTC
928,00:03:05.18560 UTC
929,00:03:05.18580 UTC
930,00:03:06.18600 UTC
931,00:03:06.18620 UTC
932,00:03:06.18640 UTC
933,00:03:06.18660 UTC
934,00:03:06.18680 UTC
935,00:03:07.18700 UTC
936,00:03:07.18720 UTC
937,00:03:07.18740 UTC
938,00:03:07.18760 UTC
939,00:03:07.18780 UTC
940,00:03:08.18800 UTC
941,00:03:08.18820 UTC
942,00:03:08.18840 UTC
943,00:03:08.18860 UTC
944,00:03:08.18880 UTC
945,00:03:09.18900 UTC
946,00:03:09.18920 UTC
947,00:03:09.18940 UTC
948,00:03:09.18960 UTC
949,00:03:09.18980 UTC
950,00:03:10.19000 UTC
951,00:03:10.19020 UTC
952,00:03:10.19040 UTC
953,00:03:10.19060 UTC
954,00:03:10.19080 UTC
955,00:03:11.19100 UTC
956,00:03:11.19120 UTC
957,00:03:11.19140 UTC
958,00:03:11.19160 UTC
959,00:03:11.19180 UTC
960,00:03:12.19200 UTC
961,00:03:12.19220 UTC
962,00:03:12.19240 UTC
963,00:03:12.19260 UTC
964,00:03:12.19280 UTC
965,00:03:13.19300 UTC
966,00:03:13.19320 UTC
967,00:03:13.19340 UTC
968,00:03:13.19360 UTC
969,00:03:13.19380 UTC
970,00:03:14.19400 UTC
971,00:03:14.19420 UTC
972,00:03:14.19440 UTC
973,00:03:14.19460 UTC
974,00:03:14.19480 UTC
975,00:03:15.19500 UTC
976,00:03:15.19520 UTC
977,00:03:15.19540 UTC
978,00:03:15.19560 UTC
979,00:03:15.19580 UTC
980,00:03:16.19600 UTC
981,00:03:16.19620 UTC
982,00:03:16.19640 UTC
983,00:03:16.19660 UTC
984,00:03:16.19680 UTC
985,00:03:17.19700 UTC
986,00:03:17.19720 UTC
987,00:03:17.19740 UTC
988,00:03:17.19760 UTC
989,00:03:17.19780 UTC
990,00:03:18.19800 UTC
991,00:03:18.19820 UTC
992,00:03:18.19840 UTC
993,00:03:18.19860 UTC
994,00:03:18.19880 UTC
995,00:03:19.19900 UTC
996,00:03:19.19920 UTC
997,00:03:19.19940 UTC
998,00:03:19.19960 UTC
999,00:03:19.19980 UTC
1000,00:03:20.20000 UTC
1001,00:03:20.20020 UTC
1002,00:03:20.20040 UTC
1003,00:03:20.20060 UTC
1004,00:03:20.20080 UTC
1005,00:03:21.20100 UTC
1006,00:03:21.20120 UTC
1007,00:03:21.20140 UTC
1008,00:03:21.20160 UTC
1009,00:03:21.20180 UTC
1010,00:03:22.20200 UTC
1011,00:03:22.20220 UTC
1012,00:03:22.20240 UTC
1013,00:03:22.20260 UTC
1014,00:03:22.20280 UTC
1015,00:03:23.20300 UTC
1016,00:03:23.20320 UTC
1017,00:03:23.20340 UTC
1018,00:03:23.20360 UTC
1019,00:03:23.20380 UTC
1020,00:03:24.20400 UTC
1021,00:03:24.20420 UTC
1022,00:03:24.20440 UTC
1023,00:03:24.20460 UTC
1024,00:03:24.20480 UTC
1025,00:03:25.20500 UTC
1026,00:03:25.20520 UTC
1027,00:03:25.20540 UTC
1028,00:03:25.20560 UTC
1029,00:03:25.20580 UTC
1030,00:03:26.20600 UTC
1031,00:03:26.20620 UTC
1032,00:03:26.20640 UTC
1033,00:03:26.20660 UTC
1034,00:03:26.20680 UTC
1035,00:03:27.20700 UTC
1036,00:03:27.20720 UTC
1037,00:03:27.20740 UTC
1038,00:03:27.20760 UTC
1039,00:03:27.20780 UTC
1040,00:03:28.20800 UTC
1041,00:03:28.20820 UTC
1042,00:03:28.20840 UTC
1043,00:03:28.20860 UTC
1044,00:03:28.20880 UTC
1045,00:03:29.20900 UTC
1046,00:03:29.20920 UTC
1047,00:03:29.20940 UTC
1048,00:03:29.20960 UTC
1049,00:03:29.20980 UTC
1050,00:03:30.21000 UTC
1051,00:03:30.21020 UTC
1052,00:03:30.21040 UTC
1053,00:03:30.21060 UTC
1054,00:03:30.21080 UTC
1055,00:03:31.21100 UTC
1056,00:03:31.21120 UTC
1057,00:03:31.21140 UTC
1058,00:03:31.21160 UTC
1059,00:03:31.21180 UTC
1060,00:03:32.21200 UTC
1061,00:03:32.21220 UTC
1062,00:03:32.21240 UTC
1063,00:03:32.21260 UTC
1064,00:03:32.21280 UTC
1065,00:03:33.21300 UTC
1066,00:03:33.21320 UTC
1067,00:03:33.21340 UTC
1068,00:03:33.21360 UTC
1069,00:03:33.21380 UTC
1070,00:03:34.21400 UTC
1071,00:03:34.21420 UTC
1072,00:03:34.21440 UTC
1073,00:03:34.21460 UTC
1074,00:03:34.21480 UTC
1075,00:03:35.21500 UTC
1076,00:03:35.21520 UTC
1077,00:03:35.21540 UTC
1078,00:03:35.21560 UTC
1079,00:03:35.21580 UTC
1080,00:03:36.21600 UTC
1081,00:03:36.21620 UTC
1082,00:03:36.21640 UTC
1083,00:03:36.21660 UTC
1084,00:03:36.21680 UTC
1085,00:03:37.21700 UTC
1086,00:03:37.21720 UTC
1087,00:03:37.21740 UTC
1088,00:03:37.21760 UTC
1089,00:03:37.21780 UTC
1090,00:03:38.21800 UTC
1091,00:03:38.21820 UTC
1092,00:03:38.21840 UTC
1093,00:03:38.21860 UTC
1094,00:03:38.21880 UTC
1095,00:03:39.21900 UTC
1096,00:03:39.21920 UTC
1097,00:03:39.21940 UTC
1098,00:03:39.21960 UTC
1099,00:03:39.21980 UTC
1100,00:03:40.22000 UTC
1101,00:03:40.22020 UTC
1102,00:03:40.22040 UTC
1103,00:03:40.22060 UTC
1104,00:03:40.22080 UTC
1105,00:03:41.22100 UTC
1106,00:03:41.22120 UTC
1107,00:03:41.22140 UTC
1108,00:03:41.22160 UTC
1109,00:03:41.22180 UTC
1110,00:03:42.22200 UTC
1111,00:03:42.22220 UTC
1112,00:03:42.22240 UTC
1113,00:03:42.22260 UTC
1114,00:03:42.22280 UTC
1115,00:03:43.22300 UTC
1116,00:03:43.22320 UTC
1117,00:03:43.22340 UTC
1118,00:03:43.22360 UTC
1119,00:03:43.22380 UTC
1120,00:03:44.22400 UTC
1121,00:03:44.22420 UTC
1122,00:03:44.22440 UTC
1123,00:03:44.22460 UTC
1124,00:03:44.22480 UTC
1125,00:03:45.22500 UTC
1126,00:03:45.22520 UTC
1127,00:03:45.22540 UTC
1128,00:03:45.22560 UTC
1129,00:03:45.22580 UTC
1130,00:03:46.22600 UTC
1131,00:03:46.22620 UTC
1132,00:03:46.22640 UTC
1133,00:03:46.22660 UTC
1134,00:03:46.22680 UTC
1135,00:03:47.22700 UTC
1136,00:03:47.22720 UTC
1137,00:03:47.22740 UTC
1138,00:03:47.22760 UTC
1139,00:03:47.22780 UTC
1140,00:03:48.22800 UTC
1141,00:03:48.22820 UTC
1142,00:03:48.22840 UTC
1143,00:03:48.22860 UTC
1144,00:03:48.22880 UTC
1145,00:03:49.22900 UTC
1146,00:03:49.22920 UTC
1147,00:03:49.22940 UTC
1148,00:03:49.22960 UTC
1149,00:03:49.22980 UTC
1150,00:03:50.23000 UTC
1151,00:03:50.23020 UTC
1152,00:03:50.23040 UTC
1153,00:03:50.23060 UTC
1154,00:03:50.23080 UTC
1155,00:03:51.23100 UTC
1156,00:03:51.23120 UTC
1157,00:03:51.23140 UTC
1158,00:03:51.23160 UTC
1159,00:03:51.23180 UTC
1160,00:03:52.23200 UTC
1161,00:03:52.23220 UTC
1162,00:03:52.23240 UTC
1163,00:03:52.23260 UTC
1164,00:03:52.23280 UTC
1165,00:03:53.23300 UTC
1166,00:03:53.23320 UTC
1167,00:03:53.23340 UTC
1168,00:03:53.23360 UTC
1169,00:03:53.23380 UTC
1170,00:03:54.23400 UTC
1171,00:03:54.23420 UTC
1172,00:03:54.23440 UTC
1173,00:03:54.23460 UTC
1174,00:03:54.23480 UTC
1175,00:03:55.23500 UTC
1176,00:03:55.23520 UTC
1177,00:03:55.23540 UTC
1178,00:03:55.23560 UTC
1179,00:03:55.23580 UTC
1180,00:03:56.23600 UTC
1181,00:03:56.23620 UTC
1182,00:03:56.23640 UTC
1183,00:03:56.23660 UTC
1184,00:03:56.23680 UTC
1185,00:03:57.23700 UTC
1186,00:03:57.23720 UTC
1187,00:03:57.23740 UTC
1188,00:03:57.23760 UTC
1189,00:03:57.23780 UTC
1190,00:03:58.23800 UTC
1191,00:03:58.23820 UTC
1192,00:03:58.23840 UTC
1193,00:03:58.23860 UTC
1194,00:03:58.23880 UTC
1195,00:03:59.23900 UTC
1196,00:03:59.23920 UTC
1197,00:03:59.23940 UTC
1198,00:03:59.23960 UTC
1199,00:03:59.23980 UTC
1200,00:04:00.24000 UTC
1201,00:04:00.24020 UTC
1202,00:04:00.24040 UTC
1203,00:04:00.24060 UTC
1204,00:04:00.24080 UTC
1205,00:04:01.24100 UTC
1206,00:04:01.24120 UTC
1207,00:04:01.24140 UTC
1208,00:04:01.24160 UTC
1209,00:04:01.24180 UTC
1210,00:04:02.24200 UTC
1211,00:04:02.24220 UTC
1212,00:04:02.24240 UTC
1213,00:04:02.24260 UTC
1214,00:04:02.24280 UTC
1215,00:04:03.24300 UTC
1216,00:04:03.24320 UTC
1217,00:04:03.24340 UTC
1218,00:04:03.24360 UTC
1219,00:04:03.24380 UTC
1220,00:04:04.24400 UTC
1221,00:04:04.24420 UTC
1222,00:04:04.24440 UTC
1223,00:04:04.24460 UTC
1224,00:04:04.24480 UTC
1225,00:04:05.24500 UTC
1226,00:04:05.24520 UTC
1227,00:04:05.24540 UTC
1228,00:04:05.24560 UTC
1229,00:04:05.24580 UTC
1230,00:04:06.24600 UTC
1231,00:04:06.24620 UTC
1232,00:04:06.24640 UTC
1233,00:04:06.24660 UTC
1234,00:04:06.24680 UTC
1235,00:04:07.24700 UTC
1236,00:04:07.24720 UTC
1237,00:04:07.24740 UTC
1238,00:04:07.24760 UTC
1239,00:04:07.24780 UTC
1240,00:04:08.24800 UTC
1241,00:04:08.24820 UTC
1242,00:04:08.24840 UTC
1243,00:04:08.24860 UTC
1244,00:04:08.24880 UTC
1245,00:04:09.24900 UTC
1246,00:04:09.24920 UTC
1247,00:04:09.24940 UTC
1248,00:04:09.24960 UTC
1249,00:04:09.24980 UTC
1250,00:04:10.25000 UTC
1251,00:04:10.25020 UTC
1252,00:04:10.25040 UTC
1253,00:04:10.25060 UTC
1254,00:04:10.25080 UTC
1255,00:04:11.25100 UTC
1256,00:04:11.25120 UTC
1257,00:04:11.25140 UTC
1258,00:04:11.25160 UTC
1259,00:04:11.25180 UTC
1260,00:04:12.25200 UTC
1261,00:04:12.25220 UTC
1262,00:04:12.25240 UTC
1263,00:04:12.25260 UTC
1264,00:04:12.25280 UTC
1265,00:04:13.25300 UTC
1266,00:04:13.25320 UTC
1267,00:04:13.25340 UTC
1268,00:04:13.25360 UTC
1269,00:04:13.25380 UTC
1270,00:04:14.25400 UTC
1271,00:04:14.25420 UTC
1272,00:04:14.25440 UTC
1273,00:04:14.25460 UTC
1274,00:04:14.25480 UTC
1275,00:04:15.25500 UTC
1276,00:04:15.25520 UTC
1277,00:04:15.25540 UTC
1278,00:04:15.25560 UTC
1279,00:04:15.25580 UTC
1280,00:04:16.25600 UTC
1281,00:04:16.25620 UTC
1282,00:04:16.25640 UTC
1283,00:04:16.25660 UTC
1284,00:04:16.25680 UTC
1285,00:04:17.25700 UTC
1286,00:04:17.25720 UTC
1287,00:04:17.25740 UTC
1288,00:04:17.25760 UTC
1289,00:04:17.25780 UTC
1290,00:04:18.25800 UTC
1291,00:04:18.25820 UTC
1292,00:04:18.25840 UTC
1293,00:04:18.25860 UTC
1294,00:04:18.25880 UTC
1295,00:04:19.25900 UTC
1296,00:04:19.25920 UTC
1297,00:04:19.25940 UTC
1298,00:04:19.25960 UTC
1299,00:04:19.25980 UTC
1300,00:04:20.26000 UTC
1301,00:04:20.26020 UTC
1302,00:04:20.26040 UTC
1303,00:04:20.26060 UTC
1304,00:04:20.26080 UTC
1305,00:04:21.26100 UTC
1306,00:04:21.26120 UTC
1307,00:04:21.26140 UTC
1308,00:04:21.26160 UTC
1309,00:04:21.26180 UTC
1310,00:04:22.26200 UTC
1311,00:04:22.26220 UTC
1312,00:04:22.26240 UTC
1313,00:04:22.26260 UTC
1314,00:04:22.26280 UTC
1315,00:04:23.26300 UTC
1316,00:04:23.26320 UTC
1317,00:04:23.26340 UTC
1318,00:04:23.26360 UTC
1319,00:04:23.26380 UTC
1320,00:04:24.26400 UTC
1321,00:04:24.26420 UTC
1322,00:04:24.26440 UTC
1323,00:04:24.26460 UTC
1324,00:04:24.26480 UTC
1325,00:04:25.26500 UTC
1326,00:04:25.26520 UTC
1327,00:04:25.26540 UTC
1328,00:04:25.26560 UTC
1329,00:04:25.26580 UTC
1330,00:04:26.26600 UTC
1331,00:04:26.26620 UTC
1332,00:04:26.26640 UTC
1333,00:04:26.26660 UTC
1334,00:04:26.26680 UTC
1335,00:04:27.26700 UTC
1336,00:04:27.26720 UTC
1337,00:04:27.26740 UTC
1338,00:04:27.26760 UTC
1339,00:04:27.26780 UTC
1340,00:04:28.26800 UTC
1341,00:04:28.26820 UTC
1342,00:04:28.26840 UTC
1343,00:04:28.26860 UTC
1344,00:04:28.26880 UTC
1345,00:04:29.26900 UTC
1346,00:04:29.26920 UTC
1347,00:04:29.26940 UTC
1348,00:04:29.26960 UTC
1349,00:04:29.26980 UTC
1350,00:04:30.27000 UTC
1351,00:04:30.27020 UTC
1352,00:04:30.27040 UTC
1353,00:04:30.27060 UTC
1354,00:04:30.27080 UTC
1355,00:04:31.27100 UTC
1356,00:04:31.27120 UTC
1357,00:04:31.27140 UTC
1358,00:04:31.27160 UTC
1359,00:04:31.27180 UTC
1360,00:04:32.27200 UTC
1361,00:04:32.27220 UTC
1362,00:04:32.27240 UTC
1363,00:04:32.27260 UTC
1364,00:04:32.27280 UTC
1365,00:04:33.27300 UTC
1366,00:04:33.27320 UTC
1367,00:04:33.27340 UTC
1368,00:04:33.27360 UTC
1369,00:04:33.27380 UTC
1370,00:04:34.27400 UTC
1371,00:04:34.27420 UTC
1372,00:04:34.27440 UTC
1373,00:04:34.27460 UTC
1374,00:04:34.27480 UTC
1375,00:04:35.27500 UTC
1376,00:04:35.27520 UTC
1377,00:04:35.27540 UTC
1378,00:04:35.27560 UTC
1379,00:04:35.27580 UTC
1380,00:04:36.27600 UTC
1381,00:04:36.27620 UTC
1382,00:04:36.27640 UTC
1383,00:04:36.27660 UTC
1384,00:04:36.27680 UTC
1385,00:04:37.27700 UTC
1386,00:04:37.27720 UTC
1387,00:04:37.27740 UTC
1388,00:04:37.27760 UTC
1389,00:04:37.27780 UTC
1390,00:04:38.27800 UTC
1391,00:04:38.27820 UTC
1392,00:04:38.27840 UTC
1393,00:04:38.27860 UTC
1394,00:04:38.27880 UTC
1395,00:04:39.27900 UTC
1396,00:04:39.27920 UTC
1397,00:04:39.27940 UTC
1398,00:04:39.27960 UTC
1399,00:04:39.27980 UTC
1400,00:04:40.28000 UTC
1401,00:04:40.28020 UTC
1402,00:04:40.28040 UTC
1403,00:04:40.28060 UTC
1404,00:04:40.28080 UTC
1405,00:04:41.28100 UTC
1406,00:04:41.28120 UTC
1407,00:04:41.28140 UTC
1408,00:04:41.28160 UTC
1409,00:04:41.28180 UTC
1410,00:04:42.28200 UTC
1411,00:04:42.28220 UTC
1412,00:04:42.28240 UTC
1413,00:04:42.28260 UTC
1414,00:04:42.28280 UTC
1415,00:04:43.28300 UTC
1416,00:04:43.28320 UTC
1417,00:04:43.28340 UTC
1418,00:04:43.28360 UTC
1419,00:04:43.28380 UTC
1420,00:04:44.28400 UTC
1421,00:04:44.28420 UTC
1422,00:04:44.28440 UTC
1423,00:04:44.28460 UTC
1424,00:04:44.28480 UTC
1425,00:04:45.28500 UTC
1426,00:04:45.28520 UTC
1427,00:04:45.28540 UTC
1428,00:04:45.28560 UTC
1429,00:04:45.28580 UTC
1430,00:04:46.28600 UTC
1431,00:04:46.28620 UTC
1432,00:04:46.28640 UTC
1433,00:04:46.28660 UTC
1434,00:04:46.28680 UTC
1435,00:04:47.28700 UTC
1436,00:04:47.28720 UTC
1437,00:04:47.28740 UTC
1438,00:04:47.28760 UTC
1439,00:04:47.28780 UTC
1440,00:04:48.28800 UTC
1441,00:04:48.28820 UTC
1442,00:04:48.28840 UTC
1443,00:04:48.28860 UTC
1444,00:04:48.28880 UTC
1445,00:04:49.28900 UTC
1446,00:04:49.28920 UTC
1447,00:04:49.28940 UTC
1448,00:04:49.28960 UTC
1449,00:04:49.28980 UTC
1450,00:04:50.29000 UTC
1451,00:04:50.29020 UTC
1452,00:04:50.29040 UTC
1453,00:04:50.29060 UTC
1454,00:04:50.29080 UTC
1455,00:04:51.29100 UTC
1456,00:04:51.29120 UTC
1457,00:04:51.29140 UTC
1458,00:04:51.29160 UTC
1459,00:04:51.29180 UTC
1460,00:04:52.29200 UTC
1461,00:04:52.29220 UTC
1462,00:04:52.29240 UTC
1463,00:04:52.29260 UTC
1464,00:04:52.29280 UTC
1465,00:04:53.29300 UTC
1466,00:04:53.29320 UTC
1467,00:04:53.29340 UTC
1468,00:04:53.29360 UTC
1469,00:04:53.29380 UTC
1470,00:04:54.29400 UTC
1471,00:04:54.29420 UTC
1472,00:04:54.29440 UTC
1473,00:04:54.29460 UTC
1474,00:04:54.29480 UTC
1475,00:04:55.29500 UTC
1476,00:04:55.29520 UTC
1477,00:04:55.29540 UTC
1478,00:04:55.29560 UTC
1479,00:04:55.29580 UTC
1480,00:04:56.29600 UTC
1481,00:04:56.29620 UTC
1482,00:04:56.29640 UTC
1483,00:04:56.29660 UTC
1484,00:04:56.29680 UTC
1485,00:04:57.29700 UTC
1486,00:04:57.29720 UTC
1487,00:04:57.29740 UTC
1488,00:04:57.29760 UTC
1489,00:04:57.29780 UTC
1490,00:04:58.29800 UTC
1491,00:04:58.29820 UTC
1492,00:04:58.29840 UTC
1493,00:04:58.29860 UTC
1494,00:04:58.29880 UTC
1495,00:04:59.29900 UTC
1496,00:04:59.29920 UTC
1497,00:04:59.29940 UTC
1498,00:04:59.29960 UTC
1499,00:04:59.29980 UTC
1500,00:05:00.30000 UTC
1501,00:05:00.30020 UTC
1502,00:05:00.30040 UTC
1503,00:05:00.30060 UTC
1504,00:05:00.30080 UTC
1505,00:05:01.30100 UTC
1506,00:05:01.30120 UTC
1507,00:05:01.30140 UTC
1508,00:05:01.30160 UTC
1509,00:05:01.30180 UTC
1510,00:05:02.30200 UTC
1511,00:05:02.30220 UTC
1512,00:05:02.30240 UTC
1513,00:05:02.30260 UTC
1514,00:05:02.30280 UTC
1515,00:05:03.30300 UTC
1516,00:05:03.30320 UTC
1517,00:05:03.30340 UTC
1518,00:05:03.30360 UTC
1519,00:05:03.30380 UTC
1520,00:05:04.30400 UTC
1521,00:05:04.30420 UTC
1522,00:05:04.30440 UTC
1523,00:05:04.30460 UTC
1524,00:05:04.30480 UTC
1525,00:05:05.30500 UTC
1526,00:05:05.30520 UTC
1527,00:05:05.30540 UTC
1528,00:05:05.30560 UTC
1529,00:05:05.30580 UTC
1530,00:05:06.30600 UTC
1531,00:05:06.30620 UTC
1532,00:05:06.30640 UTC
1533,00:05:06.30660 UTC
1534,00:05:06.30680 UTC
1535,00:05:07.30700 UTC
1536,00:05:07.30720 UTC
1537,00:05:07.30740 UTC
1538,00:05:07.30760 UTC
1539,00:05:07.30780 UTC
1540,00:05:08.30800 UTC
1541,00:05:08.30820 UTC
1542,00:05:08.30840 UTC
1543,00:05:08.30860 UTC
1544,00:05:08.30880 UTC
1545,00:05:09.30900 UTC
1546,00:05:09.30920 UTC
1547,00:05:09.30940 UTC
1548,00:05:09.30960 UTC
1549,00:05:09.30980 UTC
1550,00:05:10.31000 UTC
1551,00:05:10.31020 UTC
1552,00:05:10.31040 UTC
1553,00:05:10.31060 UTC
1554,00:05:10.31080 UTC
1555,00:05:11.31100 UTC
1556,00:05:11.31120 UTC
1557,00:05:11.31140 UTC
1558,00:05:11.31160 UTC
1559,00:05:11.31180 UTC
1560,00:05:12.31200 UTC
1561,00:05:12.31220 UTC
1562,00:05:12.31240 UTC
1563,00:05:12.31260 UTC
1564,00:05:12.31280 UTC
1565,00:05:13.31300 UTC
1566,00:05:13.31320 UTC
1567,00:05:13.31340 UTC
1568,00:05:13.31360 UTC
1569,00:05:13.31380 UTC
1570,00:05:14.31400 UTC
1571,00:05:14.31420 UTC
1572,00:05:14.31440 UTC
1573,00:05:14.31460 UTC
1574,00:05:14.31480 UTC
1575,00:05:15.31500 UTC
1576,00:05:15.31520 UTC
1577,00:05:15.31540 UTC
1578,00:05:15.31560 UTC
1579,00:05:15.31580 UTC
1580,00:05:16.31600 UTC
1581,00:05:16.31620 UTC
1582,00:05:16.31640 UTC
1583,00:05:16.31660 UTC
1584,00:05:16.31680 UTC
1585,00:05:17.31700 UTC
1586,00:05:17.31720 UTC
1587,00:05:17.31740 UTC
1588,00:05:17.31760 UTC
1589,00:05:17.31780 UTC
1590,00:05:18.31800 UTC
1591,00:05:18.31820 UTC
1592,00:05:18.31840 UTC
1593,00:05:18.31860 UTC
1594,00:05:18.31880 UTC
1595,00:05:19.31900 UTC
1596,00:05:19.31920 UTC
1597,00:05:19.31940 UTC
1598,00:05:19.31960 UTC
1599,00:05:19.31980 UTC
1600,00:05:20.32000 UTC
1601,00:05:20.32020 UTC
1602,00:05:20.32040 UTC
1603,00:05:20.32060 UTC
1604,00:05:20.32080 UTC
1605,00:05:21.32100 UTC
1606,00:05:21.32120 UTC
1607,00:05:21.32140 UTC
1608,00:05:21.32160 UTC
1609,00:05:21.32180 UTC
1610,00:05:22.32200 UTC
1611,00:05:22.32220 UTC
1612,00:05:22.32240 UTC
1613,00:05:22.32260 UTC
1614,00:05:22.32280 UTC
1615,00:05:23.32300 UTC
1616,00:05:23.32320 UTC
1617,00:05:23.32340 UTC
1618,00:05:23.32360 UTC
1619,00:05:23.32380 UTC
1620,00:05:24.32400 UTC
1621,00:05:24.32420 UTC
1622,00:05:24.32440 UTC
1623,00:05:24.32460 UTC
1624,00:05:24.32480 UTC
1625,00:05:25.32500 UTC
1626,00:05:25.32520 UTC
1627,00:05:25.32540 UTC
1628,00:05:25.32560 UTC
1629,00:05:25.32580 UTC
1630,00:05:26.32600 UTC
1631,00:05:26.32620 UTC
1632,00:05:26.32640 UTC
1633,00:05:26.32660 UTC
1634,00:05:26.32680 UTC
1635,00:05:27.32700 UTC
1636,00:05:27.32720 UTC
1637,00:05:27.32740 UTC
1638,00:05:27.32760 UTC
1639,00:05:27.32780 UTC
1640,00:05:28.32800 UTC
1641,00:05:28.32820 UTC
1642,00:05:28.32840 UTC
1643,00:05:28.32860 UTC
1644,00:05:28.32880 UTC
1645,00:05:29.32900 UTC
1646,00:05:29.32920 UTC
1647,00:05:29.32940 UTC
1648,00:05:29.32960 UTC
1649,00:05:29.32980 UTC
1650,00:05:30.33000 UTC
1651,00:05:30.33020 UTC
1652,00:05:30.33040 UTC
1653,00:05:30.33060 UTC
1654,00:05:30.33080 UTC
1655,00:05:31.33100 UTC
1656,00:05:31.33120 UTC
1657,00:05:31.33140 UTC
1658,00:05:31.33160 UTC
1659,00:05:31.33180 UTC
1660,00:05:32.33200 UTC
1661,00:05:32.33220 UTC
1662,00:05:32.33240 UTC
1663,00:05:32.33260 UTC
1664,00:05:32.33280 UTC
1665,00:05:33.33300 UTC
1666,00:05:33.33320 UTC
1667,00:05:33.33340 UTC
1668,00:05:33.33360 UTC
1669,00:05:33.33380 UTC
1670,00:05:34.33400 UTC
1671,00:05:34.33420 UTC
1672,00:05:34.33440 UTC
1673,00:05:34.33460 UTC
1674,00:05:34.33480 UTC
1675,00:05:35.33500 UTC
1676,00:05:35.33520 UTC
1677,00:05:35.33540 UTC
1678,00:05:35.33560 UTC
1679,00:05:35.33580 UTC
1680,00:05:36.33600 UTC
1681,00:05:36.33620 UTC
1682,00:05:36.33640 UTC
1683,00:05:36.33660 UTC
1684,00:05:36.33680 UTC
1685,00:05:37.33700 UTC
1686,00:05:37.33720 UTC
1687,00:05:37.33740 UTC
1688,00:05:37.33760 UTC
1689,00:05:37.33780 UTC
1690,00:05:38.33800 UTC
1691,00:05:38.33820 UTC
1692,00:05:38.33840 UTC
1693,00:05:38.33860 UTC
1694,00:05:38.33880 UTC
1695,00:05:39.33900 UTC
1696,00:05:39.33920 UTC
1697,00:05:39.33940 UTC
1698,00:05:39.33960 UTC
1699,00:05:39.33980 UTC
1700,00:05:40.34000 UTC
1701,00:05:40.34020 UTC
1702,00:05:40.34040 UTC
1703,00:05:40.34060 UTC
1704,00:05:40.34080 UTC
1705,00:05:41.34100 UTC
1706,00:05:41.34120 UTC
1707,00:05:41.34140 UTC
1708,00:05:41.34160 UTC
1709,00:05:41.34180 UTC
1710,00:05:42.34200 UTC
1711,00:05:42.34220 UTC
1712,00:05:42.34240 UTC
1713,00:05:42.34260 UTC
1714,00:05:42.34280 UTC
1715,00:05:43.34300 UTC
1716,00:05:43.34320 UTC
1717,00:05:43.34340 UTC
1718,00:05:43.34360 UTC
1719,00:05:43.34380 UTC
1720,00:05:44.34400 UTC
1721,00:05:44.34420 UTC
1722,00:05:44.34440 UTC
1723,00:05:44.34460 UTC
1724,00:05:44.34480 UTC
1725,00:05:45.34500 UTC
1726,00:05:45.34520 UTC
1727,00:05:45.34540 UTC
1728,00:05:45.34560 UTC
1729,00:05:45.34580 UTC
1730,00:05:46.34600 UTC
1731,00:05:46.34620 UTC
1732,00:05:46.34640 UTC
1733,00:05:46.34660 UTC
1734,00:05:46.34680 UTC
1735,00:05:47.34700 UTC
1736,00:05:47.34720 UTC
1737,00:05:47.34740 UTC
1738,00:05:47.34760 UTC
1739,00:05:47.34780 UTC
1740,00:05:48.34800 UTC
1741,00:05:48.34820 UTC
1742,00:05:48.34840 UTC
1743,00:05:48.34860 UTC
1744,00:05:48.34880 UTC
1745,00:05:49.34900 UTC
1746,00:05:49.34920 UTC
1747,00:05:49.34940 UTC
1748,00:05:49.34960 UTC
1749,00:05:49.34980 UTC
1750,00:05:50.35000 UTC
1751,00:05:50.35020 UTC
1752,00:05:50.35040 UTC
1753,00:05:50.35060 UTC
1754,00:05:50.35080 UTC
1755,00:05:51.35100 UTC
1756,00:05:51.35120 UTC
1757,00:05:51.35140 UTC
1758,00:05:51.35160 UTC
1759,00:05:51.35180 UTC
1760,00:05:52.35200 UTC
1761,00:05:52.35220 UTC
1762,00:05:52.35240 UTC
1763,00:05:52.35260 UTC
1764,00:05:52.35280 UTC
1765,00:05:53.35300 UTC
1766,00:05:53.35320 UTC
1767,00:05:53.35340 UTC
1768,00:05:53.35360 UTC
1769,00:05:53.35380 UTC
1770,00:05:54.35400 UTC
1771,00:05:54.35420 UTC
1772,00:05:54.35440 UTC
1773,00:05:54.35460 UTC
1774,00:05:54.35480 UTC
1775,00:05:55.35500 UTC
1776,00:05:55.35520 UTC
1777,00:05:55.35540 UTC
1778,00:05:55.35560 UTC
1779,00:05:55.35580 UTC
1780,00:05:56.35600 UTC
1781,00:05:56.35620 UTC
1782,00:05:56.35640 UTC
1783,00:05:56.35660 UTC
1784,00:05:56.35680 UTC
1785,00:05:57.35700 UTC
1786,00:05:57.35720 UTC
1787,00:05:57.35740 UTC
1788,00:05:57.35760 UTC
1789,00:05:57.35780 UTC
1790,00:05:58.35800 UTC
1791,00:05:58.35820 UTC
1792,00:05:58.35840 UTC
1793,00:05:58.35860 UTC
1794,00:05:58.35880 UTC
1795,00:05:59.35900 UTC
1796,00:05:59.35920 UTC
1797,00:05:59.35940 UTC
1798,00:05:59.35960 UTC
1799,00:05:59.35980 UTC
1800,00:06:00.36000 UTC
1801,00:06:00.36020 UTC
1802,00:06:00.36040 UTC
1803,00:06:00.36060 UTC
1804,00:06:00.36080 UTC
1805,00:06:01.36100 UTC
1806,00:06:01.36120 UTC
1807,00:06:01.36140 UTC
1808,00:06:01.36160 UTC
1809,00:06:01.36180 UTC
1810,00:06:02.36200 UTC
1811,00:06:02.36220 UTC
1812,00:06:02.36240 UTC
1813,00:06:02.36260 UTC
1814,00:06:02.36280 UTC
1815,00:06:03.36300 UTC
1816,00:06:03.36320 UTC
1817,00:06:03.36340 UTC
1818,00:06:03.36360 UTC
1819,00:06:03.36380 UTC
1820,00:06:04.36400 UTC
1821,00:06:04.36420 UTC
1822,00:06:04.36440 UTC
1823,00:06:04.36460 UTC
1824,00:06:04.36480 UTC
1825,00:06:05.36500 UTC
1826,00:06:05.36520 UTC
1827,00:06:05.36540 UTC
1828,00:06:05.36560 UTC
1829,00:06:05.36580 UTC
1830,00:06:06.36600 UTC
1831,00:06:06.36620 UTC
1832,00:06:06.36640 UTC
1833,00:06:06.36660 UTC
1834,00:06:06.36680 UTC
1835,00:06:07.36700 UTC
1836,00:06:07.36720 UTC
1837,00:06:07.36740 UTC
1838,00:06:07.36760 UTC
1839,00:06:07.36780 UTC
1840,00:06:08.36800 UTC
1841,00:06:08.36820 UTC
1842,00:06:08.36840 UTC
1843,00:06:08.36860 UTC
1844,00:06:08.36880 UTC
1845,00:06:09.36900 UTC
1846,00:06:09.36920 UTC
1847,00:06:09.36940 UTC
1848,00:06:09.36960 UTC
1849,00:06:09.36980 UTC
1850,00:06:10.37000 UTC
1851,00:06:10.37020 UTC
1852,00:06:10.37040 UTC
1853,00:06:10.37060 UTC
1854,00:06:10.37080 UTC
1855,00:06:11.37100 UTC
1856,00:06:11.37120 UTC
1857,00:06:11.37140 UTC
1858,00:06:11.37160 UTC
1859,00:06:11.37180 UTC
1860,00:06:12.37200 UTC
1861,00:06:12.37220 UTC
1862,00:06:12.37240 UTC
1863,00:06:12.37260 UTC
1864,00:06:12.37280 UTC
1865,00:06:13.37300 UTC
1866,00:06:13.37320 UTC
1867,00:06:13.37340 UTC
1868,00:06:13.37360 UTC
1869,00:06:13.37380 UTC
1870,00:06:14.37400 UTC
1871,00:06:14.37420 UTC
1872,00:06:14.37440 UTC
1873,00:06:14.37460 UTC
1874,00:06:14.37480 UTC
1875,00:06:15.37500 UTC
1876,00:06:15.37520 UTC
1877,00:06:15.37540 UTC
1878,00:06:15.37560 UTC
1879,00:06:15.37580 UTC
1880,00:06:16.37600 UTC
1881,00:06:16.37620 UTC
1882,00:06:16.37640 UTC
1883,00:06:16.37660 UTC
1884,00:06:16.37680 UTC
1885,00:06:17.37700 UTC
1886,00:06:17.37720 UTC
1887,00:06:17.37740 UTC
1888,00:06:17.37760 UTC
1889,00:06:17.37780 UTC
1890,00:06:18.37800 UTC
1891,00:06:18.37820 UTC
1892,00:06:18.37840 UTC
1893,00:06:18.37860 UTC
1894,00:06:18.37880 UTC
1895,00:06:19.37900 UTC
1896,00:06:19.37920 UTC
1897,00:06:19.37940 UTC
1898,00:06:19.37960 UTC
1899,00:06:19.37980 UTC
1900,00:06:20.38000 UTC
1901,00:06:20.38020 UTC
1902,00:06:20.38040 UTC
1903,00:06:20.38060 UTC
1904,00:06:20.38080 UTC
1905,00:06:21.38100 UTC
1906,00:06:21.38120 UTC
1907,00:06:21.38140 UTC
1908,00:06:21.38160 UTC
1909,00:06:21.38180 UTC
1910,00:06:22.38200 UTC
1911,00:06:22.38220 UTC
1912,00:06:22.38240 UTC
1913,00:06:22.38260 UTC
1914,00:06:22.38280 UTC
1915,00:06:23.38300 UTC
1916,00:06:23.38320 UTC
1917,00:06:23.38340 UTC
1918,00:06:23.38360 UTC
1919,00:06:23.38380 UTC
1920,00:06:24.38400 UTC
1921,00:06:24.38420 UTC
1922,00:06:24.38440 UTC
1923,00:06:24.38460 UTC
1924,00:06:24.38480 UTC
1925,00:06:25.38500 UTC
1926,00:06:25.38520 UTC
1927,00:06:25.38540 UTC
1928,00:06:25.38560 UTC
1929,00:06:25.38580 UTC
1930,00:06:26.38600 UTC
1931,00:06:26.38620 UTC
1932,00:06:26.38640 UTC
1933,00:06:26.38660 UTC
1934,00:06:26.38680 UTC
1935,00:06:27.38700 UTC
1936,00:06:27.38720 UTC
1937,00:06:27.38740 UTC
1938,00:06:27.38760 UTC
1939,00:06:27.38780 UTC
1940,00:06:28.38800 UTC
1941,00:06:28.38820 UTC
1942,00:06:28.38840 UTC
1943,00:06:28.38860 UTC
1944,00:06:28.38880 UTC
1945,00:06:29.38900 UTC
1946,00:06:29.38920 UTC
1947,00:06:29.38940 UTC
1948,00:06:29.38960 UTC
1949,00:06:29.38980 UTC
1950,00:06:30.39000 UTC
1951,00:06:30.39020 UTC
1952,00:06:30.39040 UTC
1953,00:06:30.39060 UTC
1954,00:06:30.39080 UTC
1955,00:06:31.39100 UTC
1956,00:06:31.39120 UTC
1957,00:06:31.39140 UTC
1958,00:06:31.39160 UTC
1959,00:06:31.39180 UTC
1960,00:06:32.39200 UTC
1961,00:06:32.39220 UTC
1962,00:06:32.39240 UTC
1963,00:06:32.39260 UTC
1964,00:06:32.39280 UTC
1965,00:06:33.39300 UTC
1966,00:06:33.39320 UTC
1967,00:06:33.39340 UTC
1968,00:06:33.39360 UTC
1969,00:06:33.39380 UTC
1970,00:06:34.39400 UTC
1971,00:06:34.39420 UTC
1972,00:06:34.39440 UTC
1973,00:06:34.39460 UTC
1974,00:06:34.39480 UTC
1975,00:06:35.39500 UTC
1976,00:06:35.39520 UTC
1977,00:06:35.39540 UTC
1978,00:06:35.39560 UTC
1979,00:06:35.39580 UTC
1980,00:06:36.39600 UTC
1981,00:06:36.39620 UTC
1982,00:06:36.39640 UTC
1983,00:06:36.39660 UTC
1984,00:06:36.39680 UTC
1985,00:06:37.39700 UTC
1986,00:06:37.39720 UTC
1987,00:06:37.39740 UTC
1988,00:06:37.39760 UTC
1989,00:06:37.39780 UTC
1990,00:06:38.39800 UTC
1991,00:06:38.39820 UTC
1992,00:06:38.39840 UTC
1993,00:06:38.39860 UTC
1994,00:06:38.39880 UTC
1995,00:06:39.39900 UTC
1996,00:06:39.39920 UTC
1997,00:06:39.39940 UTC
1998,00:06:39.39960 UTC
1999,00:06:39.39980 UTC
2000,00:06:40.40000 UTC
2001,00:06:40.40020 UTC
2002,00:06:40.40040 UTC
2003,00:06:40.40060 UTC
2004,00:06:40.40080 UTC
2005,00:06:41.40100 UTC
2006,00:06:41.40120 UTC
2007,00:06:41.40140 UTC
2008,00:06:41.40160 UTC
2009,00:06:41.40180 UTC
2010,00:06:42.40200 UTC
2011,00:06:42.40220 UTC
2012,00:06:42.40240 UTC
2013,00:06:42.40260 UTC
2014,00:06:42.40280 UTC
2015,00:06:43.40300 UTC
2016,00:06:43.40320 UTC
2017,00:06:43.40340 UTC
2018,00:06:43.40360 UTC
2019,00:06:43.40380 UTC
2020,00:06:44.40400 UTC
2021,00:06:44.40420 UTC
2022,00:06:44.40440 UTC
2023,00:06:44.40460 UTC
2024,00:06:44.40480 UTC
2025,00:06:45.40500 UTC
2026,00:06:45.40520 UTC
2027,00:06:45.40540 UTC
2028,00:06:45.40560 UTC
2029,00:06:45.40580 UTC
2030,00:06:46.40600 UTC
2031,00:06:46.40620 UTC
2032,00:06:46.40640 UTC
2033,00:06:46.40660 UTC
2034,00:06:46.40680 UTC
2035,00:06:47.40700 UTC
2036,00:06:47.40720 UTC
2037,00:06:47.40740 UTC
2038,00:06:47.40760 UTC
2039,00:06:47.40780 UTC
2040,00:06:48.40800 UTC
2041,00:06:48.40820 UTC
2042,00:06:48.40840 UTC
2043,00:06:48.40860 UTC
2044,00:06:48.40880 UTC
2045,00:06:49.40900 UTC
2046,00:06:49.40920 UTC
2047,00:06:49.40940 UTC
2048,00:06:49.40960 UTC
2049,00:06:49.40980 UTC
2050,00:06:50.41000 UTC
2051,00:06:50.41020 UTC
2052,00:06:50.41040 UTC
2053,00:06:50.41060 UTC
2054,00:06:50.41080 UTC
2055,00:06:51.41100 UTC
2056,00:06:51.41120 UTC
2057,00:06:51.41140 UTC
2058,00:06:51.41160 UTC
2059,00:06:51.41180 UTC
2060,00:06:52.41200 UTC
2061,00:06:52.41220 UTC
2062,00:06:52.41240 UTC
2063,00:06:52.41260 UTC
2064,00:06:52.41280 UTC
2065,00:06:53.41300 UTC
2066,00:06:53.41320 UTC
2067,00:06:53.41340 UTC
2068,00:06:53.41360 UTC
2069,00:06:53.41380 UTC
2070,00:06:54.41400 UTC
2071,00:06:54.41420 UTC
2072,00:06:54.41440 UTC
2073,00:06:54.41460 UTC
2074,00:06:54.41480 UTC
2075,00:06:55.41500 UTC
2076,00:06:55.41520 UTC
2077,00:06:55.41540 UTC
2078,00:06:55.41560 UTC
2079,00:06:55.41580 UTC
2080,00:06:56.41600 UTC
2081,00:06:56.41620 UTC
2082,00:06:56.41640 UTC
2083,00:06:56.41660 UTC
2084,00:06:56.41680 UTC
2085,00:06:57.41700 UTC
2086,00:06:57.41720 UTC
2087,00:06:57.41740 UTC
2088,00:06:57.41760 UTC
2089,00:06:57.41780 UTC
2090,00:06:58.41800 UTC
2091,00:06:58.41820 UTC
2092,00:06:58.41840 UTC
2093,00:06:58.41860 UTC
2094,00:06:58.41880 UTC
2095,00:06:59.41900 UTC
2096,00:06:59.41920 UTC
2097,00:06:59.41940 UTC
2098,00:06:59.41960 UTC
2099,00:06:59.41980 UTC
2100,00:07:00.42000 UTC
2101,00:07:00.42020 UTC
2102,00:07:00.42040 UTC
2103,00:07:00.42060 UTC
2104,00:07:00.42080 UTC
2105,00:07:01.42100 UTC
2106,00:07:01.42120 UTC
2107,00:07:01.42140 UTC
2108,00:07:01.42160 UTC
2109,00:07:01.42180 UTC
2110,00:07:02.42200 UTC
2111,00:07:02.42220 UTC
2112,00:07:02.42240 UTC
2113,00:07:02.42260 UTC
2114,00:07:02.42280 UTC
2115,00:07:03.42300 UTC
2116,00:07:03.42320 UTC
2117,00:07:03.42340 UTC
2118,00:07:03.42360 UTC
2119,00:07:03.42380 UTC
2120,00:07:04.42400 UTC
2121,00:07:04.42420 UTC
2122,00:07:04.42440 UTC
2123,00:07:04.42460 UTC
2124,00:07:04.42480 UTC
2125,00:07:05.42500 UTC
2126,00:07:05.42520 UTC
2127,00:07:05.42540 UTC
2128,00:07:05.42560 UTC
2129,00:07:05.42580 UTC
2130,00:07:06.42600 UTC
2131,00:07:06.42620 UTC
2132,00:07:06.42640 UTC
2133,00:07:06.42660 UTC
2134,00:07:06.42680 UTC
2135,00:07:07.42700 UTC
2136,00:07:07.42720 UTC
2137,00:07:07.42740 UTC
2138,00:07:07.42760 UTC
2139,00:07:07.42780 UTC
2140,00:07:08.42800 UTC
2141,00:07:08.42820 UTC
2142,00:07:08.42840 UTC
2143,00:07:08.42860 UTC
2144,00:07:08.42880 UTC
2145,00:07:09.42900 UTC
2146,00:07:09.42920 UTC
2147,00:07:09.42940 UTC
2148,00:07:09.42960 UTC
2149,00:07:09.42980 UTC
2150,00:07:10.43000 UTC
2151,00:07:10.43020 UTC
2152,00:07:10.43040 UTC
2153,00:07:10.43060 UTC
2154,00:07:10.43080 UTC
2155,00:07:11.43100 UTC
2156,00:07:11.43120 UTC
2157,00:07:11.43140 UTC
2158,00:07:11.43160 UTC
2159,00:07:11.43180 UTC
2160,00:07:12.43200 UTC
2161,00:07:12.43220 UTC
2162,00:07:12.43240 UTC
2163,00:07:12.43260 UTC
2164,00:07:12.43280 UTC
2165,00:07:13.43300 UTC
2166,00:07:13.43320 UTC
2167,00:07:13.43340 UTC
2168,00:07:13.43360 UTC
2169,00:07:13.43380 UTC
2170,00:07:14.43400 UTC
2171,00:07:14.43420 UTC
2172,00:07:14.43440 UTC
2173,00:07:14.43460 UTC
2174,00:07:14.43480 UTC
2175,00:07:15.43500 UTC
2176,00:07:15.43520 UTC
2177,00:07:15.43540 UTC
2178,00:07:15.43560 UTC
2179,00:07:15.43580 UTC
2180,00:07:16.43600 UTC
2181,00:07:16.43620 UTC
2182,00:07:16.43640 UTC
2183,00:07:16.43660 UTC
2184,00:07:16.43680 UTC
2185,00:07:17.43700 UTC
2186,00:07:17.43720 UTC
2187,00:07:17.43740 UTC
2188,00:07:17.43760 UTC
2189,00:07:17.43780 UTC
2190,00:07:18.43800 UTC
2191,00:07:18.43820 UTC
2192,00:07:18.43840 UTC
2193,00:07:18.43860 UTC
2194,00:07:18.43880 UTC
2195,00:07:19.43900 UTC
2196,00:07:19.43920 UTC
2197,00:07:19.43940 UTC
2198,00:07:19.43960 UTC
2199,00:07:19.43980 UTC
2200,00:07:20.44000 UTC
2201,00:07:20.44020 UTC
2202,00:07:20.44040 UTC
2203,00:07:20.44060 UTC
2204,00:07:20.44080 UTC
2205,00:07:21.44100 UTC
2206,00:07:21.44120 UTC
2207,00:07:21.44140 UTC
2208,00:07:21.44160 UTC
2209,00:07:21.44180 UTC
2210,00:07:22.44200 UTC
2211,00:07:22.44220 UTC
2212,00:07:22.44240 UTC
2213,00:07:22.44260 UTC
2214,00:07:22.44280 UTC
2215,00:07:23.44300 UTC
2216,00:07:23.44320 UTC
2217,00:07:23.44340 UTC
2218,00:07:23.44360 UTC
2219,00:07:23.44380 UTC
2220,00:07:24.44400 UTC
2221,00:07:24.44420 UTC
2222,00:07:24.44440 UTC
2223,00:07:24.44460 UTC
2224,00:07:24.44480 UTC
2225,00:07:25.44500 UTC
2226,00:07:25.44520 UTC
2227,00:07:25.44540 UTC
2228,00:07:25.44560 UTC
2229,00:07:25.44580 UTC
2230,00:07:26.44600 UTC
2231,00:07:26.44620 UTC
2232,00:07:26.44640 UTC
2233,00:07:26.44660 UTC
2234,00:07:26.44680 UTC
2235,00:07:27.44700 UTC
2236,00:07:27.44720 UTC
2237,00:07:27.44740 UTC
2238,00:07:27.44760 UTC
2239,00:07:27.44780 UTC
2240,00:07:28.44800 UTC
2241,00:07:28.44820 UTC
2242,00:07:28.44840 UTC
2243,00:07:28.44860 UTC
2244,00:07:28.44880 UTC
2245,00:07:29.44900 UTC
2246,00:07:29.44920 UTC
2247,00:07:29.44940 UTC
2248,00:07:29.44960 UTC
2249,00:07:29.44980 UTC
2250,00:07:30.45000 UTC
2251,00:07:30.45020 UTC
2252,00:07:30.45040 UTC
2253,00:07:30.45060 UTC
2254,00:07:30.45080 UTC
2255,00:07:31.45100 UTC
2256,00:07:31.45120 UTC
2257,00:07:31.45140 UTC
2258,00:07:31.45160 UTC
2259,00:07:31.45180 UTC
2260,00:07:32.45200 UTC
2261,00:07:32.45220 UTC
2262,00:07:32.45240 UTC
2263,00:07:32.45260 UTC
2264,00:07:32.45280 UTC
2265,00:07:33.45300 UTC
2266,00:07:33.45320 UTC
2267,00:07:33.45340 UTC
2268,00:07:33.45360 UTC
2269,00:07:33.45380 UTC
2270,00:07:34.45400 UTC
2271,00:07:34.45420 UTC
2272,00:07:34.45440 UTC
2273,00:07:34.45460 UTC
2274,00:07:34.45480 UTC
2275,00:07:35.45500 UTC
2276,00:07:35.45520 UTC
2277,00:07:35.45540 UTC
2278,00:07:35.45560 UTC
2279,00:07:35.45580 UTC
2280,00:07:36.45600 UTC
2281,00:07:36.45620 UTC
2282,00:07:36.45640 UTC
2283,00:07:36.45660 UTC
2284,00:07:36.45680 UTC
2285,00:07:37.45700 UTC
2286,00:07:37.45720 UTC
2287,00:07:37.45740 UTC
2288,00:07:37.45760 UTC
2289,00:07:37.45780 UTC
2290,00:07:38.45800 UTC
2291,00:07:38.45820 UTC
2292,00:07:38.45840 UTC
2293,00:07:38.45860 UTC
2294,00:07:38.45880 UTC
2295,00:07:39.45900 UTC
2296,00:07:39.45920 UTC
2297,00:07:39.45940 UTC
2298,00:07:39.45960 UTC
2299,00:07:39.45980 UTC
2300,00:07:40.46000 UTC
2301,00:07:40.46020 UTC
2302,00:07:40.46040 UTC
2303,00:07:40.46060 UTC
2304,00:07:40.46080 UTC
2305,00:07:41.46100 UTC
2306,00:07:41.46120 UTC
2307,00:07:41.46140 UTC
2308,00:07:41.46160 UTC
2309,00:07:41.46180 UTC
2310,00:07:42.46200 UTC
2311,00:07:42.46220 UTC
2312,00:07:42.46240 UTC
2313,00:07:42.46260 UTC
2314,00:07:42.46280 UTC
2315,00:07:43.46300 UTC
2316,00:07:43.46320 UTC
2317,00:07:43.46340 UTC
2318,00:07:43.46360 UTC
2319,00:07:43.46380 UTC
2320,00:07:44.46400 UTC
2321,00:07:44.46420 UTC
2322,00:07:44.46440 UTC
2323,00:07:44.46460 UTC
2324,00:07:44.46480 UTC
2325,00:07:45.46500 UTC
2326,00:07:45.46520 UTC
2327,00:07:45.46540 UTC
2328,00:07:45.46560 UTC
2329,00:07:45.46580 UTC
2330,00:07:46.46600 UTC
2331,00:07:46.46620 UTC
2332,00:07:46.46640 UTC
2333,00:07:46.46660 UTC
2334,00:07:46.46680 UTC
2335,00:07:47.46700 UTC
2336,00:07:47.46720 UTC
2337,00:07:47.46740 UTC
2338,00:07:47.46760 UTC
2339,00:07:47.46780 UTC
2340,00:07:48.46800 UTC
2341,00:07:48.46820 UTC
2342,00:07:48.46840 UTC
2343,00:07:48.46860 UTC
2344,00:07:48.46880 UTC
2345,00:07:49.46900 UTC
2346,00:07:49.46920 UTC
2347,00:07:49.46940 UTC
2348,00:07:49.46960 UTC
2349,00:07:49.46980 UTC
2350,00:07:50.47000 UTC
2351,00:07:50.47020 UTC
2352,00:07:50.47040 UTC
2353,00:07:50.47060 UTC
2354,00:07:50.47080 UTC
2355,00:07:51.47100 UTC
2356,00:07:51.47120 UTC
2357,00:07:51.47140 UTC
2358,00:07:51.47160 UTC
2359,00:07:51.47180 UTC
2360,00:07:52.47200 UTC
2361,00:07:52.47220 UTC
2362,00:07:52.47240 UTC
2363,00:07:52.47260 UTC
2364,00:07:52.47280 UTC
2365,00:07:53.47300 UTC
2366,00:07:53.47320 UTC
2367,00:07:53.47340 UTC
2368,00:07:53.47360 UTC
2369,00:07:53.47380 UTC
2370,00:07:54.47400 UTC
2371,00:07:54.47420 UTC
2372,00:07:54.47440 UTC
2373,00:07:54.47460 UTC
2374,00:07:54.47480 UTC
2375,00:07:55.47500 UTC
2376,00:07:55.47520 UTC
2377,00:07:55.47540 UTC
2378,00:07:55.47560 UTC
2379,00:07:55.47580 UTC
2380,00:07:56.47600 UTC
2381,00:07:56.47620 UTC
2382,00:07:56.47640 UTC
2383,00:07:56.47660 UTC
2384,00:07:56.47680 UTC
2385,00:07:57.47700 UTC
2386,00:07:57.47720 UTC
2387,00:07:57.47740 UTC
2388,00:07:57.47760 UTC
2389,00:07:57.47780 UTC
2390,00:07:58.47800 UTC
2391,00:07:58.47820 UTC
2392,00:07:58.47840 UTC
2393,00:07:58.47860 UTC
2394,00:07:58.47880 UTC
2395,00:07:59.47900 UTC
2396,00:07:59.47920 UTC
2397,00:07:59.47940 UTC
2398,00:07:59.47960 UTC
2399,00:07:59.47980 UTC
2400,00:08:00.48000 UTC
2401,00:08:00.48020 UTC
2402,00:08:00.48040 UTC
2403,00:08:00.48060 UTC
2404,00:08:00.48080 UTC
2405,00:08:01.48100 UTC
2406,00:08:01.48120 UTC
2407,00:08:01.48140 UTC
2408,00:08:01.48160 UTC
2409,00:08:01.48180 UTC
2410,00:08:02.48200 UTC
2411,00:08:02.48220 UTC
2412,00:08:02.48240 UTC
2413,00:08:02.48260 UTC
2414,00:08:02.48280 UTC
2415,00:08:03.48300 UTC
2416,00:08:03.48320 UTC
2417,00:08:03.48340 UTC
2418,00:08:03.48360 UTC
2419,00:08:03.48380 UTC
2420,00:08:04.48400 UTC
2421,00:08:04.48420 UTC
2422,00:08:04.48440 UTC
2423,00:08:04.48460 UTC
2424,00:08:04.48480 UTC
2425,00:08:05.48500 UTC
2426,00:08:05.48520 UTC
2427,00:08:05.48540 UTC
2428,00:08:05.48560 UTC
2429,00:08:05.48580 UTC
2430,00:08:06.48600 UTC
2431,00:08:06.48620 UTC
2432,00:08:06.48640 UTC
2433,00:08:06.48660 UTC
2434,00:08:06.48680 UTC
2435,00:08:07.48700 UTC
2436,00:08:07.48720 UTC
2437,00:08:07.48740 UTC
2438,00:08:07.48760 UTC
2439,00:08:07.48780 UTC
2440,00:08:08.48800 UTC
2441,00:08:08.48820 UTC
2442,00:08:08.48840 UTC
2443,00:08:08.48860 UTC
2444,00:08:08.48880 UTC
2445,00:08:09.48900 UTC
2446,00:08:09.48920 UTC
2447,00:08:09.48940 UTC
2448,00:08:09.48960 UTC
2449,00:08:09.48980 UTC
2450,00:08:10.49000 UTC
2451,00:08:10.49020 UTC
2452,00:08:10.49040 UTC
2453,00:08:10.49060 UTC
2454,00:08:10.49080 UTC
2455,00:08:11.49100 UTC
2456,00:08:11.49120 UTC
2457,00:08:11.49140 UTC
2458,00:08:11.49160 UTC
2459,00:08:11.49180 UTC
2460,00:08:12.49200 UTC
2461,00:08:12.49220 UTC
2462,00:08:12.49240 UTC
2463,00:08:12.49260 UTC
2464,00:08:12.49280 UTC
2465,00:08:13.49300 UTC
2466,00:08:13.49320 UTC
2467,00:08:13.49340 UTC
2468,00:08:13.49360 UTC
2469,00:08:13.49380 UTC
2470,00:08:14.49400 UTC
2471,00:08:14.49420 UTC
2472,00:08:14.49440 UTC
2473,00:08:14.49460 UTC
2474,00:08:14.49480 UTC
2475,00:08:15.49500 UTC
2476,00:08:15.49520 UTC
2477,00:08:15.49540 UTC
2478,00:08:15.49560 UTC
2479,00:08:15.49580 UTC
2480,00:08:16.49600 UTC
2481,00:08:16.49620 UTC
2482,00:08:16.49640 UTC
2483,00:08:16.49660 UTC
2484,00:08:16.49680 UTC
2485,00:08:17.49700 UTC
2486,00:08:17.49720 UTC
2487,00:08:17.49740 UTC
2488,00:08:17.49760 UTC
2489,00:08:17.49780 UTC
2490,00:08:18.49800 UTC
2491,00:08:18.49820 UTC
2492,00:08:18.49840 UTC
2493,00:08:18.49860 UTC
2494,00:08:18.49880 UTC
2495,00:08:19.49900 UTC
2496,00:08:19.49920 UTC
2497,00:08:19.49940 UTC
2498,00:08:19.49960 UTC
2499,00:08:19.49980 UTC
2500,00:08:20.50000 UTC
2501,00:08:20.50020 UTC
2502,00:08:20.50040 UTC
2503,00:08:20.50060 UTC
2504,00:08:20.50080 UTC
2505,00:08:21.50100 UTC
2506,00:08:21.50120 UTC
2507,00:08:21.50140 UTC
2508,00:08:21.50160 UTC
2509,00:08:21.50180 UTC
2510,00:08:22.50200 UTC
2511,00:08:22.50220 UTC
2512,00:08:22.50240 UTC
2513,00:08:22.50260 UTC
2514,00:08:22.50280 UTC
2515,00:08:23.50300 UTC
2516,00:08:23.50320 UTC
2517,00:08:23.50340 UTC
2518,00:08:23.50360 UTC
2519,00:08:23.50380 UTC
2520,00:08:24.50400 UTC
2521,00:08:24.50420 UTC
2522,00:08:24.50440 UTC
2523,00:08:24.50460 UTC
2524,00:08:24.50480 UTC
2525,00:08:25.50500 UTC
2526,00:08:25.50520 UTC
2527,00:08:25.50540 UTC
2528,00:08:25.50560 UTC
2529,00:08:25.50580 UTC
2530,00:08:26.50600 UTC
2531,00:08:26.50620 UTC
2532,00:08:26.50640 UTC
2533,00:08:26.50660 UTC
2534,00:08:26.50680 UTC
2535,00:08:27.50700 UTC
2536,00:08:27.50720 UTC
2537,00:08:27.50740 UTC
2538,00:08:27.50760 UTC
2539,00:08:27.50780 UTC
2540,00:08:28.50800 UTC
2541,00:08:28.50820 UTC
2542,00:08:28.50840 UTC
2543,00:08:28.50860 UTC
2544,00:08:28.50880 UTC
2545,00:08:29.50900 UTC
2546,00:08:29.50920 UTC
2547,00:08:29.50940 UTC
2548,00:08:29.50960 UTC
2549,00:08:29.50980 UTC
2550,00:08:30.51000 UTC
2551,00:08:30.51020 UTC
2552,00:08:30.51040 UTC
2553,00:08:30.51060 UTC
2554,00:08:30.51080 UTC
2555,00:08:31.51100 UTC
2556,00:08:31.51120 UTC
2557,00:08:31.51140 UTC
2558,00:08:31.51160 UTC
2559,00:08:31.51180 UTC
2560,00:08:32.51200 UTC
2561,00:08:32.51220 UTC
2562,00:08:32.51240 UTC
2563,00:08:32.51260 UTC
2564,00:08:32.51280 UTC
2565,00:08:33.51300 UTC
2566,00:08:33.51320 UTC
2567,00:08:33.51340 UTC
2568,00:08:33.51360 UTC
2569,00:08:33.51380 UTC
2570,00:08:34.51400 UTC
2571,00:08:34.51420 UTC
2572,00:08:34.51440 UTC
2573,00:08:34.51460 UTC
2574,00:08:34.51480 UTC
2575,00:08:35.51500 UTC
2576,00:08:35.51520 UTC
2577,00:08:35.51540 UTC
2578,00:08:35.51560 UTC
2579,00:08:35.51580 UTC
2580,00:08:36.51600 UTC
2581,00:08:36.51620 UTC
2582,00:08:36.51640 UTC
2583,00:08:36.51660 UTC
2584,00:08:36.51680 UTC
2585,00:08:37.51700 UTC
2586,00:08:37.51720 UTC
2587,00:08:37.51740 UTC
2588,00:08:37.51760 UTC
2589,00:08:37.51780 UTC
2590,00:08:38.51800 UTC
2591,00:08:38.51820 UTC
2592,00:08:38.51840 UTC
2593,00:08:38.51860 UTC
2594,00:08:38.51880 UTC
2595,00:08:39.51900 UTC
2596,00:08:39.51920 UTC
2597,00:08:39.51940 UTC
2598,00:08:39.51960 UTC
2599,00:08:39.51980 UTC
2600,00:08:40.52000 UTC
2601,00:08:40.52020 UTC
2602,00:08:40.52040 UTC
2603,00:08:40.52060 UTC
2604,00:08:40.52080 UTC
2605,00:08:41.52100 UTC
2606,00:08:41.52120 UTC
2607,00:08:41.52140 UTC
2608,00:08:41.52160 UTC
2609,00:08:41.52180 UTC
2610,00:08:42.52200 UTC
2611,00:08:42.52220 UTC
2612,00:08:42.52240 UTC
2613,00:08:42.52260 UTC
2614,00:08:42.52280 UTC
2615,00:08:43.52300 UTC
2616,00:08:43.52320 UTC
2617,00:08:43.52340 UTC
2618,00:08:43.52360 UTC
2619,00:08:43.52380 UTC
2620,00:08:44.52400 UTC
2621,00:08:44.52420 UTC
2622,00:08:44.52440 UTC
2623,00:08:44.52460 UTC
2624,00:08:44.52480 UTC
2625,00:08:45.52500 UTC
2626,00:08:45.52520 UTC
2627,00:08:45.52540 UTC
2628,00:08:45.52560 UTC
2629,00:08:45.52580 UTC
2630,00:08:46.52600 UTC
2631,00:08:46.52620 UTC
2632,00:08:46.52640 UTC
2633,00:08:46.52660 UTC
2634,00:08:46.52680 UTC
2635,00:08:47.52700 UTC
2636,00:08:47.52720 UTC
2637,00:08:47.52740 UTC
2638,00:08:47.52760 UTC
2639,00:08:47.52780 UTC
2640,00:08:48.52800 UTC
2641,00:08:48.52820 UTC
2642,00:08:48.52840 UTC
2643,00:08:48.52860 UTC
2644,00:08:48.52880 UTC
2645,00:08:49.52900 UTC
2646,00:08:49.52920 UTC
2647,00:08:49.52940 UTC
2648,00:08:49.52960 UTC
2649,00:08:49.52980 UTC
2650,00:08:50.53000 UTC
2651,00:08:50.53020 UTC
2652,00:08:50.53040 UTC
2653,00:08:50.53060 UTC
2654,00:08:50.53080 UTC
2655,00:08:51.53100 UTC
2656,00:08:51.53120 UTC
2657,00:08:51.53140 UTC
2658,00:08:51.53160 UTC
2659,00:08:51.53180 UTC
2660,00:08:52.53200 UTC
2661,00:08:52.53220 UTC
2662,00:08:52.53240 UTC
2663,00:08:52.53260 UTC
2664,00:08:52.53280 UTC
2665,00:08:53.53300 UTC
2666,00:08:53.53320 UTC
2667,00:08:53.53340 UTC
2668,00:08:53.53360 UTC
2669,00:08:53.53380 UTC
2670,00:08:54.53400 UTC
2671,00:08:54.53420 UTC
2672,00:08:54.53440 UTC
2673,00:08:54.53460 UTC
2674,00:08:54.53480 UTC
2675,00:08:55.53500 UTC
2676,00:08:55.53520 UTC
2677,00:08:55.53540 UTC
2678,00:08:55.53560 UTC
2679,00:08:55.53580 UTC
2680,00:08:56.53600 UTC
2681,00:08:56.53620 UTC
2682,00:08:56.53640 UTC
2683,00:08:56.53660 UTC
2684,00:08:56.53680 UTC
2685,00:08:57.53700 UTC
2686,00:08:57.53720 UTC
2687,00:08:57.53740 UTC
2688,00:08:57.53760 UTC
2689,00:08:57.53780 UTC
2690,00:08:58.53800 UTC
2691,00:08:58.53820 UTC
2692,00:08:58.53840 UTC
2693,00:08:58.53860 UTC
2694,00:08:58.53880 UTC
2695,00:08:59.53900 UTC
2696,00:08:59.53920 UTC
2697,00:08:59.53940 UTC
2698,00:08:59.53960 UTC
2699,00:08:59.53980 UTC
2700,00:09:00.54000 UTC
2701,00:09:00.54020 UTC
2702,00:09:00.54040 UTC
2703,00:09:00.54060 UTC
2704,00:09:00.54080 UTC
2705,00:09:01.54100 UTC
2706,00:09:01.54120 UTC
2707,00:09:01.54140 UTC
2708,00:09:01.54160 UTC
2709,00:09:01.54180 UTC
2710,00:09:02.54200 UTC
2711,00:09:02.54220 UTC
2712,00:09:02.54240 UTC
2713,00:09:02.54260 UTC
2714,00:09:02.54280 UTC
2715,00:09:03.54300 UTC
2716,00:09:03.54320 UTC
2717,00:09:03.54340 UTC
2718,00:09:03.54360 UTC
2719,00:09:03.54380 UTC
2720,00:09:04.54400 UTC
2721,00:09:04.54420 UTC
2722,00:09:04.54440 UTC
2723,00:09:04.54460 UTC
2724,00:09:04.54480 UTC
2725,00:09:05.54500 UTC
2726,00:09:05.54520 UTC
2727,00:09:05.54540 UTC
2728,00:09:05.54560 UTC
2729,00:09:05.54580 UTC
2730,00:09:06.54600 UTC
2731,00:09:06.54620 UTC
2732,00:09:06.54640 UTC
2733,00:09:06.54660 UTC
2734,00:09:06.54680 UTC
2735,00:09:07.54700 UTC
2736,00:09:07.54720 UTC
2737,00:09:07.54740 UTC
2738,00:09:07.54760 UTC
2739,00:09:07.54780 UTC
2740,00:09:08.54800 UTC
2741,00:09:08.54820 UTC
2742,00:09:08.54840 UTC
2743,00:09:08.54860 UTC
2744,00:09:08.54880 UTC
2745,00:09:09.54900 UTC
2746,00:09:09.54920 UTC
2747,00:09:09.54940 UTC
2748,00:09:09.54960 UTC
2749,00:09:09.54980 UTC
2750,00:09:10.55000 UTC
2751,00:09:10.55020 UTC
2752,00:09:10.55040 UTC
2753,00:09:10.55060 UTC
2754,00:09:10.55080 UTC
2755,00:09:11.55100 UTC
2756,00:09:11.55120 UTC
2757,00:09:11.55140 UTC
2758,00:09:11.55160 UTC
2759,00:09:11.55180 UTC
2760,00:09:12.55200 UTC
2761,00:09:12.55220 UTC
2762,00:09:12.55240 UTC
2763,00:09:12.55260 UTC
2764,00:09:12.55280 UTC
2765,00:09:13.55300 UTC
2766,00:09:13.55320 UTC
2767,00:09:13.55340 UTC
2768,00:09:13.55360 UTC
2769,00:09:13.55380 UTC
2770,00:09:14.55400 UTC
2771,00:09:14.55420 UTC
2772,00:09:14.55440 UTC
2773,00:09:14.55460 UTC
2774,00:09:14.55480 UTC
2775,00:09:15.55500 UTC
2776,00:09:15.55520 UTC
2777,00:09:15.55540 UTC
2778,00:09:15.55560 UTC
2779,00:09:15.55580 UTC
2780,00:09:16.55600 UTC
2781,00:09:16.55620 UTC
2782,00:09:16.55640 UTC
2783,00:09:16.55660 UTC
2784,00:09:16.55680 UTC
2785,00:09:17.55700 UTC
2786,00:09:17.55720 UTC
2787,00:09:17.55740 UTC
2788,00:09:17.55760 UTC
2789,00:09:17.55780 UTC
2790,00:09:18.55800 UTC
2791,00:09:18.55820 UTC
2792,00:09:18.55840 UTC
2793,00:09:18.55860 UTC
2794,00:09:18.55880 UTC
2795,00:09:19.55900 UTC
2796,00:09:19.55920 UTC
2797,00:09:19.55940 UTC
2798,00:09:19.55960 UTC
2799,00:09:19.55980 UTC
2800,00:09:20.56000 UTC
2801,00:09:20.56020 UTC
2802,00:09:20.56040 UTC
2803,00:09:20.56060 UTC
2804,00:09:20.56080 UTC
2805,00:09:21.56100 UTC
2806,00:09:21.56120 UTC
2807,00:09:21.56140 UTC
2808,00:09:21.56160 UTC
2809,00:09:21.56180 UTC
2810,00:09:22.56200 UTC
2811,00:09:22.56220 UTC
2812,00:09:22.56240 UTC
2813,00:09:22.56260 UTC
2814,00:09:22.56280 UTC
2815,00:09:23.56300 UTC
2816,00:09:23.56320 UTC
2817,00:09:23.56340 UTC
2818,00:09:23.56360 UTC
2819,00:09:23.56380 UTC
2820,00:09:24.56400 UTC
2821,00:09:24.56420 UTC
2822,00:09:24.56440 UTC
2823,00:09:24.56460 UTC
2824,00:09:24.56480 UTC
2825,00:09:25.56500 UTC
2826,00:09:25.56520 UTC
2827,00:09:25.56540 UTC
2828,00:09:25.56560 UTC
2829,00:09:25.56580 UTC
2830,00:09:26.56600 UTC
2831,00:09:26.56620 UTC
2832,00:09:26.56640 UTC
2833,00:09:26.56660 UTC
2834,00:09:26.56680 UTC
2835,00:09:27.56700 UTC
2836,00:09:27.56720 UTC
2837,00:09:27.56740 UTC
2838,00:09:27.56760 UTC
2839,00:09:27.56780 UTC
2840,00:09:28.56800 UTC
2841,00:09:28.56820 UTC
2842,00:09:28.56840 UTC
2843,00:09:28.56860 UTC
2844,00:09:28.56880 UTC
2845,00:09:29.56900 UTC
2846,00:09:29.56920 UTC
2847,00:09:29.56940 UTC
2848,00:09:29.56960 UTC
2849,00:09:29.56980 UTC
2850,00:09:30.57000 UTC
2851,00:09:30.57020 UTC
2852,00:09:30.57040 UTC
2853,00:09:30.57060 UTC
2854,00:09:30.57080 UTC
2855,00:09:31.57100 UTC
2856,00:09:31.57120 UTC
2857,00:09:31.57140 UTC
2858,00:09:31.57160 UTC
2859,00:09:31.57180 UTC
2860,00:09:32.57200 UTC
2861,00:09:32.57220 UTC
2862,00:09:32.57240 UTC
2863,00:09:32.57260 UTC
2864,00:09:32.57280 UTC
2865,00:09:33.57300 UTC
2866,00:09:33.57320 UTC
2867,00:09:33.57340 UTC
2868,00:09:33.57360 UTC
2869,00:09:33.57380 UTC
2870,00:09:34.57400 UTC
2871,00:09:34.57420 UTC
2872,00:09:34.57440 UTC
2873,00:09:34.57460 UTC
2874,00:09:34.57480 UTC
2875,00:09:35.57500 UTC
2876,00:09:35.57520 UTC
2877,00:09:35.57540 UTC
2878,00:09:35.57560 UTC
2879,00:09:35.57580 UTC
2880,00:09:36.57600 UTC
2881,00:09:36.57620 UTC
2882,00:09:36.57640 UTC
2883,00:09:36.57660 UTC
2884,00:09:36.57680 UTC
2885,00:09:37.57700 UTC
2886,00:09:37.57720 UTC
2887,00:09:37.57740 UTC
2888,00:09:37.57760 UTC
2889,00:09:37.57780 UTC
2890,00:09:38.57800 UTC
2891,00:09:38.57820 UTC
2892,00:09:38.57840 UTC
2893,00:09:38.57860 UTC
2894,00:09:38.57880 UTC
2895,00:09:39.57900 UTC
2896,00:09:39.57920 UTC
2897,00:09:39.57940 UTC
2898,00:09:39.57960 UTC
2899,00:09:39.57980 UTC
2900,00:09:40.58000 UTC
2901,00:09:40.58020 UTC
2902,00:09:40.58040 UTC
2903,00:09:40.58060 UTC
2904,00:09:40.58080 UTC
2905,00:09:41.58100 UTC
2906,00:09:41.58120 UTC
2907,00:09:41.58140 UTC
2908,00:09:41.58160 UTC
2909,00:09:41.58180 UTC
2910,00:09:42.58200 UTC
2911,00:09:42.58220 UTC
2912,00:09:42.58240 UTC
2913,00:09:42.58260 UTC
2914,00:09:42.58280 UTC
2915,00:09:43.58300 UTC
2916,00:09:43.58320 UTC
2917,00:09:43.58340 UTC
2918,00:09:43.58360 UTC
2919,00:09:43.58380 UTC
2920,00:09:44.58400 UTC
2921,00:09:44.58420 UTC
2922,00:09:44.58440 UTC
2923,00:09:44.58460 UTC
2924,00:09:44.58480 UTC
2925,00:09:45.58500 UTC
2926,00:09:45.58520 UTC
2927,00:09:45.58540 UTC
2928,00:09:45.58560 UTC
2929,00:09:45.58580 UTC
2930,00:09:46.58600 UTC
2931,00:09:46.58620 UTC
2932,00:09:46.58640 UTC
2933,00:09:46.58660 UTC
2934,00:09:46.58680 UTC
2935,00:09:47.58700 UTC
2936,00:09:47.58720 UTC
2937,00:09:47.58740 UTC
2938,00:09:47.58760 UTC
2939,00:09:47.58780 UTC
2940,00:09:48.58800 UTC
2941,00:09:48.58820 UTC
2942,00:09:48.58840 UTC
2943,00:09:48.58860 UTC
2944,00:09:48.58880 UTC
2945,00:09:49.58900 UTC
2946,00:09:49.58920 UTC
2947,00:09:49.58940 UTC
2948,00:09:49.58960 UTC
2949,00:09:49.58980 UTC
2950,00:09:50.59000 UTC
2951,00:09:50.59020 UTC
2952,00:09:50.59040 UTC
2953,00:09:50.59060 UTC
2954,00:09:50.59080 UTC
2955,00:09:51.59100 UTC
2956,00:09:51.59120 UTC
2957,00:09:51.59140 UTC
2958,00:09:51.59160 UTC
2959,00:09:51.59180 UTC
2960,00:09:52.59200 UTC
2961,00:09:52.59220 UTC
2962,00:09:52.59240 UTC
2963,00:09:52.59260 UTC
2964,00:09:52.59280 UTC
2965,00:09:53.59300 UTC
2966,00:09:53.59320 UTC
2967,00:09:53.59340 UTC
2968,00:09:53.59360 UTC
2969,00:09:53.59380 UTC
2970,00:09:54.59400 UTC
2971,00:09:54.59420 UTC
2972,00:09:54.59440 UTC
2973,00:09:54.59460 UTC
2974,00:09:54.59480 UTC
2975,00:09:55.59500 UTC
2976,00:09:55.59520 UTC
2977,00:09:55.59540 UTC
2978,00:09:55.59560 UTC
2979,00:09:55.59580 UTC
2980,00:09:56.59600 UTC
2981,00:09:56.59620 UTC
2982,00:09:56.59640 UTC
2983,00:09:56.59660 UTC
2984,00:09:56.59680 UTC
2985,00:09:57.59700 UTC
2986,00:09:57.59720 UTC
2987,00:09:57.59740 UTC
2988,00:09:57.59760 UTC
2989,00:09:57.59780 UTC
2990,00:09:58.59800 UTC
2991,00:09:58.59820 UTC
2992,00:09:58.59840 UTC
2993,00:09:58.59860 UTC
2994,00:09:58.59880 UTC
2995,00:09:59.59900 UTC
2996,00:09:59.59920 UTC
2997,00:09:59.59940 UTC
2998,00:09:59.59960 UTC
2999,00:09:59.59980 UTC
3000,00:10:00.60000 UTC
3001,00:10:00.60020 UTC
3002,00:10:00.60040 UTC
3003,00:10:00.60060 UTC
3004,00:10:00.60080 UTC
3005,00:10:01.60100 UTC
3006,00:10:01.60120 UTC
3007,00:10:01.60140 UTC
3008,00:10:01.60160 UTC
3009,00:10:01.60180 UTC
3010,00:10:02.60200 UTC
3011,00:10:02.60220 UTC
3012,00:10:02.60240 UTC
3013,00:10:02.60260 UTC
3014,00:10:02.60280 UTC
3015,00:10:03.60300 UTC
3016,00:10:03.60320 UTC
3017,00:10:03.60340 UTC
3018,00:10:03.60360 UTC
3019,00:10:03.60380 UTC
3020,00:10:04.60400 UTC
3021,00:10:04.60420 UTC
3022,00:10:04.60440 UTC
3023,00:10:04.60460 UTC
3024,00:10:04.60480 UTC
3025,00:10:05.60500 UTC
3026,00:10:05.60520 UTC
3027,00:10:05.60540 UTC
3028,00:10:05.60560 UTC
3029,00:10:05.60580 UTC
3030,00:10:06.60600 UTC
3031,00:10:06.60620 UTC
3032,00:10:06.60640 UTC
3033,00:10:06.60660 UTC
3034,00:10:06.60680 UTC
3035,00:10:07.60700 UTC
3036,00:10:07.60720 UTC
3037,00:10:07.60740 UTC
3038,00:10:07.60760 UTC
3039,00:10:07.60780 UTC
3040,00:10:08.60800 UTC
3041,00:10:08.60820 UTC
3042,00:10:08.60840 UTC
3043,00:10:08.60860 UTC
3044,00:10:08.60880 UTC
3045,00:10:09.60900 UTC
3046,00:10:09.60920 UTC
3047,00:10:09.60940 UTC
3048,00:10:09.60960 UTC
3049,00:10:09.60980 UTC
3050,00:10:10.61000 UTC
3051,00:10:10.61020 UTC
3052,00:10:10.61040 UTC
3053,00:10:10.61060 UTC
3054,00:10:10.61080 UTC
3055,00:10:11.61100 UTC
3056,00:10:11.61120 UTC
3057,00:10:11.61140 UTC
3058,00:10:11.61160 UTC
3059,00:10:11.61180 UTC
3060,00:10:12.61200 UTC
3061,00:10:12.61220 UTC
3062,00:10:12.61240 UTC
3063,00:10:12.61260 UTC
3064,00:10:12.61280 UTC
3065,00:10:13.61300 UTC
3066,00:10:13.61320 UTC
3067,00:10:13.61340 UTC
3068,00:10:13.61360 UTC
3069,00:10:13.61380 UTC
3070,00:10:14.61400 UTC
3071,00:10:14.61420 UTC
3072,00:10:14.61440 UTC
3073,00:10:14.61460 UTC
3074,00:10:14.61480 UTC
3075,00:10:15.61500 UTC
3076,00:10:15.61520 UTC
3077,00:10:15.61540 UTC
3078,00:10:15.61560 UTC
3079,00:10:15.61580 UTC
3080,00:10:16.61600 UTC
3081,00:10:16.61620 UTC
3082,00:10:16.61640 UTC
3083,00:10:16.61660 UTC
3084,00:10:16.61680 UTC
3085,00:10:17.61700 UTC
3086,00:10:17.61720 UTC
3087,00:10:17.61740 UTC
3088,00:10:17.61760 UTC
3089,00:10:17.61780 UTC
3090,00:10:18.61800 UTC
3091,00:10:18.61820 UTC
3092,00:10:18.61840 UTC
3093,00:10:18.61860 UTC
3094,00:10:18.61880 UTC
3095,00:10:19.61900 UTC
3096,00:10:19.61920 UTC
3097,00:10:19.61940 UTC
3098,00:10:19.61960 UTC
3099,00:10:19.61980 UTC
3100,00:10:20.62000 UTC
3101,00:10:20.62020 UTC
3102,00:10:20.62040 UTC
3103,00:10:20.62060 UTC
3104,00:10:20.62080 UTC
3105,00:10:21.62100 UTC
3106,00:10:21.62120 UTC
3107,00:10:21.62140 UTC
3108,00:10:21.62160 UTC
3109,00:10:21.62180 UTC
3110,00:10:22.62200 UTC
3111,00:10:22.62220 UTC
3112,00:10:22.62240 UTC
3113,00:10:22.62260 UTC
3114,00:10:22.62280 UTC
3115,00:10:23.62300 UTC
3116,00:10:23.62320 UTC
3117,00:10:23.62340 UTC
3118,00:10:23.62360 UTC
3119,00:10:23.62380 UTC
3120,00:10:24.62400 UTC
3121,00:10:24.62420 UTC
3122,00:10:24.62440 UTC
3123,00:10:24.62460 UTC
3124,00:10:24.62480 UTC
3125,00:10:25.62500 UTC
3126,00:10:25.62520 UTC
3127,00:10:25.62540 UTC
3128,00:10:25.62560 UTC
3129,00:10:25.62580 UTC
3130,00:10:26.62600 UTC
3131,00:10:26.62620 UTC
3132,00:10:26.62640 UTC
3133,00:10:26.62660 UTC
3134,00:10:26.62680 UTC
3135,00:10:27.62700 UTC
3136,00:10:27.62720 UTC
3137,00:10:27.62740 UTC
3138,00:10:27.62760 UTC
3139,00:10:27.62780 UTC
3140,00:10:28.62800 UTC
3141,00:10:28.62820 UTC
3142,00:10:28.62840 UTC
3143,00:10:28.62860 UTC
3144,00:10:28.62880 UTC
3145,00:10:29.62900 UTC
3146,00:10:29.62920 UTC
3147,00:10:29.62940 UTC
3148,00:10:29.62960 UTC
3149,00:10:29.62980 UTC
3150,00:10:30.63000 UTC
3151,00:10:30.63020 UTC
3152,00:10:30.63040 UTC
3153,00:10:30.63060 UTC
3154,00:10:30.63080 UTC
3155,00:10:31.63100 UTC
3156,00:10:31.63120 UTC
3157,00:10:31.63140 UTC
3158,00:10:31.63160 UTC
3159,00:10:31.63180 UTC
3160,00:10:32.63200 UTC
3161,00:10:32.63220 UTC
3162,00:10:32.63240 UTC
3163,00:10:32.63260 UTC
3164,00:10:32.63280 UTC
3165,00:10:33.63300 UTC
3166,00:10:33.63320 UTC
3167,00:10:33.63340 UTC
3168,00:10:33.63360 UTC
3169,00:10:33.63380 UTC
3170,00:10:34.63400 UTC
3171,00:10:34.63420 UTC
3172,00:10:34.63440 UTC
3173,00:10:34.63460 UTC
3174,00:10:34.63480 UTC
3175,00:10:35.63500 UTC
3176,00:10:35.63520 UTC
3177,00:10:35.63540 UTC
3178,00:10:35.63560 UTC
3179,00:10:35.63580 UTC
3180,00:10:36.63600 UTC
3181,00:10:36.63620 UTC
3182,00:10:36.63640 UTC
3183,00:10:36.63660 UTC
3184,00:10:36.63680 UTC
3185,00:10:37.63700 UTC
3186,00:10:37.63720 UTC
3187,00:10:37.63740 UTC
3188,00:10:37.63760 UTC
3189,00:10:37.63780 UTC
3190,00:10:38.63800 UTC
3191,00:10:38.63820 UTC
3192,00:10:38.63840 UTC
3193,00:10:38.63860 UTC
3194,00:10:38.63880 UTC
3195,00:10:39.63900 UTC
3196,00:10:39.63920 UTC
3197,00:10:39.63940 UTC
3198,00:10:39.63960 UTC
3199,00:10:39.63980 UTC
3200,00:10:40.64000 UTC
3201,00:10:40.64020 UTC
3202,00:10:40.64040 UTC
3203,00:10:40.64060 UTC
3204,00:10:40.64080 UTC
3205,00:10:41.64100 UTC
3206,00:10:41.64120 UTC
3207,00:10:41.64140 UTC
3208,00:10:41.64160 UTC
3209,00:10:41.64180 UTC
3210,00:10:42.64200 UTC
3211,00:10:42.64220 UTC
3212,00:10:42.64240 UTC
3213,00:10:42.64260 UTC
3214,00:10:42.64280 UTC
3215,00:10:43.64300 UTC
3216,00:10:43.64320 UTC
3217,00:10:43.64340 UTC
3218,00:10:43.64360 UTC
3219,00:10:43.64380 UTC
3220,00:10:44.64400 UTC
3221,00:10:44.64420 UTC
3222,00:10:44.64440 UTC
3223,00:10:44.64460 UTC
3224,00:10:44.64480 UTC
3225,00:10:45.64500 UTC
3226,00:10:45.64520 UTC
3227,00:10:45.64540 UTC
3228,00:10:45.64560 UTC
3229,00:10:45.64580 UTC
3230,00:10:46.64600 UTC
3231,00:10:46.64620 UTC
3232,00:10:46.64640 UTC
3233,00:10:46.64660 UTC
3234,00:10:46.64680 UTC
3235,00:10:47.64700 UTC
3236,00:10:47.64720 UTC
3237,00:10:47.64740 UTC
3238,00:10:47.64760 UTC
3239,00:10:47.64780 UTC
3240,00:10:48.64800 UTC
3241,00:10:48.64820 UTC
3242,00:10:48.64840 UTC
3243,00:10:48.64860 UTC
3244,00:10:48.64880 UTC
3245,00:10:49.64900 UTC
3246,00:10:49.64920 UTC
3247,00:10:49.64940 UTC
3248,00:10:49.64960 UTC
3249,00:10:49.64980 UTC
3250,00:10:50.65000 UTC
3251,00:10:50.65020 UTC
3252,00:10:50.65040 UTC
3253,00:10:50.65060 UTC
3254,00:10:50.65080 UTC
3255,00:10:51.65100 UTC
3256,00:10:51.65120 UTC
3257,00:10:51.65140 UTC
3258,00:10:51.65160 UTC
3259,00:10:51.65180 UTC
3260,00:10:52.65200 UTC
3261,00:10:52.65220 UTC
3262,00:10:52.65240 UTC
3263,00:10:52.65260 UTC
3264,00:10:52.65280 UTC
3265,00:10:53.65300 UTC
3266,00:10:53.65320 UTC
3267,00:10:53.65340 UTC
3268,00:10:53.65360 UTC
3269,00:10:53.65380 UTC
3270,00:10:54.65400 UTC
3271,00:10:54.65420 UTC
3272,00:10:54.65440 UTC
3273,00:10:54.65460 UTC
3274,00:10:54.65480 UTC
3275,00:10:55.65500 UTC
3276,00:10:55.65520 UTC
3277,00:10:55.65540 UTC
3278,00:10:55.65560 UTC
3279,00:10:55.65580 UTC
3280,00:10:56.65600 UTC
3281,00:10:56.65620 UTC
3282,00:10:56.65640 UTC
3283,00:10:56.65660 UTC
3284,00:10:56.65680 UTC
3285,00:10:57.65700 UTC
3286,00:10:57.65720 UTC
3287,00:10:57.65740 UTC
3288,00:10:57.65760 UTC
3289,00:10:57.65780 UTC
3290,00:10:58.65800 UTC
3291,00:10:58.65820 UTC
3292,00:10:58.65840 UTC
3293,00:10:58.65860 UTC
3294,00:10:58.65880 UTC
3295,00:10:59.65900 UTC
3296,00:10:59.65920 UTC
3297,00:10:59.65940 UTC
3298,00:10:59.65960 UTC
3299,00:10:59.65980 UTC
3300,00:11:00.66000 UTC
3301,00:11:00.66020 UTC
3302,00:11:00.66040 UTC
3303,00:11:00.66060 UTC
3304,00:11:00.66080 UTC
3305,00:11:01.66100 UTC
3306,00:11:01.66120 UTC
3307,00:11:01.66140 UTC
3308,00:11:01.66160 UTC
3309,00:11:01.66180 UTC
3310,00:11:02.66200 UTC
3311,00:11:02.66220 UTC
3312,00:11:02.66240 UTC
3313,00:11:02.66260 UTC
3314,00:11:02.66280 UTC
3315,00:11:03.66300 UTC
3316,00:11:03.66320 UTC
3317,00:11:03.66340 UTC
3318,00:11:03.66360 UTC
3319,00:11:03.66380 UTC
3320,00:11:04.66400 UTC
3321,00:11:04.66420 UTC
3322,00:11:04.66440 UTC
3323,00:11:04.66460 UTC
3324,00:11:04.66480 UTC
3325,00:11:05.66500 UTC
3326,00:11:05.66520 UTC
3327,00:11:05.66540 UTC
3328,00:11:05.66560 UTC
3329,00:11:05.66580 UTC
3330,00:11:06.66600 UTC
3331,00:11:06.66620 UTC
3332,00:11:06.66640 UTC
3333,00:11:06.66660 UTC
3334,00:11:06.66680 UTC
3335,00:11:07.66700 UTC
3336,00:11:07.66720 UTC
3337,00:11:07.66740 UTC
3338,00:11:07.66760 UTC
3339,00:11:07.66780 UTC
3340,00:11:08.66800 UTC
3341,00:11:08.66820 UTC
3342,00:11:08.66840 UTC
3343,00:11:08.66860 UTC
3344,00:11:08.66880 UTC
3345,00:11:09.66900 UTC
3346,00:11:09.66920 UTC
3347,00:11:09.66940 UTC
3348,00:11:09.66960 UTC
3349,00:11:09.66980 UTC
3350,00:11:10.67000 UTC
3351,00:11:10.67020 UTC
3352,00:11:10.67040 UTC
3353,00:11:10.67060 UTC
3354,00:11:10.67080 UTC
3355,00:11:11.67100 UTC
3356,00:11:11.67120 UTC
3357,00:11:11.67140 UTC
3358,00:11:11.67160 UTC
3359,00:11:11.67180 UTC
3360,00:11:12.67200 UTC
3361,00:11:12.67220 UTC
3362,00:11:12.67240 UTC
3363,00:11:12.67260 UTC
3364,00:11:12.67280 UTC
3365,00:11:13.67300 UTC
3366,00:11:13.67320 UTC
3367,00:11:13.67340 UTC
3368,00:11:13.67360 UTC
3369,00:11:13.67380 UTC
3370,00:11:14.67400 UTC
3371,00:11:14.67420 UTC
3372,00:11:14.67440 UTC
3373,00:11:14.67460 UTC
3374,00:11:14.67480 UTC
3375,00:11:15.67500 UTC
3376,00:11:15.67520 UTC
3377,00:11:15.67540 UTC
3378,00:11:15.67560 UTC
3379,00:11:15.67580 UTC
3380,00:11:16.67600 UTC
3381,00:11:16.67620 UTC
3382,00:11:16.67640 UTC
3383,00:11:16.67660 UTC
3384,00:11:16.67680 UTC
3385,00:11:17.67700 UTC
3386,00:11:17.67720 UTC
3387,00:11:17.67740 UTC
3388,00:11:17.67760 UTC
3389,00:11:17.67780 UTC
3390,00:11:18.67800 UTC
3391,00:11:18.67820 UTC
3392,00:11:18.67840 UTC
3393,00:11:18.67860 UTC
3394,00:11:18.67880 UTC
3395,00:11:19.67900 UTC
3396,00:11:19.67920 UTC
3397,00:11:19.67940 UTC
3398,00:11:19.67960 UTC
3399,00:11:19.67980 UTC
3400,00:11:20.68000 UTC
3401,00:11:20.68020 UTC
3402,00:11:20.68040 UTC
3403,00:11:20.68060 UTC
3404,00:11:20.68080 UTC
3405,00:11:21.68100 UTC
3406,00:11:21.68120 UTC
3407,00:11:21.68140 UTC
3408,00:11:21.68160 UTC
3409,00:11:21.68180 UTC
3410,00:11:22.68200 UTC
3411,00:11:22.68220 UTC
3412,00:11:22.68240 UTC
3413,00:11:22.68260 UTC
3414,00:11:22.68280 UTC
3415,00:11:23.68300 UTC
3416,00:11:23.68320 UTC
3417,00:11:23.68340 UTC
3418,00:11:23.68360 UTC
3419,00:11:23.68380 UTC
3420,00:11:24.68400 UTC
3421,00:11:24.68420 UTC
3422,00:11:24.68440 UTC
3423,00:11:24.68460 UTC
3424,00:11:24.68480 UTC
3425,00:11:25.68500 UTC
3426,00:11:25.68520 UTC
3427,00:11:25.68540 UTC
3428,00:11:25.68560 UTC
3429,00:11:25.68580 UTC
3430,00:11:26.68600 UTC
3431,00:11:26.68620 UTC
3432,00:11:26.68640 UTC
3433,00:11:26.68660 UTC
3434,00:11:26.68680 UTC
3435,00:11:27.68700 UTC
3436,00:11:27.68720 UTC
3437,00:11:27.68740 UTC
3438,00:11:27.68760 UTC
3439,00:11:27.68780 UTC
3440,00:11:28.68800 UTC
3441,00:11:28.68820 UTC
3442,00:11:28.68840 UTC
3443,00:11:28.68860 UTC
3444,00:11:28.68880 UTC
3445,00:11:29.68900 UTC
3446,00:11:29.68920 UTC
3447,00:11:29.68940 UTC
3448,00:11:29.68960 UTC
3449,00:11:29.68980 UTC
3450,00:11:30.69000 UTC
3451,00:11:30.69020 UTC
3452,00:11:30.69040 UTC
3453,00:11:30.69060 UTC
3454,00:11:30.69080 UTC
3455,00:11:31.69100 UTC
3456,00:11:31.69120 UTC
3457,00:11:31.69140 UTC
3458,00:11:31.69160 UTC
3459,00:11:31.69180 UTC
3460,00:11:32.69200 UTC
3461,00:11:32.69220 UTC
3462,00:11:32.69240 UTC
3463,00:11:32.69260 UTC
3464,00:11:32.69280 UTC
3465,00:11:33.69300 UTC
3466,00:11:33.69320 UTC
3467,00:11:33.69340 UTC
3468,00:11:33.69360 UTC
3469,00:11:33.69380 UTC
3470,00:11:34.69400 UTC
3471,00:11:34.69420 UTC
3472,00:11:34.69440 UTC
3473,00:11:34.69460 UTC
3474,00:11:34.69480 UTC
3475,00:11:35.69500 UTC
3476,00:11:35.69520 UTC
3477,00:11:35.69540 UTC
3478,00:11:35.69560 UTC
3479,00:11:35.69580 UTC
3480,00:11:36.69600 UTC
3481,00:11:36.69620 UTC
3482,00:11:36.69640 UTC
3483,00:11:36.69660 UTC
3484,00:11:36.69680 UTC
3485,00:11:37.69700 UTC
3486,00:11:37.69720 UTC
3487,00:11:37.69740 UTC
3488,00:11:37.69760 UTC
3489,00:11:37.69780 UTC
3490,00:11:38.69800 UTC
3491,00:11:38.69820 UTC
3492,00:11:38.69840 UTC
3493,00:11:38.69860 UTC
3494,00:11:38.69880 UTC
3495,00:11:39.69900 UTC
3496,00:11:39.69920 UTC
3497,00:11:39.69940 UTC
3498,00:11:39.69960 UTC
3499,00:11:39.69980 UTC
3500,00:11:40.70000 UTC
3501,00:11:40.70020 UTC
3502,00:11:40.70040 UTC
3503,00:11:40.70060 UTC
3504,00:11:40.70080 UTC
3505,00:11:41.70100 UTC
3506,00:11:41.70120 UTC
3507,00:11:41.70140 UTC
3508,00:11:41.70160 UTC
3509,00:11:41.70180 UTC
3510,00:11:42.70200 UTC
3511,00:11:42.70220 UTC
3512,00:11:42.70240 UTC
3513,00:11:42.70260 UTC
3514,00:11:42.70280 UTC
3515,00:11:43.70300 UTC
3516,00:11:43.70320 UTC
3517,00:11:43.70340 UTC
3518,00:11:43.70360 UTC
3519,00:11:43.70380 UTC
3520,00:11:44.70400 UTC
3521,00:11:44.70420 UTC
3522,00:11:44.70440 UTC
3523,00:11:44.70460 UTC
3524,00:11:44.70480 UTC
3525,00:11:45.70500 UTC
3526,00:11:45.70520 UTC
3527,00:11:45.70540 UTC
3528,00:11:45.70560 UTC
3529,00:11:45.70580 UTC
3530,00:11:46.70600 UTC
3531,00:11:46.70620 UTC
3532,00:11:46.70640 UTC
3533,00:11:46.70660 UTC
3534,00:11:46.70680 UTC
3535,00:11:47.70700 UTC
3536,00:11:47.70720 UTC
3537,00:11:47.70740 UTC
3538,00:11:47.70760 UTC
3539,00:11:47.70780 UTC
3540,00:11:48.70800 UTC
3541,00:11:48.70820 UTC
3542,00:11:48.70840 UTC
3543,00:11:48.70860 UTC
3544,00:11:48.70880 UTC
3545,00:11:49.70900 UTC
3546,00:11:49.70920 UTC
3547,00:11:49.70940 UTC
3548,00:11:49.70960 UTC
3549,00:11:49.70980 UTC
3550,00:11:50.71000 UTC
3551,00:11:50.71020 UTC
3552,00:11:50.71040 UTC
3553,00:11:50.71060 UTC
3554,00:11:50.71080 UTC
3555,00:11:51.71100 UTC
3556,00:11:51.71120 UTC
3557,00:11:51.71140 UTC
3558,00:11:51.71160 UTC
3559,00:11:51.71180 UTC
3560,00:11:52.71200 UTC
3561,00:11:52.71220 UTC
3562,00:11:52.71240 UTC
3563,00:11:52.71260 UTC
3564,00:11:52.71280 UTC
3565,00:11:53.71300 UTC
3566,00:11:53.71320 UTC
3567,00:11:53.71340 UTC
3568,00:11:53.71360 UTC
3569,00:11:53.71380 UTC
3570,00:11:54.71400 UTC
3571,00:11:54.71420 UTC
3572,00:11:54.71440 UTC
3573,00:11:54.71460 UTC
3574,00:11:54.71480 UTC
3575,00:11:55.71500 UTC
3576,00:11:55.71520 UTC
3577,00:11:55.71540 UTC
3578,00:11:55.71560 UTC
3579,00:11:55.71580 UTC
3580,00:11:56.71600 UTC
3581,00:11:56.71620 UTC
3582,00:11:56.71640 UTC
3583,00:11:56.71660 UTC
3584,00:11:56.71680 UTC
3585,00:11:57.71700 UTC
3586,00:11:57.71720 UTC
3587,00:11:57.71740 UTC
3588,00:11:57.71760 UTC
3589,00:11:57.71780 UTC
3590,00:11:58.71800 UTC
3591,00:11:58.71820 UTC
3592,00:11:58.71840 UTC
3593,00:11:58.71860 UTC
3594,00:11:58.71880 UTC
3595,00:11:59.71900 UTC
3596,00:11:59.71920 UTC
3597,00:11:59.71940 UTC
3598,00:11:59.71960 UTC
3599,00:11:59.71980 UTC
3600,00:12:00.72000 UTC
3601,00:12:00.72020 UTC
3602,00:12:00.72040 UTC
3603,00:12:00.72060 UTC
3604,00:12:00.72080 UTC
3605,00:12:01.72100 UTC
3606,00:12:01.72120 UTC
3607,00:12:01.72140 UTC
3608,00:12:01.72160 UTC
3609,00:12:01.72180 UTC
3610,00:12:02.72200 UTC
3611,00:12:02.72220 UTC
3612,00:12:02.72240 UTC
3613,00:12:02.72260 UTC
3614,00:12:02.72280 UTC
3615,00:12:03.72300 UTC
3616,00:12:03.72320 UTC
3617,00:12:03.72340 UTC
3618,00:12:03.72360 UTC
3619,00:12:03.72380 UTC
3620,00:12:04.72400 UTC
3621,00:12:04.72420 UTC
3622,00:12:04.72440 UTC
3623,00:12:04.72460 UTC
3624,00:12:04.72480 UTC
3625,00:12:05.72500 UTC
3626,00:12:05.72520 UTC
3627,00:12:05.72540 UTC
3628,00:12:05.72560 UTC
3629,00:12:05.72580 UTC
3630,00:12:06.72600 UTC
3631,00:12:06.72620 UTC
3632,00:12:06.72640 UTC
3633,00:12:06.72660 UTC
3634,00:12:06.72680 UTC
3635,00:12:07.72700 UTC
3636,00:12:07.72720 UTC
3637,00:12:07.72740 UTC
3638,00:12:07.72760 UTC
3639,00:12:07.72780 UTC
3640,00:12:08.72800 UTC
3641,00:12:08.72820 UTC
3642,00:12:08.72840 UTC
3643,00:12:08.72860 UTC
3644,00:12:08.72880 UTC
3645,00:12:09.72900 UTC
3646,00:12:09.72920 UTC
3647,00:12:09.72940 UTC
3648,00:12:09.72960 UTC
3649,00:12:09.72980 UTC
3650,00:12:10.73000 UTC
3651,00:12:10.73020 UTC
3652,00:12:10.73040 UTC
3653,00:12:10.73060 UTC
3654,00:12:10.73080 UTC
3655,00:12:11.73100 UTC
3656,00:12:11.73120 UTC
3657,00:12:11.73140 UTC
3658,00:12:11.73160 UTC
3659,00:12:11.73180 UTC
3660,00:12:12.73200 UTC
3661,00:12:12.73220 UTC
3662,00:12:12.73240 UTC
3663,00:12:12.73260 UTC
3664,00:12:12.73280 UTC
3665,00:12:13.73300 UTC
3666,00:12:13.73320 UTC
3667,00:12:13.73340 UTC
3668,00:12:13.73360 UTC
3669,00:12:13.73380 UTC
3670,00:12:14.73400 UTC
3671,00:12:14.73420 UTC
3672,00:12:14.73440 UTC
3673,00:12:14.73460 UTC
3674,00:12:14.73480 UTC
3675,00:12:15.73500 UTC
3676,00:12:15.73520 UTC
3677,00:12:15.73540 UTC
3678,00:12:15.73560 UTC
3679,00:12:15.73580 UTC
3680,00:12:16.73600 UTC
3681,00:12:16.73620 UTC
3682,00:12:16.73640 UTC
3683,00:12:16.73660 UTC
3684,00:12:16.73680 UTC
3685,00:12:17.73700 UTC
3686,00:12:17.73720 UTC
3687,00:12:17.73740 UTC
3688,00:12:17.73760 UTC
3689,00:12:17.73780 UTC
3690,00:12:18.73800 UTC
3691,00:12:18.73820 UTC
3692,00:12:18.73840 UTC
3693,00:12:18.73860 UTC
3694,00:12:18.73880 UTC
3695,00:12:19.73900 UTC
3696,00:12:19.73920 UTC
3697,00:12:19.73940 UTC
3698,00:12:19.73960 UTC
3699,00:12:19.73980 UTC
3700,00:12:20.74000 UTC
3701,00:12:20.74020 UTC
3702,00:12:20.74040 UTC
3703,00:12:20.74060 UTC
3704,00:12:20.74080 UTC
3705,00:12:21.74100 UTC
3706,00:12:21.74120 UTC
3707,00:12:21.74140 UTC
3708,00:12:21.74160 UTC
3709,00:12:21.74180 UTC
3710,00:12:22.74200 UTC
3711,00:12:22.74220 UTC
3712,00:12:22.74240 UTC
3713,00:12:22.74260 UTC
3714,00:12:22.74280 UTC
3715,00:12:23.74300 UTC
3716,00:12:23.74320 UTC
3717,00:12:23.74340 UTC
3718,00:12:23.74360 UTC
3719,00:12:23.74380 UTC
3720,00:12:24.74400 UTC
3721,00:12:24.74420 UTC
3722,00:12:24.74440 UTC
3723,00:12:24.74460 UTC
3724,00:12:24.74480 UTC
3725,00:12:25.74500 UTC
3726,00:12:25.74520 UTC
3727,00:12:25.74540 UTC
3728,00:12:25.74560 UTC
3729,00:12:25.74580 UTC
3730,00:12:26.74600 UTC
3731,00:12:26.74620 UTC
3732,00:12:26.74640 UTC
3733,00:12:26.74660 UTC
3734,00:12:26.74680 UTC
3735,00:12:27.74700 UTC
3736,00:12:27.74720 UTC
3737,00:12:27.74740 UTC
3738,00:12:27.74760 UTC
3739,00:12:27.74780 UTC
3740,00:12:28.74800 UTC
3741,00:12:28.74820 UTC
3742,00:12:28.74840 UTC
3743,00:12:28.74860 UTC
3744,00:12:28.74880 UTC
3745,00:12:29.74900 UTC
3746,00:12:29.74920 UTC
3747,00:12:29.74940 UTC
3748,00:12:29.74960 UTC
3749,00:12:29.74980 UTC
3750,00:12:30.75000 UTC
3751,00:12:30.75020 UTC
3752,00:12:30.75040 UTC
3753,00:12:30.75060 UTC
3754,00:12:30.75080 UTC
3755,00:12:31.75100 UTC
3756,00:12:31.75120 UTC
3757,00:12:31.75140 UTC
3758,00:12:31.75160 UTC
3759,00:12:31.75180 UTC
3760,00:12:32.75200 UTC
3761,00:12:32.75220 UTC
3762,00:12:32.75240 UTC
3763,00:12:32.75260 UTC
3764,00:12:32.75280 UTC
3765,00:12:33.75300 UTC
3766,00:12:33.75320 UTC
3767,00:12:33.75340 UTC
3768,00:12:33.75360 UTC
3769,00:12:33.75380 UTC
3770,00:12:34.75400 UTC
3771,00:12:34.75420 UTC
3772,00:12:34.75440 UTC
3773,00:12:34.75460 UTC
3774,00:12:34.75480 UTC
3775,00:12:35.75500 UTC
3776,00:12:35.75520 UTC
3777,00:12:35.75540 UTC
3778,00:12:35.75560 UTC
3779,00:12:35.75580 UTC
3780,00:12:36.75600 UTC
3781,00:12:36.75620 UTC
3782,00:12:36.75640 UTC
3783,00:12:36.75660 UTC
3784,00:12:36.75680 UTC
3785,00:12:37.75700 UTC
3786,00:12:37.75720 UTC
3787,00:12:37.75740 UTC
3788,00:12:37.75760 UTC
3789,00:12:37.75780 UTC
3790,00:12:38.75800 UTC
3791,00:12:38.75820 UTC
3792,00:12:38.75840 UTC
3793,00:12:38.75860 UTC
3794,00:12:38.75880 UTC
3795,00:12:39.75900 UTC
3796,00:12:39.75920 UTC
3797,00:12:39.75940 UTC
3798,00:12:39.75960 UTC
3799,00:12:39.75980 UTC
3800,00:12:40.76000 UTC
3801,00:12:40.76020 UTC
3802,00:12:40.76040 UTC
3803,00:12:40.76060 UTC
3804,00:12:40.76080 UTC
3805,00:12:41.76100 UTC
3806,00:12:41.76120 UTC
3807,00:12:41.76140 UTC
3808,00:12:41.76160 UTC
3809,00:12:41.76180 UTC
3810,00:12:42.76200 UTC
3811,00:12:42.76220 UTC
3812,00:12:42.76240 UTC
3813,00:12:42.76260 UTC
3814,00:12:42.76280 UTC
3815,00:12:43.76300 UTC
3816,00:12:43.76320 UTC
3817,00:12:43.76340 UTC
3818,00:12:43.76360 UTC
3819,00:12:43.76380 UTC
3820,00:12:44.76400 UTC
3821,00:12:44.76420 UTC
3822,00:12:44.76440 UTC
3823,00:12:44.76460 UTC
3824,00:12:44.76480 UTC
3825,00:12:45.76500 UTC
3826,00:12:45.76520 UTC
3827,00:12:45.76540 UTC
3828,00:12:45.76560 UTC
3829,00:12:45.76580 UTC
3830,00:12:46.76600 UTC
3831,00:12:46.76620 UTC
3832,00:12:46.76640 UTC
3833,00:12:46.76660 UTC
3834,00:12:46.76680 UTC
3835,00:12:47.76700 UTC
3836,00:12:47.76720 UTC
3837,00:12:47.76740 UTC
3838,00:12:47.76760 UTC
3839,00:12:47.76780 UTC
3840,00:12:48.76800 UTC
3841,00:12:48.76820 UTC
3842,00:12:48.76840 UTC
3843,00:12:48.76860 UTC
3844,00:12:48.76880 UTC
3845,00:12:49.76900 UTC
3846,00:12:49.76920 UTC
3847,00:12:49.76940 UTC
3848,00:12:49.76960 UTC
3849,00:12:49.76980 UTC
3850,00:12:50.77000 UTC
3851,00:12:50.77020 UTC
3852,00:12:50.77040 UTC
3853,00:12:50.77060 UTC
3854,00:12:50.77080 UTC
3855,00:12:51.77100 UTC
3856,00:12:51.77120 UTC
3857,00:12:51.77140 UTC
3858,00:12:51.77160 UTC
3859,00:12:51.77180 UTC
3860,00:12:52.77200 UTC
3861,00:12:52.77220 UTC
3862,00:12:52.77240 UTC
3863,00:12:52.77260 UTC
3864,00:12:52.77280 UTC
3865,00:12:53.77300 UTC
3866,00:12:53.77320 UTC
3867,00:12:53.77340 UTC
3868,00:12:53.77360 UTC
3869,00:12:53.77380 UTC
3870,00:12:54.77400 UTC
3871,00:12:54.77420 UTC
3872,00:12:54.77440 UTC
3873,00:12:54.77460 UTC
3874,00:12:54.77480 UTC
3875,00:12:55.77500 UTC
3876,00:12:55.77520 UTC
3877,00:12:55.77540 UTC
3878,00:12:55.77560 UTC
3879,00:12:55.77580 UTC
3880,00:12:56.77600 UTC
3881,00:12:56.77620 UTC
3882,00:12:56.77640 UTC
3883,00:12:56.77660 UTC
3884,00:12:56.77680 UTC
3885,00:12:57.77700 UTC
3886,00:12:57.77720 UTC
3887,00:12:57.77740 UTC
3888,00:12:57.77760 UTC
3889,00:12:57.77780 UTC
3890,00:12:58.77800 UTC
3891,00:12:58.77820 UTC
3892,00:12:58.77840 UTC
3893,00:12:58.77860 UTC
3894,00:12:58.77880 UTC
3895,00:12:59.77900 UTC
3896,00:12:59.77920 UTC
3897,00:12:59.77940 UTC
3898,00:12:59.77960 UTC
3899,00:12:59.77980 UTC
3900,00:13:00.78000 UTC
3901,00:13:00.78020 UTC
3902,00:13:00.78040 UTC
3903,00:13:00.78060 UTC
3904,00:13:00.78080 UTC
3905,00:13:01.78100 UTC
3906,00:13:01.78120 UTC
3907,00:13:01.78140 UTC
3908,00:13:01.78160 UTC
3909,00:13:01.78180 UTC
3910,00:13:02.78200 UTC
3911,00:13:02.78220 UTC
3912,00:13:02.78240 UTC
3913,00:13:02.78260 UTC
3914,00:13:02.78280 UTC
3915,00:13:03.78300 UTC
3916,00:13:03.78320 UTC
3917,00:13:03.78340 UTC
3918,00:13:03.78360 UTC
3919,00:13:03.78380 UTC
3920,00:13:04.78400 UTC
3921,00:13:04.78420 UTC
3922,00:13:04.78440 UTC
3923,00:13:04.78460 UTC
3924,00:13:04.78480 UTC
3925,00:13:05.78500 UTC
3926,00:13:05.78520 UTC
3927,00:13:05.78540 UTC
3928,00:13:05.78560 UTC
3929,00:13:05.78580 UTC
3930,00:13:06.78600 UTC
3931,00:13:06.78620 UTC
3932,00:13:06.78640 UTC
3933,00:13:06.78660 UTC
3934,00:13:06.78680 UTC
3935,00:13:07.78700 UTC
3936,00:13:07.78720 UTC
3937,00:13:07.78740 UTC
3938,00:13:07.78760 UTC
3939,00:13:07.78780 UTC
3940,00:13:08.78800 UTC
3941,00:13:08.78820 UTC
3942,00:13:08.78840 UTC
3943,00:13:08.78860 UTC
3944,00:13:08.78880 UTC
3945,00:13:09.78900 UTC
3946,00:13:09.78920 UTC
3947,00:13:09.78940 UTC
3948,00:13:09.78960 UTC
3949,00:13:09.78980 UTC
3950,00:13:10.79000 UTC
3951,00:13:10.79020 UTC
3952,00:13:10.79040 UTC
3953,00:13:10.79060 UTC
3954,00:13:10.79080 UTC
3955,00:13:11.79100 UTC
3956,00:13:11.79120 UTC
3957,00:13:11.79140 UTC
3958,00:13:11.79160 UTC
3959,00:13:11.79180 UTC
3960,00:13:12.79200 UTC
3961,00:13:12.79220 UTC
3962,00:13:12.79240 UTC
3963,00:13:12.79260 UTC
3964,00:13:12.79280 UTC
3965,00:13:13.79300 UTC
3966,00:13:13.79320 UTC
3967,00:13:13.79340 UTC
3968,00:13:13.79360 UTC
3969,00:13:13.79380 UTC
3970,00:13:14.79400 UTC
3971,00:13:14.79420 UTC
3972,00:13:14.79440 UTC
3973,00:13:14.79460 UTC
3974,00:13:14.79480 UTC
3975,00:13:15.79500 UTC
3976,00:13:15.79520 UTC
3977,00:13:15.79540 UTC
3978,00:13:15.79560 UTC
3979,00:13:15.79580 UTC
3980,00:13:16.79600 UTC
3981,00:13:16.79620 UTC
3982,00:13:16.79640 UTC
3983,00:13:16.79660 UTC
3984,00:13:16.79680 UTC
3985,00:13:17.79700 UTC
3986,00:13:17.79720 UTC
3987,00:13:17.79740 UTC
3988,00:13:17.79760 UTC
3989,00:13:17.79780 UTC
3990,00:13:18.79800 UTC
3991,00:13:18.79820 UTC
3992,00:13:18.79840 UTC
3993,00:13:18.79860 UTC
3994,00:13:18.79880 UTC
3995,00:13:19.79900 UTC
3996,00:13:19.79920 UTC
3997,00:13:19.79940 UTC
3998,00:13:19.79960 UTC
3999,00:13:19.79980 UTC
4000,00:13:20.80000 UTC
4001,00:13:20.80020 UTC
4002,00:13:20.80040 UTC
4003,00:13:20.80060 UTC
4004,00:13:20.80080 UTC
4005,00:13:21.80100 UTC
4006,00:13:21.80120 UTC
4007,00:13:21.80140 UTC
4008,00:13:21.80160 UTC
4009,00:13:21.80180 UTC
4010,00:13:22.80200 UTC
4011,00:13:22.80220 UTC
4012,00:13:22.80240 UTC
4013,00:13:22.80260 UTC
4014,00:13:22.80280 UTC
4015,00:13:23.80300 UTC
4016,00:13:23.80320 UTC
4017,00:13:23.80340 UTC
4018,00:13:23.80360 UTC
4019,00:13:23.80380 UTC
4020,00:13:24.80400 UTC
4021,00:13:24.80420 UTC
4022,00:13:24.80440 UTC
4023,00:13:24.80460 UTC
4024,00:13:24.80480 UTC
4025,00:13:25.80500 UTC
4026,00:13:25.80520 UTC
4027,00:13:25.80540 UTC
4028,00:13:25.80560 UTC
4029,00:13:25.80580 UTC
4030,00:13:26.80600 UTC
4031,00:13:26.80620 UTC
4032,00:13:26.80640 UTC
4033,00:13:26.80660 UTC
4034,00:13:26.80680 UTC
4035,00:13:27.80700 UTC
4036,00:13:27.80720 UTC
4037,00:13:27.80740 UTC
4038,00:13:27.80760 UTC
4039,00:13:27.80780 UTC
4040,00:13:28.80800 UTC
4041,00:13:28.80820 UTC
4042,00:13:28.80840 UTC
4043,00:13:28.80860 UTC
4044,00:13:28.80880 UTC
4045,00:13:29.80900 UTC
4046,00:13:29.80920 UTC
4047,00:13:29.80940 UTC
4048,00:13:29.80960 UTC
4049,00:13:29.80980 UTC
4050,00:13:30.81000 UTC
4051,00:13:30.81020 UTC
4052,00:13:30.81040 UTC
4053,00:13:30.81060 UTC
4054,00:13:30.81080 UTC
4055,00:13:31.81100 UTC
4056,00:13:31.81120 UTC
4057,00:13:31.81140 UTC
4058,00:13:31.81160 UTC
4059,00:13:31.81180 UTC
4060,00:13:32.81200 UTC
4061,00:13:32.81220 UTC
4062,00:13:32.81240 UTC
4063,00:13:32.81260 UTC
4064,00:13:32.81280 UTC
4065,00:13:33.81300 UTC
4066,00:13:33.81320 UTC
4067,00:13:33.81340 UTC
4068,00:13:33.81360 UTC
4069,00:13:33.81380 UTC
4070,00:13:34.81400 UTC
4071,00:13:34.81420 UTC
4072,00:13:34.81440 UTC
4073,00:13:34.81460 UTC
4074,00:13:34.81480 UTC
4075,00:13:35.81500 UTC
4076,00:13:35.81520 UTC
4077,00:13:35.81540 UTC
4078,00:13:35.81560 UTC
4079,00:13:35.81580 UTC
4080,00:13:36.81600 UTC
4081,00:13:36.81620 UTC
4082,00:13:36.81640 UTC
4083,00:13:36.81660 UTC
4084,00:13:36.81680 UTC
4085,00:13:37.81700 UTC
4086,00:13:37.81720 UTC
4087,00:13:37.81740 UTC
4088,00:13:37.81760 UTC
4089,00:13:37.81780 UTC
4090,00:13:38.81800 UTC
4091,00:13:38.81820 UTC
4092,00:13:38.81840 UTC
4093,00:13:38.81860 UTC
4094,00:13:38.81880 UTC
4095,00:13:39.81900 UTC
4096,00:13:39.81920 UTC
4097,00:13:39.81940 UTC
4098,00:13:39.81960 UTC
4099,00:13:39.81980 UTC
4100,00:13:40.82000 UTC
4101,00:13:40.82020 UTC
4102,00:13:40.82040 UTC
4103,00:13:40.82060 UTC
4104,00:13:40.82080 UTC
4105,00:13:41.82100 UTC
4106,00:13:41.82120 UTC
4107,00:13:41.82140 UTC
4108,00:13:41.82160 UTC
4109,00:13:41.82180 UTC
4110,00:13:42.82200 UTC
4111,00:13:42.82220 UTC
4112,00:13:42.82240 UTC
4113,00:13:42.82260 UTC
4114,00:13:42.82280 UTC
4115,00:13:43.82300 UTC
4116,00:13:43.82320 UTC
4117,00:13:43.82340 UTC
4118,00:13:43.82360 UTC
4119,00:13:43.82380 UTC
4120,00:13:44.82400 UTC
4121,00:13:44.82420 UTC
4122,00:13:44.82440 UTC
4123,00:13:44.82460 UTC
4124,00:13:44.82480 UTC
4125,00:13:45.82500 UTC
4126,00:13:45.82520 UTC
4127,00:13:45.82540 UTC
4128,00:13:45.82560 UTC
4129,00:13:45.82580 UTC
4130,00:13:46.82600 UTC
4131,00:13:46.82620 UTC
4132,00:13:46.82640 UTC
4133,00:13:46.82660 UTC
4134,00:13:46.82680 UTC
4135,00:13:47.82700 UTC
4136,00:13:47.82720 UTC
4137,00:13:47.82740 UTC
4138,00:13:47.82760 UTC
4139,00:13:47.82780 UTC
4140,00:13:48.82800 UTC
4141,00:13:48.82820 UTC
4142,00:13:48.82840 UTC
4143,00:13:48.82860 UTC
4144,00:13:48.82880 UTC
4145,00:13:49.82900 UTC
4146,00:13:49.82920 UTC
4147,00:13:49.82940 UTC
4148,00:13:49.82960 UTC
4149,00:13:49.82980 UTC
4150,00:13:50.83000 UTC
4151,00:13:50.83020 UTC
4152,00:13:50.83040 UTC
4153,00:13:50.83060 UTC
4154,00:13:50.83080 UTC
4155,00:13:51.83100 UTC
4156,00:13:51.83120 UTC
4157,00:13:51.83140 UTC
4158,00:13:51.83160 UTC
4159,00:13:51.83180 UTC
4160,00:13:52.83200 UTC
4161,00:13:52.83220 UTC
4162,00:13:52.83240 UTC
4163,00:13:52.83260 UTC
4164,00:13:52.83280 UTC
4165,00:13:53.83300 UTC
4166,00:13:53.83320 UTC
4167,00:13:53.83340 UTC
4168,00:13:53.83360 UTC
4169,00:13:53.83380 UTC
4170,00:13:54.83400 UTC
4171,00:13:54.83420 UTC
4172,00:13:54.83440 UTC
4173,00:13:54.83460 UTC
4174,00:13:54.83480 UTC
4175,00:13:55.83500 UTC
4176,00:13:55.83520 UTC
4177,00:13:55.83540 UTC
4178,00:13:55.83560 UTC
4179,00:13:55.83580 UTC
4180,00:13:56.83600 UTC
4181,00:13:56.83620 UTC
4182,00:13:56.83640 UTC
4183,00:13:56.83660 UTC
4184,00:13:56.83680 UTC
4185,00:13:57.83700 UTC
4186,00:13:57.83720 UTC
4187,00:13:57.83740 UTC
4188,00:13:57.83760 UTC
4189,00:13:57.83780 UTC
4190,00:13:58.83800 UTC
4191,00:13:58.83820 UTC
4192,00:13:58.83840 UTC
4193,00:13:58.83860 UTC
4194,00:13:58.83880 UTC
4195,00:13:59.83900 UTC
4196,00:13:59.83920 UTC
4197,00:13:59.83940 UTC
4198,00:13:59.83960 UTC
4199,00:13:59.83980 UTC
4200,00:14:00.84000 UTC
4201,00:14:00.84020 UTC
4202,00:14:00.84040 UTC
4203,00:14:00.84060 UTC
4204,00:14:00.84080 UTC
4205,00:14:01.84100 UTC
4206,00:14:01.84120 UTC
4207,00:14:01.84140 UTC
4208,00:14:01.84160 UTC
4209,00:14:01.84180 UTC
4210,00:14:02.84200 UTC
4211,00:14:02.84220 UTC
4212,00:14:02.84240 UTC
4213,00:14:02.84260 UTC
4214,00:14:02.84280 UTC
4215,00:14:03.84300 UTC
4216,00:14:03.84320 UTC
4217,00:14:03.84340 UTC
4218,00:14:03.84360 UTC
4219,00:14:03.84380 UTC
4220,00:14:04.84400 UTC
4221,00:14:04.84420 UTC
4222,00:14:04.84440 UTC
4223,00:14:04.84460 UTC
4224,00:14:04.84480 UTC
4225,00:14:05.84500 UTC
4226,00:14:05.84520 UTC
4227,00:14:05.84540 UTC
4228,00:14:05.84560 UTC
4229,00:14:05.84580 UTC
4230,00:14:06.84600 UTC
4231,00:14:06.84620 UTC
4232,00:14:06.84640 UTC
4233,00:14:06.84660 UTC
4234,00:14:06.84680 UTC
4235,00:14:07.84700 UTC
4236,00:14:07.84720 UTC
4237,00:14:07.84740 UTC
4238,00:14:07.84760 UTC
4239,00:14:07.84780 UTC
4240,00:14:08.84800 UTC
4241,00:14:08.84820 UTC
4242,00:14:08.84840 UTC
4243,00:14:08.84860 UTC
4244,00:14:08.84880 UTC
4245,00:14:09.84900 UTC
4246,00:14:09.84920 UTC
4247,00:14:09.84940 UTC
4248,00:14:09.84960 UTC
4249,00:14:09.84980 UTC
4250,00:14:10.85000 UTC
4251,00:14:10.85020 UTC
4252,00:14:10.85040 UTC
4253,00:14:10.85060 UTC
4254,00:14:10.85080 UTC
4255,00:14:11.85100 UTC
4256,00:14:11.85120 UTC
4257,00:14:11.85140 UTC
4258,00:14:11.85160 UTC
4259,00:14:11.85180 UTC
4260,00:14:12.85200 UTC
4261,00:14:12.85220 UTC
4262,00:14:12.85240 UTC
4263,00:14:12.85260 UTC
4264,00:14:12.85280 UTC
4265,00:14:13.85300 UTC
4266,00:14:13.85320 UTC
4267,00:14:13.85340 UTC
4268,00:14:13.85360 UTC
4269,00:14:13.85380 UTC
4270,00:14:14.85400 UTC
4271,00:14:14.85420 UTC
4272,00:14:14.85440 UTC
4273,00:14:14.85460 UTC
4274,00:14:14.85480 UTC
4275,00:14:15.85500 UTC
4276,00:14:15.85520 UTC
4277,00:14:15.85540 UTC
4278,00:14:15.85560 UTC
4279,00:14:15.85580 UTC
4280,00:14:16.85600 UTC
4281,00:14:16.85620 UTC
4282,00:14:16.85640 UTC
4283,00:14:16.85660 UTC
4284,00:14:16.85680 UTC
4285,00:14:17.85700 UTC
4286,00:14:17.85720 UTC
4287,00:14:17.85740 UTC
4288,00:14:17.85760 UTC
4289,00:14:17.85780 UTC
4290,00:14:18.85800 UTC
4291,00:14:18.85820 UTC
4292,00:14:18.85840 UTC
4293,00:14:18.85860 UTC
4294,00:14:18.85880 UTC
4295,00:14:19.85900 UTC
4296,00:14:19.85920 UTC
4297,00:14:19.85940 UTC
4298,00:14:19.85960 UTC
4299,00:14:19.85980 UTC
4300,00:14:20.86000 UTC
4301,00:14:20.86020 UTC
4302,00:14:20.86040 UTC
4303,00:14:20.86060 UTC
4304,00:14:20.86080 UTC
4305,00:14:21.86100 UTC
4306,00:14:21.86120 UTC
4307,00:14:21.86140 UTC
4308,00:14:21.86160 UTC
4309,00:14:21.86180 UTC
4310,00:14:22.86200 UTC
4311,00:14:22.86220 UTC
4312,00:14:22.86240 UTC
4313,00:14:22.86260 UTC
4314,00:14:22.86280 UTC
4315,00:14:23.86300 UTC
4316,00:14:23.86320 UTC
4317,00:14:23.86340 UTC
4318,00:14:23.86360 UTC
4319,00:14:23.86380 UTC
4320,00:14:24.86400 UTC
4321,00:14:24.86420 UTC
4322,00:14:24.86440 UTC
4323,00:14:24.86460 UTC
4324,00:14:24.86480 UTC
4325,00:14:25.86500 UTC
4326,00:14:25.86520 UTC
4327,00:14:25.86540 UTC
4328,00:14:25.86560 UTC
4329,00:14:25.86580 UTC
4330,00:14:26.86600 UTC
4331,00:14:26.86620 UTC
4332,00:14:26.86640 UTC
4333,00:14:26.86660 UTC
4334,00:14:26.86680 UTC
4335,00:14:27.86700 UTC
4336,00:14:27.86720 UTC
4337,00:14:27.86740 UTC
4338,00:14:27.86760 UTC
4339,00:14:27.86780 UTC
4340,00:14:28.86800 UTC
4341,00:14:28.86820 UTC
4342,00:14:28.86840 UTC
4343,00:14:28.86860 UTC
4344,00:14:28.86880 UTC
4345,00:14:29.86900 UTC
4346,00:14:29.86920 UTC
4347,00:14:29.86940 UTC
4348,00:14:29.86960 UTC
4349,00:14:29.86980 UTC
4350,00:14:30.87000 UTC
4351,00:14:30.87020 UTC
4352,00:14:30.87040 UTC
4353,00:14:30.87060 UTC
4354,00:14:30.87080 UTC
4355,00:14:31.87100 UTC
4356,00:14:31.87120 UTC
4357,00:14:31.87140 UTC
4358,00:14:31.87160 UTC
4359,00:14:31.87180 UTC
4360,00:14:32.87200 UTC
4361,00:14:32.87220 UTC
4362,00:14:32.87240 UTC
4363,00:14:32.87260 UTC
4364,00:14:32.87280 UTC
4365,00:14:33.87300 UTC
4366,00:14:33.87320 UTC
4367,00:14:33.87340 UTC
4368,00:14:33.87360 UTC
4369,00:14:33.87380 UTC
4370,00:14:34.87400 UTC
4371,00:14:34.87420 UTC
4372,00:14:34.87440 UTC
4373,00:14:34.87460 UTC
4374,00:14:34.87480 UTC
4375,00:14:35.87500 UTC
4376,00:14:35.87520 UTC
4377,00:14:35.87540 UTC
4378,00:14:35.87560 UTC
4379,00:14:35.87580 UTC
4380,00:14:36.87600 UTC
4381,00:14:36.87620 UTC
4382,00:14:36.87640 UTC
4383,00:14:36.87660 UTC
4384,00:14:36.87680 UTC
4385,00:14:37.87700 UTC
4386,00:14:37.87720 UTC
4387,00:14:37.87740 UTC
4388,00:14:37.87760 UTC
4389,00:14:37.87780 UTC
4390,00:14:38.87800 UTC
4391,00:14:38.87820 UTC
4392,00:14:38.87840 UTC
4393,00:14:38.87860 UTC
4394,00:14:38.87880 UTC
4395,00:14:39.87900 UTC
4396,00:14:39.87920 UTC
4397,00:14:39.87940 UTC
4398,00:14:39.87960 UTC
4399,00:14:39.87980 UTC
4400,00:14:40.88000 UTC
4401,00:14:40.88020 UTC
4402,00:14:40.88040 UTC
4403,00:14:40.88060 UTC
4404,00:14:40.88080 UTC
4405,00:14:41.88100 UTC
4406,00:14:41.88120 UTC
4407,00:14:41.88140 UTC
4408,00:14:41.88160 UTC
4409,00:14:41.88180 UTC
4410,00:14:42.88200 UTC
4411,00:14:42.88220 UTC
4412,00:14:42.88240 UTC
4413,00:14:42.88260 UTC
4414,00:14:42.88280 UTC
4415,00:14:43.88300 UTC
4416,00:14:43.88320 UTC
4417,00:14:43.88340 UTC
4418,00:14:43.88360 UTC
4419,00:14:43.88380 UTC
4420,00:14:44.88400 UTC
4421,00:14:44.88420 UTC
4422,00:14:44.88440 UTC
4423,00:14:44.88460 UTC
4424,00:14:44.88480 UTC
4425,00:14:45.88500 UTC
4426,00:14:45.88520 UTC
4427,00:14:45.88540 UTC
4428,00:14:45.88560 UTC
4429,00:14:45.88580 UTC
4430,00:14:46.88600 UTC
4431,00:14:46.88620 UTC
4432,00:14:46.88640 UTC
4433,00:14:46.88660 UTC
4434,00:14:46.88680 UTC
4435,00:14:47.88700 UTC
4436,00:14:47.88720 UTC
4437,00:14:47.88740 UTC
4438,00:14:47.88760 UTC
4439,00:14:47.88780 UTC
4440,00:14:48.88800 UTC
4441,00:14:48.88820 UTC
4442,00:14:48.88840 UTC
4443,00:14:48.88860 UTC
4444,00:14:48.88880 UTC
4445,00:14:49.88900 UTC
4446,00:14:49.88920 UTC
4447,00:14:49.88940 UTC
4448,00:14:49.88960 UTC
4449,00:14:49.88980 UTC
4450,00:14:50.89000 UTC
4451,00:14:50.89020 UTC
4452,00:14:50.89040 UTC
4453,00:14:50.89060 UTC
4454,00:14:50.89080 UTC
4455,00:14:51.89100 UTC
4456,00:14:51.89120 UTC
4457,00:14:51.89140 UTC
4458,00:14:51.89160 UTC
4459,00:14:51.89180 UTC
4460,00:14:52.89200 UTC
4461,00:14:52.89220 UTC
4462,00:14:52.89240 UTC
4463,00:14:52.89260 UTC
4464,00:14:52.89280 UTC
4465,00:14:53.89300 UTC
4466,00:14:53.89320 UTC
4467,00:14:53.89340 UTC
4468,00:14:53.89360 UTC
4469,00:14:53.89380 UTC
4470,00:14:54.89400 UTC
4471,00:14:54.89420 UTC
4472,00:14:54.89440 UTC
4473,00:14:54.89460 UTC
4474,00:14:54.89480 UTC
4475,00:14:55.89500 UTC
4476,00:14:55.89520 UTC
4477,00:14:55.89540 UTC
4478,00:14:55.89560 UTC
4479,00:14:55.89580 UTC
4480,00:14:56.89600 UTC
4481,00:14:56.89620 UTC
4482,00:14:56.89640 UTC
4483,00:14:56.89660 UTC
4484,00:14:56.89680 UTC
4485,00:14:57.89700 UTC
4486,00:14:57.89720 UTC
4487,00:14:57.89740 UTC
4488,00:14:57.89760 UTC
4489,00:14:57.89780 UTC
4490,00:14:58.89800 UTC
4491,00:14:58.89820 UTC
4492,00:14:58.89840 UTC
4493,00:14:58.89860 UTC
4494,00:14:58.89880 UTC
4495,00:14:59.89900 UTC
4496,00:14:59.89920 UTC
4497,00:14:59.89940 UTC
4498,00:14:59.89960 UTC
4499,00:14:59.89980 UTC
4500,00:15:00.90000 UTC
4501,00:15:00.90020 UTC
4502,00:15:00.90040 UTC
4503,00:15:00.90060 UTC
4504,00:15:00.90080 UTC
4505,00:15:01.90100 UTC
4506,00:15:01.90120 UTC
4507,00:15:01.90140 UTC
4508,00:15:01.90160 UTC
4509,00:15:01.90180 UTC
4510,00:15:02.90200 UTC
4511,00:15:02.90220 UTC
4512,00:15:02.90240 UTC
4513,00:15:02.90260 UTC
4514,00:15:02.90280 UTC
4515,00:15:03.90300 UTC
4516,00:15:03.90320 UTC
4517,00:15:03.90340 UTC
4518,00:15:03.90360 UTC
4519,00:15:03.90380 UTC
4520,00:15:04.90400 UTC
4521,00:15:04.90420 UTC
4522,00:15:04.90440 UTC
4523,00:15:04.90460 UTC
4524,00:15:04.90480 UTC
4525,00:15:05.90500 UTC
4526,00:15:05.90520 UTC
4527,00:15:05.90540 UTC
4528,00:15:05.90560 UTC
4529,00:15:05.90580 UTC
4530,00:15:06.90600 UTC
4531,00:15:06.90620 UTC
4532,00:15:06.90640 UTC
4533,00:15:06.90660 UTC
4534,00:15:06.90680 UTC
4535,00:15:07.90700 UTC
4536,00:15:07.90720 UTC
4537,00:15:07.90740 UTC
4538,00:15:07.90760 UTC
4539,00:15:07.90780 UTC
4540,00:15:08.90800 UTC
4541,00:15:08.90820 UTC
4542,00:15:08.90840 UTC
4543,00:15:08.90860 UTC
4544,00:15:08.90880 UTC
4545,00:15:09.90900 UTC
4546,00:15:09.90920 UTC
4547,00:15:09.90940 UTC
4548,00:15:09.90960 UTC
4549,00:15:09.90980 UTC
4550,00:15:10.91000 UTC
4551,00:15:10.91020 UTC
4552,00:15:10.91040 UTC
4553,00:15:10.91060 UTC
4554,00:15:10.91080 UTC
4555,00:15:11.91100 UTC
4556,00:15:11.91120 UTC
4557,00:15:11.91140 UTC
4558,00:15:11.91160 UTC
4559,00:15:11.91180 UTC
4560,00:15:12.91200 UTC
4561,00:15:12.91220 UTC
4562,00:15:12.91240 UTC
4563,00:15:12.91260 UTC
4564,00:15:12.91280 UTC
4565,00:15:13.91300 UTC
4566,00:15:13.91320 UTC
4567,00:15:13.91340 UTC
4568,00:15:13.91360 UTC
4569,00:15:13.91380 UTC
4570,00:15:14.91400 UTC
4571,00:15:14.91420 UTC
4572,00:15:14.91440 UTC
4573,00:15:14.91460 UTC
4574,00:15:14.91480 UTC
4575,00:15:15.91500 UTC
4576,00:15:15.91520 UTC
4577,00:15:15.91540 UTC
4578,00:15:15.91560 UTC
4579,00:15:15.91580 UTC
4580,00:15:16.91600 UTC
4581,00:15:16.91620 UTC
4582,00:15:16.91640 UTC
4583,00:15:16.91660 UTC
4584,00:15:16.91680 UTC
4585,00:15:17.91700 UTC
4586,00:15:17.91720 UTC
4587,00:15:17.91740 UTC
4588,00:15:17.91760 UTC
4589,00:15:17.91780 UTC
4590,00:15:18.91800 UTC
4591,00:15:18.91820 UTC
4592,00:15:18.91840 UTC
4593,00:15:18.91860 UTC
4594,00:15:18.91880 UTC
4595,00:15:19.91900 UTC
4596,00:15:19.91920 UTC
4597,00:15:19.91940 UTC
4598,00:15:19.91960 UTC
4599,00:15:19.91980 UTC
4600,00:15:20.92000 UTC
4601,00:15:20.92020 UTC
4602,00:15:20.92040 UTC
4603,00:15:20.92060 UTC
4604,00:15:20.92080 UTC
4605,00:15:21.92100 UTC
4606,00:15:21.92120 UTC
4607,00:15:21.92140 UTC
4608,00:15:21.92160 UTC
4609,00:15:21.92180 UTC
4610,00:15:22.92200 UTC
4611,00:15:22.92220 UTC
4612,00:15:22.92240 UTC
4613,00:15:22.92260 UTC
4614,00:15:22.92280 UTC
4615,00:15:23.92300 UTC
4616,00:15:23.92320 UTC
4617,00:15:23.92340 UTC
4618,00:15:23.92360 UTC
4619,00:15:23.92380 UTC
4620,00:15:24.92400 UTC
4621,00:15:24.92420 UTC
4622,00:15:24.92440 UTC
4623,00:15:24.92460 UTC
4624,00:15:24.92480 UTC
4625,00:15:25.92500 UTC
4626,00:15:25.92520 UTC
4627,00:15:25.92540 UTC
4628,00:15:25.92560 UTC
4629,00:15:25.92580 UTC
4630,00:15:26.92600 UTC
4631,00:15:26.92620 UTC
4632,00:15:26.92640 UTC
4633,00:15:26.92660 UTC
4634,00:15:26.92680 UTC
4635,00:15:27.92700 UTC
4636,00:15:27.92720 UTC
4637,00:15:27.92740 UTC
4638,00:15:27.92760 UTC
4639,00:15:27.92780 UTC
4640,00:15:28.92800 UTC
4641,00:15:28.92820 UTC
4642,00:15:28.92840 UTC
4643,00:15:28.92860 UTC
4644,00:15:28.92880 UTC
4645,00:15:29.92900 UTC
4646,00:15:29.92920 UTC
4647,00:15:29.92940 UTC
4648,00:15:29.92960 UTC
4649,00:15:29.92980 UTC
4650,00:15:30.93000 UTC
4651,00:15:30.93020 UTC
4652,00:15:30.93040 UTC
4653,00:15:30.93060 UTC
4654,00:15:30.93080 UTC
4655,00:15:31.93100 UTC
4656,00:15:31.93120 UTC
4657,00:15:31.93140 UTC
4658,00:15:31.93160 UTC
4659,00:15:31.93180 UTC
4660,00:15:32.93200 UTC
4661,00:15:32.93220 UTC
4662,00:15:32.93240 UTC
4663,00:15:32.93260 UTC
4664,00:15:32.93280 UTC
4665,00:15:33.93300 UTC
4666,00:15:33.93320 UTC
4667,00:15:33.93340 UTC
4668,00:15:33.93360 UTC
4669,00:15:33.93380 UTC
4670,00:15:34.93400 UTC
4671,00:15:34.93420 UTC
4672,00:15:34.93440 UTC
4673,00:15:34.93460 UTC
4674,00:15:34.93480 UTC
4675,00:15:35.93500 UTC
4676,00:15:35.93520 UTC
4677,00:15:35.93540 UTC
4678,00:15:35.93560 UTC
4679,00:15:35.93580 UTC
4680,00:15:36.93600 UTC
4681,00:15:36.93620 UTC
4682,00:15:36.93640 UTC
4683,00:15:36.93660 UTC
4684,00:15:36.93680 UTC
4685,00:15:37.93700 UTC
4686,00:15:37.93720 UTC
4687,00:15:37.93740 UTC
4688,00:15:37.93760 UTC
4689,00:15:37.93780 UTC
4690,00:15:38.93800 UTC
4691,00:15:38.93820 UTC
4692,00:15:38.93840 UTC
4693,00:15:38.93860 UTC
4694,00:15:38.93880 UTC
4695,00:15:39.93900 UTC
4696,00:15:39.93920 UTC
4697,00:15:39.93940 UTC
4698,00:15:39.93960 UTC
4699,00:15:39.93980 UTC
4700,00:15:40.94000 UTC
4701,00:15:40.94020 UTC
4702,00:15:40.94040 UTC
4703,00:15:40.94060 UTC
4704,00:15:40.94080 UTC
4705,00:15:41.94100 UTC
4706,00:15:41.94120 UTC
4707,00:15:41.94140 UTC
4708,00:15:41.94160 UTC
4709,00:15:41.94180 UTC
4710,00:15:42.94200 UTC
4711,00:15:42.94220 UTC
4712,00:15:42.94240 UTC
4713,00:15:42.94260 UTC
4714,00:15:42.94280 UTC
4715,00:15:43.94300 UTC
4716,00:15:43.94320 UTC
4717,00:15:43.94340 UTC
4718,00:15:43.94360 UTC
4719,00:15:43.94380 UTC
4720,00:15:44.94400 UTC
4721,00:15:44.94420 UTC
4722,00:15:44.94440 UTC
4723,00:15:44.94460 UTC
4724,00:15:44.94480 UTC
4725,00:15:45.94500 UTC
4726,00:15:45.94520 UTC
4727,00:15:45.94540 UTC
4728,00:15:45.94560 UTC
4729,00:15:45.94580 UTC
4730,00:15:46.94600 UTC
4731,00:15:46.94620 UTC
4732,00:15:46.94640 UTC
4733,00:15:46.94660 UTC
4734,00:15:46.94680 UTC
4735,00:15:47.94700 UTC
4736,00:15:47.94720 UTC
4737,00:15:47.94740 UTC
4738,00:15:47.94760 UTC
4739,00:15:47.94780 UTC
4740,00:15:48.94800 UTC
4741,00:15:48.94820 UTC
4742,00:15:48.94840 UTC
4743,00:15:48.94860 UTC
4744,00:15:48.94880 UTC
4745,00:15:49.94900 UTC
4746,00:15:49.94920 UTC
4747,00:15:49.94940 UTC
4748,00:15:49.94960 UTC
4749,00:15:49.94980 UTC
4750,00:15:50.95000 UTC
4751,00:15:50.95020 UTC
4752,00:15:50.95040 UTC
4753,00:15:50.95060 UTC
4754,00:15:50.95080 UTC
4755,00:15:51.95100 UTC
4756,00:15:51.95120 UTC
4757,00:15:51.95140 UTC
4758,00:15:51.95160 UTC
4759,00:15:51.95180 UTC
4760,00:15:52.95200 UTC
4761,00:15:52.95220 UTC
4762,00:15:52.95240 UTC
4763,00:15:52.95260 UTC
4764,00:15:52.95280 UTC
4765,00:15:53.95300 UTC
4766,00:15:53.95320 UTC
4767,00:15:53.95340 UTC
4768,00:15:53.95360 UTC
4769,00:15:53.95380 UTC
4770,00:15:54.95400 UTC
4771,00:15:54.95420 UTC
4772,00:15:54.95440 UTC
4773,00:15:54.95460 UTC
4774,00:15:54.95480 UTC
4775,00:15:55.95500 UTC
4776,00:15:55.95520 UTC
4777,00:15:55.95540 UTC
4778,00:15:55.95560 UTC
4779,00:15:55.95580 UTC
4780,00:15:56.95600 UTC
4781,00:15:56.95620 UTC
4782,00:15:56.95640 UTC
4783,00:15:56.95660 UTC
4784,00:15:56.95680 UTC
4785,00:15:57.95700 UTC
4786,00:15:57.95720 UTC
4787,00:15:57.95740 UTC
4788,00:15:57.95760 UTC
4789,00:15:57.95780 UTC
4790,00:15:58.95800 UTC
4791,00:15:58.95820 UTC
4792,00:15:58.95840 UTC
4793,00:15:58.95860 UTC
4794,00:15:58.95880 UTC
4795,00:15:59.95900 UTC
4796,00:15:59.95920 UTC
4797,00:15:59.95940 UTC
4798,00:15:59.95960 UTC
4799,00:15:59.95980 UTC
4800,00:16:00.96000 UTC
4801,00:16:00.96020 UTC
4802,00:16:00.96040 UTC
4803,00:16:00.96060 UTC
4804,00:16:00.96080 UTC
4805,00:16:01.96100 UTC
4806,00:16:01.96120 UTC
4807,00:16:01.96140 UTC
4808,00:16:01.96160 UTC
4809,00:16:01.96180 UTC
4810,00:16:02.96200 UTC
4811,00:16:02.96220 UTC
4812,00:16:02.96240 UTC
4813,00:16:02.96260 UTC
4814,00:16:02.96280 UTC
4815,00:16:03.96300 UTC
4816,00:16:03.96320 UTC
4817,00:16:03.96340 UTC
4818,00:16:03.96360 UTC
4819,00:16:03.96380 UTC
4820,00:16:04.96400 UTC
4821,00:16:04.96420 UTC
4822,00:16:04.96440 UTC
4823,00:16:04.96460 UTC
4824,00:16:04.96480 UTC
4825,00:16:05.96500 UTC
4826,00:16:05.96520 UTC
4827,00:16:05.96540 UTC
4828,00:16:05.96560 UTC
4829,00:16:05.96580 UTC
4830,00:16:06.96600 UTC
4831,00:16:06.96620 UTC
4832,00:16:06.96640 UTC
4833,00:16:06.96660 UTC
4834,00:16:06.96680 UTC
4835,00:16:07.96700 UTC
4836,00:16:07.96720 UTC
4837,00:16:07.96740 UTC
4838,00:16:07.96760 UTC
4839,00:16:07.96780 UTC
4840,00:16:08.96800 UTC
4841,00:16:08.96820 UTC
4842,00:16:08.96840 UTC
4843,00:16:08.96860 UTC
4844,00:16:08.96880 UTC
4845,00:16:09.96900 UTC
4846,00:16:09.96920 UTC
4847,00:16:09.96940 UTC
4848,00:16:09.96960 UTC
4849,00:16:09.96980 UTC
4850,00:16:10.97000 UTC
4851,00:16:10.97020 UTC
4852,00:16:10.97040 UTC
4853,00:16:10.97060 UTC
4854,00:16:10.97080 UTC
4855,00:16:11.97100 UTC
4856,00:16:11.97120 UTC
4857,00:16:11.97140 UTC
4858,00:16:11.97160 UTC
4859,00:16:11.97180 UTC
4860,00:16:12.97200 UTC
4861,00:16:12.97220 UTC
4862,00:16:12.97240 UTC
4863,00:16:12.97260 UTC
4864,00:16:12.97280 UTC
4865,00:16:13.97300 UTC
4866,00:16:13.97320 UTC
4867,00:16:13.97340 UTC
4868,00:16:13.97360 UTC
4869,00:16:13.97380 UTC
4870,00:16:14.97400 UTC
4871,00:16:14.97420 UTC
4872,00:16:14.97440 UTC
4873,00:16:14.97460 UTC
4874,00:16:14.97480 UTC
4875,00:16:15.97500 UTC
4876,00:16:15.97520 UTC
4877,00:16:15.97540 UTC
4878,00:16:15.97560 UTC
4879,00:16:15.97580 UTC
4880,00:16:16.97600 UTC
4881,00:16:16.97620 UTC
4882,00:16:16.97640 UTC
4883,00:16:16.97660 UTC
4884,00:16:16.97680 UTC
4885,00:16:17.97700 UTC
4886,00:16:17.97720 UTC
4887,00:16:17.97740 UTC
4888,00:16:17.97760 UTC
4889,00:16:17.97780 UTC
4890,00:16:18.97800 UTC
4891,00:16:18.97820 UTC
4892,00:16:18.97840 UTC
4893,00:16:18.97860 UTC
4894,00:16:18.97880 UTC
4895,00:16:19.97900 UTC
4896,00:16:19.97920 UTC
4897,00:16:19.97940 UTC
4898,00:16:19.97960 UTC
4899,00:16:19.97980 UTC
4900,00:16:20.98000 UTC
4901,00:16:20.98020 UTC
4902,00:16:20.98040 UTC
4903,00:16:20.98060 UTC
4904,00:16:20.98080 UTC
4905,00:16:21.98100 UTC
4906,00:16:21.98120 UTC
4907,00:16:21.98140 UTC
4908,00:16:21.98160 UTC
4909,00:16:21.98180 UTC
4910,00:16:22.98200 UTC
4911,00:16:22.98220 UTC
4912,00:16:22.98240 UTC
4913,00:16:22.98260 UTC
4914,00:16:22.98280 UTC
4915,00:16:23.98300 UTC
4916,00:16:23.98320 UTC
4917,00:16:23.98340 UTC
4918,00:16:23.98360 UTC
4919,00:16:23.98380 UTC
4920,00:16:24.98400 UTC
4921,00:16:24.98420 UTC
4922,00:16:24.98440 UTC
4923,00:16:24.98460 UTC
4924,00:16:24.98480 UTC
4925,00:16:25.98500 UTC
4926,00:16:25.98520 UTC
4927,00:16:25.98540 UTC
4928,00:16:25.98560 UTC
4929,00:16:25.98580 UTC
4930,00:16:26.98600 UTC
4931,00:16:26.98620 UTC
4932,00:16:26.98640 UTC
4933,00:16:26.98660 UTC
4934,00:16:26.98680 UTC
4935,00:16:27.98700 UTC
4936,00:16:27.98720 UTC
4937,00:16:27.98740 UTC
4938,00:16:27.98760 UTC
4939,00:16:27.98780 UTC
4940,00:16:28.98800 UTC
4941,00:16:28.98820 UTC
4942,00:16:28.98840 UTC
4943,00:16:28.98860 UTC
4944,00:16:28.98880 UTC
4945,00:16:29.98900 UTC
4946,00:16:29.98920 UTC
4947,00:16:29.98940 UTC
4948,00:16:29.98960 UTC
4949,00:16:29.98980 UTC
4950,00:16:30.99000 UTC
4951,00:16:30.99020 UTC
4952,00:16:30.99040 UTC
4953,00:16:30.99060 UTC
4954,00:16:30.99080 UTC
4955,00:16:31.99100 UTC
4956,00:16:31.99120 UTC
4957,00:16:31.99140 UTC
4958,00:16:31.99160 UTC
4959,00:16:31.99180 UTC
4960,00:16:32.99200 UTC
4961,00:16:32.99220 UTC
4962,00:16:32.99240 UTC
4963,00:16:32.99260 UTC
4964,00:16:32.99280 UTC
4965,00:16:33.99300 UTC
4966,00:16:33.99320 UTC
4967,00:16:33.99340 UTC
4968,00:16:33.99360 UTC
4969,00:16:33.99380 UTC
4970,00:16:34.99400 UTC
4971,00:16:34.99420 UTC
4972,00:16:34.99440 UTC
4973,00:16:34.99460 UTC
4974,00:16:34.99480 UTC
4975,00:16:35.99500 UTC
4976,00:16:35.99520 UTC
4977,00:16:35.99540 UTC
4978,00:16:35.99560 UTC
4979,00:16:35.99580 UTC
4980,00:16:36.99600 UTC
4981,00:16:36.99620 UTC
4982,00:16:36.99640 UTC
4983,00:16:36.99660 UTC
4984,00:16:36.99680 UTC
4985,00:16:37.99700 UTC
4986,00:16:37.99720 UTC
4987,00:16:37.99740 UTC
4988,00:16:37.99760 UTC
4989,00:16:37.99780 UTC
4990,00:16:38.99800 UTC
4991,00:16:38.99820 UTC
4992,00:16:38.99840 UTC
4993,00:16:38.99860 UTC
4994,00:16:38.99880 UTC
4995,00:16:39.99900 UTC
4996,00:16:39.99920 UTC
4997,00:16:39.99940 UTC
4998,00:16:39.99960 UTC
4999,00:16:39.99980 UTC
5000,00:16:40.100000 UTC
5001,00:16:40.100020 UTC
5002,00:16:40.100040 UTC
5003,00:16:40.100060 UTC
5004,00:16:40.100080 UTC
5005,00:16:41.100100 UTC
5006,00:16:41.100120 UTC
5007,00:16:41.100140 UTC
5008,00:16:41.100160 UTC
5009,00:16:41.100180 UTC
5010,00:16:42.100200 UTC
5011,00:16:42.100220 UTC
5012,00:16:42.100240 UTC
5013,00:16:42.100260 UTC
5014,00:16:42.100280 UTC
5015,00:16:43.100300 UTC
5016,00:16:43.100320 UTC
5017,00:16:43.100340 UTC
5018,00:16:43.100360 UTC
5019,00:16:43.100380 UTC
5020,00:16:44.100400 UTC
5021,00:16:44.100420 UTC
5022,00:16:44.100440 UTC
5023,00:16:44.100460 UTC
5024,00:16:44.100480 UTC
5025,00:16:45.100500 UTC
5026,00:16:45.100520 UTC
5027,00:16:45.100540 UTC
5028,00:16:45.100560 UTC
5029,00:16:45.100580 UTC
5030,00:16:46.100600 UTC
5031,00:16:46.100620 UTC
5032,00:16:46.100640 UTC
5033,00:16:46.100660 UTC
5034,00:16:46.100680 UTC
5035,00:16:47.100700 UTC
5036,00:16:47.100720 UTC
5037,00:16:47.100740 UTC
5038,00:16:47.100760 UTC
5039,00:16:47.100780 UTC
5040,00:16:48.100800 UTC
5041,00:16:48.100820 UTC
5042,00:16:48.100840 UTC
5043,00:16:48.100860 UTC
5044,00:16:48.100880 UTC
5045,00:16:49.100900 UTC
5046,00:16:49.100920 UTC
5047,00:16:49.100940 UTC
5048,00:16:49.100960 UTC
5049,00:16:49.100980 UTC
5050,00:16:50.101000 UTC
5051,00:16:50.101020 UTC
5052,00:16:50.101040 UTC
5053,00:16:50.101060 UTC
5054,00:16:50.101080 UTC
5055,00:16:51.101100 UTC
5056,00:16:51.101120 UTC
5057,00:16:51.101140 UTC
5058,00:16:51.101160 UTC
5059,00:16:51.101180 UTC
5060,00:16:52.101200 UTC
5061,00:16:52.101220 UTC
5062,00:16:52.101240 UTC
5063,00:16:52.101260 UTC
5064,00:16:52.101280 UTC
5065,00:16:53.101300 UTC
5066,00:16:53.101320 UTC
5067,00:16:53.101340 UTC
5068,00:16:53.101360 UTC
5069,00:16:53.101380 UTC
5070,00:16:54.101400 UTC
5071,00:16:54.101420 UTC
5072,00:16:54.101440 UTC
5073,00:16:54.101460 UTC
5074,00:16:54.101480 UTC
5075,00:16:55.101500 UTC
5076,00:16:55.101520 UTC
5077,00:16:55.101540 UTC
5078,00:16:55.101560 UTC
5079,00:16:55.101580 UTC
5080,00:16:56.101600 UTC
5081,00:16:56.101620 UTC
5082,00:16:56.101640 UTC
5083,00:16:56.101660 UTC
5084,00:16:56.101680 UTC
5085,00:16:57.101700 UTC
5086,00:16:57.101720 UTC
5087,00:16:57.101740 UTC
5088,00:16:57.101760 UTC
5089,00:16:57.101780 UTC
5090,00:16:58.101800 UTC
5091,00:16:58.101820 UTC
5092,00:16:58.101840 UTC
5093,00:16:58.101860 UTC
5094,00:16:58.101880 UTC
5095,00:16:59.101900 UTC
5096,00:16:59.101920 UTC
5097,00:16:59.101940 UTC
5098,00:16:59.101960 UTC
5099,00:16:59.101980 UTC
5100,00:17:00.102000 UTC
5101,00:17:00.102020 UTC
5102,00:17:00.102040 UTC
5103,00:17:00.102060 UTC
5104,00:17:00.102080 UTC
5105,00:17:01.102100 UTC
5106,00:17:01.102120 UTC
5107,00:17:01.102140 UTC
5108,00:17:01.102160 UTC
5109,00:17:01.102180 UTC
5110,00:17:02.102200 UTC
5111,00:17:02.102220 UTC
5112,00:17:02.102240 UTC
5113,00:17:02.102260 UTC
5114,00:17:02.102280 UTC
5115,00:17:03.102300 UTC
5116,00:17:03.102320 UTC
5117,00:17:03.102340 UTC
5118,00:17:03.102360 UTC
5119,00:17:03.102380 UTC
5120,00:17:04.102400 UTC
5121,00:17:04.102420 UTC
5122,00:17:04.102440 UTC
5123,00:17:04.102460 UTC
5124,00:17:04.102480 UTC
5125,00:17:05.102500 UTC
5126,00:17:05.102520 UTC
5127,00:17:05.102540 UTC
5128,00:17:05.102560 UTC
5129,00:17:05.102580 UTC
5130,00:17:06.102600 UTC
5131,00:17:06.102620 UTC
5132,00:17:06.102640 UTC
5133,00:17:06.102660 UTC
5134,00:17:06.102680 UTC
5135,00:17:07.102700 UTC
5136,00:17:07.102720 UTC
5137,00:17:07.102740 UTC
5138,00:17:07.102760 UTC
5139,00:17:07.102780 UTC
5140,00:17:08.102800 UTC
5141,00:17:08.102820 UTC
5142,00:17:08.102840 UTC
5143,00:17:08.102860 UTC
5144,00:17:08.102880 UTC
5145,00:17:09.102900 UTC
5146,00:17:09.102920 UTC
5147,00:17:09.102940 UTC
5148,00:17:09.102960 UTC
5149,00:17:09.102980 UTC
5150,00:17:10.103000 UTC
5151,00:17:10.103020 UTC
5152,00:17:10.103040 UTC
5153,00:17:10.103060 UTC
5154,00:17:10.103080 UTC
5155,00:17:11.103100 UTC
5156,00:17:11.103120 UTC
5157,00:17:11.103140 UTC
5158,00:17:11.103160 UTC
5159,00:17:11.103180 UTC
5160,00:17:12.103200 UTC
5161,00:17:12.103220 UTC
5162,00:17:12.103240 UTC
5163,00:17:12.103260 UTC
5164,00:17:12.103280 UTC
5165,00:17:13.103300 UTC
5166,00:17:13.103320 UTC
5167,00:17:13.103340 UTC
5168,00:17:13.103360 UTC
5169,00:17:13.103380 UTC
5170,00:17:14.103400 UTC
5171,00:17:14.103420 UTC
5172,00:17:14.103440 UTC
5173,00:17:14.103460 UTC
5174,00:17:14.103480 UTC
5175,00:17:15.103500 UTC
5176,00:17:15.103520 UTC
5177,00:17:15.103540 UTC
5178,00:17:15.103560 UTC
5179,00:17:15.103580 UTC
5180,00:17:16.103600 UTC
5181,00:17:16.103620 UTC
5182,00:17:16.103640 UTC
5183,00:17:16.103660 UTC
5184,00:17:16.103680 UTC
5185,00:17:17.103700 UTC
5186,00:17:17.103720 UTC
5187,00:17:17.103740 UTC
5188,00:17:17.103760 UTC
5189,00:17:17.103780 UTC
5190,00:17:18.103800 UTC
5191,00:17:18.103820 UTC
5192,00:17:18.103840 UTC
5193,00:17:18.103860 UTC
5194,00:17:18.103880 UTC
5195,00:17:19.103900 UTC
5196,00:17:19.103920 UTC
5197,00:17:19.103940 UTC
5198,00:17:19.103960 UTC
5199,00:17:19.103980 UTC
5200,00:17:20.104000 UTC
5201,00:17:20.104020 UTC
5202,00:17:20.104040 UTC
5203,00:17:20.104060 UTC
5204,00:17:20.104080 UTC
5205,00:17:21.104100 UTC
5206,00:17:21.104120 UTC
5207,00:17:21.104140 UTC
5208,00:17:21.104160 UTC
5209,00:17:21.104180 UTC
5210,00:17:22.104200 UTC
5211,00:17:22.104220 UTC
5212,00:17:22.104240 UTC
5213,00:17:22.104260 UTC
5214,00:17:22.104280 UTC
5215,00:17:23.104300 UTC
5216,00:17:23.104320 UTC
5217,00:17:23.104340 UTC
5218,00:17:23.104360 UTC
5219,00:17:23.104380 UTC
5220,00:17:24.104400 UTC
5221,00:17:24.104420 UTC
5222,00:17:24.104440 UTC
5223,00:17:24.104460 UTC
5224,00:17:24.104480 UTC
5225,00:17:25.104500 UTC
5226,00:17:25.104520 UTC
5227,00:17:25.104540 UTC
5228,00:17:25.104560 UTC
5229,00:17:25.104580 UTC
5230,00:17:26.104600 UTC
5231,00:17:26.104620 UTC
5232,00:17:26.104640 UTC
5233,00:17:26.104660 UTC
5234,00:17:26.104680 UTC
5235,00:17:27.104700 UTC
5236,00:17:27.104720 UTC
5237,00:17:27.104740 UTC
5238,00:17:27.104760 UTC
5239,00:17:27.104780 UTC
5240,00:17:28.104800 UTC
5241,00:17:28.104820 UTC
5242,00:17:28.104840 UTC
5243,00:17:28.104860 UTC
5244,00:17:28.104880 UTC
5245,00:17:29.104900 UTC
5246,00:17:29.104920 UTC
5247,00:17:29.104940 UTC
5248,00:17:29.104960 UTC
5249,00:17:29.104980 UTC
5250,00:17:30.105000 UTC
5251,00:17:30.105020 UTC
5252,00:17:30.105040 UTC
5253,00:17:30.105060 UTC
5254,00:17:30.105080 UTC
5255,00:17:31.105100 UTC
5256,00:17:31.105120 UTC
5257,00:17:31.105140 UTC
5258,00:17:31.105160 UTC
5259,00:17:31.105180 UTC
5260,00:17:32.105200 UTC
5261,00:17:32.105220 UTC
5262,00:17:32.105240 UTC
5263,00:17:32.105260 UTC
5264,00:17:32.105280 UTC
5265,00:17:33.105300 UTC
5266,00:17:33.105320 UTC
5267,00:17:33.105340 UTC
5268,00:17:33.105360 UTC
5269,00:17:33.105380 UTC
5270,00:17:34.105400 UTC
5271,00:17:34.105420 UTC
5272,00:17:34.105440 UTC
5273,00:17:34.105460 UTC
5274,00:17:34.105480 UTC
5275,00:17:35.105500 UTC
5276,00:17:35.105520 UTC
5277,00:17:35.105540 UTC
5278,00:17:35.105560 UTC
5279,00:17:35.105580 UTC
5280,00:17:36.105600 UTC
5281,00:17:36.105620 UTC
5282,00:17:36.105640 UTC
5283,00:17:36.105660 UTC
5284,00:17:36.105680 UTC
5285,00:17:37.105700 UTC
5286,00:17:37.105720 UTC
5287,00:17:37.105740 UTC
5288,00:17:37.105760 UTC
5289,00:17:37.105780 UTC
5290,00:17:38.105800 UTC
5291,00:17:38.105820 UTC
5292,00:17:38.105840 UTC
5293,00:17:38.105860 UTC
5294,00:17:38.105880 UTC
5295,00:17:39.105900 UTC
5296,00:17:39.105920 UTC
5297,00:17:39.105940 UTC
5298,00:17:39.105960 UTC
5299,00:17:39.105980 UTC
5300,00:17:40.106000 UTC
5301,00:17:40.106020 UTC
5302,00:17:40.106040 UTC
5303,00:17:40.106060 UTC
5304,00:17:40.106080 UTC
5305,00:17:41.106100 UTC
5306,00:17:41.106120 UTC
5307,00:17:41.106140 UTC
5308,00:17:41.106160 UTC
5309,00:17:41.106180 UTC
5310,00:17:42.106200 UTC
5311,00:17:42.106220 UTC
5312,00:17:42.106240 UTC
5313,00:17:42.106260 UTC
5314,00:17:42.106280 UTC
5315,00:17:43.106300 UTC
5316,00:17:43.106320 UTC
5317,00:17:43.106340 UTC
5318,00:17:43.106360 UTC
5319,00:17:43.106380 UTC
5320,00:17:44.106400 UTC
5321,00:17:44.106420 UTC
5322,00:17:44.106440 UTC
5323,00:17:44.106460 UTC
5324,00:17:44.106480 UTC
5325,00:17:45.106500 UTC
5326,00:17:45.106520 UTC
5327,00:17:45.106540 UTC
5328,00:17:45.106560 UTC
5329,00:17:45.106580 UTC
5330,00:17:46.106600 UTC
5331,00:17:46.106620 UTC
5332,00:17:46.106640 UTC
5333,00:17:46.106660 UTC
5334,00:17:46.106680 UTC
5335,00:17:47.106700 UTC
5336,00:17:47.106720 UTC
5337,00:17:47.106740 UTC
5338,00:17:47.106760 UTC
5339,00:17:47.106780 UTC
5340,00:17:48.106800 UTC
5341,00:17:48.106820 UTC
5342,00:17:48.106840 UTC
5343,00:17:48.106860 UTC
5344,00:17:48.106880 UTC
5345,00:17:49.106900 UTC
5346,00:17:49.106920 UTC
5347,00:17:49.106940 UTC
5348,00:17:49.106960 UTC
5349,00:17:49.106980 UTC
5350,00:17:50.107000 UTC
5351,00:17:50.107020 UTC
5352,00:17:50.107040 UTC
5353,00:17:50.107060 UTC
5354,00:17:50.107080 UTC
5355,00:17:51.107100 UTC
5356,00:17:51.107120 UTC
5357,00:17:51.107140 UTC
5358,00:17:51.107160 UTC
5359,00:17:51.107180 UTC
5360,00:17:52.107200 UTC
5361,00:17:52.107220 UTC
5362,00:17:52.107240 UTC
5363,00:17:52.107260 UTC
5364,00:17:52.107280 UTC
5365,00:17:53.107300 UTC
5366,00:17:53.107320 UTC
5367,00:17:53.107340 UTC
5368,00:17:53.107360 UTC
5369,00:17:53.107380 UTC
5370,00:17:54.107400 UTC
5371,00:17:54.107420 UTC
5372,00:17:54.107440 UTC
5373,00:17:54.107460 UTC
5374,00:17:54.107480 UTC
5375,00:17:55.107500 UTC
5376,00:17:55.107520 UTC
5377,00:17:55.107540 UTC
5378,00:17:55.107560 UTC
5379,00:17:55.107580 UTC
5380,00:17:56.107600 UTC
5381,00:17:56.107620 UTC
5382,00:17:56.107640 UTC
5383,00:17:56.107660 UTC
5384,00:17:56.107680 UTC
5385,00:17:57.107700 UTC
5386,00:17:57.107720 UTC
5387,00:17:57.107740 UTC
5388,00:17:57.107760 UTC
5389,00:17:57.107780 UTC
5390,00:17:58.107800 UTC
5391,00:17:58.107820 UTC
5392,00:17:58.107840 UTC
5393,00:17:58.107860 UTC
5394,00:17:58.107880 UTC
5395,00:17:59.107900 UTC
5396,00:17:59.107920 UTC
5397,00:17:59.107940 UTC
5398,00:17:59.107960 UTC
5399,00:17:59.107980 UTC
5400,00:18:00.108000 UTC
5401,00:18:00.108020 UTC
5402,00:18:00.108040 UTC
5403,00:18:00.108060 UTC
5404,00:18:00.108080 UTC
5405,00:18:01.108100 UTC
5406,00:18:01.108120 UTC
5407,00:18:01.108140 UTC
5408,00:18:01.108160 UTC
5409,00:18:01.108180 UTC
5410,00:18:02.108200 UTC
5411,00:18:02.108220 UTC
5412,00:18:02.108240 UTC
5413,00:18:02.108260 UTC
5414,00:18:02.108280 UTC
5415,00:18:03.108300 UTC
5416,00:18:03.108320 UTC
5417,00:18:03.108340 UTC
5418,00:18:03.108360 UTC
5419,00:18:03.108380 UTC
5420,00:18:04.108400 UTC
5421,00:18:04.108420 UTC
5422,00:18:04.108440 UTC
5423,00:18:04.108460 UTC
5424,00:18:04.108480 UTC
5425,00:18:05.108500 UTC
5426,00:18:05.108520 UTC
5427,00:18:05.108540 UTC
5428,00:18:05.108560 UTC
5429,00:18:05.108580 UTC
5430,00:18:06.108600 UTC
5431,00:18:06.108620 UTC
5432,00:18:06.108640 UTC
5433,00:18:06.108660 UTC
5434,00:18:06.108680 UTC
5435,00:18:07.108700 UTC
5436,00:18:07.108720 UTC
5437,00:18:07.108740 UTC
5438,00:18:07.108760 UTC
5439,00:18:07.108780 UTC
5440,00:18:08.108800 UTC
5441,00:18:08.108820 UTC
5442,00:18:08.108840 UTC
5443,00:18:08.108860 UTC
5444,00:18:08.108880 UTC
5445,00:18:09.108900 UTC
5446,00:18:09.108920 UTC
5447,00:18:09.108940 UTC
5448,00:18:09.108960 UTC
5449,00:18:09.108980 UTC
5450,00:18:10.109000 UTC
5451,00:18:10.109020 UTC
5452,00:18:10.109040 UTC
5453,00:18:10.109060 UTC
5454,00:18:10.109080 UTC
5455,00:18:11.109100 UTC
5456,00:18:11.109120 UTC
5457,00:18:11.109140 UTC
5458,00:18:11.109160 UTC
5459,00:18:11.109180 UTC
5460,00:18:12.109200 UTC
5461,00:18:12.109220 UTC
5462,00:18:12.109240 UTC
5463,00:18:12.109260 UTC
5464,00:18:12.109280 UTC
5465,00:18:13.109300 UTC
5466,00:18:13.109320 UTC
5467,00:18:13.109340 UTC
5468,00:18:13.109360 UTC
5469,00:18:13.109380 UTC
5470,00:18:14.109400 UTC
5471,00:18:14.109420 UTC
5472,00:18:14.109440 UTC
5473,00:18:14.109460 UTC
5474,00:18:14.109480 UTC
5475,00:18:15.109500 UTC
5476,00:18:15.109520 UTC
5477,00:18:15.109540 UTC
5478,00:18:15.109560 UTC
5479,00:18:15.109580 UTC
5480,00:18:16.109600 UTC
5481,00:18:16.109620 UTC
5482,00:18:16.109640 UTC
5483,00:18:16.109660 UTC
5484,00:18:16.109680 UTC
5485,00:18:17.109700 UTC
5486,00:18:17.109720 UTC
5487,00:18:17.109740 UTC
5488,00:18:17.109760 UTC
5489,00:18:17.109780 UTC
5490,00:18:18.109800 UTC
5491,00:18:18.109820 UTC
5492,00:18:18.109840 UTC
5493,00:18:18.109860 UTC
5494,00:18:18.109880 UTC
5495,00:18:19.109900 UTC
5496,00:18:19.109920 UTC
5497,00:18:19.109940 UTC
5498,00:18:19.109960 UTC
5499,00:18:19.109980 UTC
5500,00:18:20.110000 UTC
5501,00:18:20.110020 UTC
5502,00:18:20.110040 UTC
5503,00:18:20.110060 UTC
5504,00:18:20.110080 UTC
5505,00:18:21.110100 UTC
5506,00:18:21.110120 UTC
5507,00:18:21.110140 UTC
5508,00:18:21.110160 UTC
5509,00:18:21.110180 UTC
5510,00:18:22.110200 UTC
5511,00:18:22.110220 UTC
5512,00:18:22.110240 UTC
5513,00:18:22.110260 UTC
5514,00:18:22.110280 UTC
5515,00:18:23.110300 UTC
5516,00:18:23.110320 UTC
5517,00:18:23.110340 UTC
5518,00:18:23.110360 UTC
5519,00:18:23.110380 UTC
5520,00:18:24.110400 UTC
5521,00:18:24.110420 UTC
5522,00:18:24.110440 UTC
5523,00:18:24.110460 UTC
5524,00:18:24.110480 UTC
5525,00:18:25.110500 UTC
5526,00:18:25.110520 UTC
5527,00:18:25.110540 UTC
5528,00:18:25.110560 UTC
5529,00:18:25.110580 UTC
5530,00:18:26.110600 UTC
5531,00:18:26.110620 UTC
5532,00:18:26.110640 UTC
5533,00:18:26.110660 UTC
5534,00:18:26.110680 UTC
5535,00:18:27.110700 UTC
5536,00:18:27.110720 UTC
5537,00:18:27.110740 UTC
5538,00:18:27.110760 UTC
5539,00:18:27.110780 UTC
5540,00:18:28.110800 UTC
5541,00:18:28.110820 UTC
5542,00:18:28.110840 UTC
5543,00:18:28.110860 UTC
5544,00:18:28.110880 UTC
5545,00:18:29.110900 UTC
5546,00:18:29.110920 UTC
5547,00:18:29.110940 UTC
5548,00:18:29.110960 UTC
5549,00:18:29.110980 UTC
5550,00:18:30.111000 UTC
5551,00:18:30.111020 UTC
5552,00:18:30.111040 UTC
5553,00:18:30.111060 UTC
5554,00:18:30.111080 UTC
5555,00:18:31.111100 UTC
5556,00:18:31.111120 UTC
5557,00:18:31.111140 UTC
5558,00:18:31.111160 UTC
5559,00:18:31.111180 UTC
5560,00:18:32.111200 UTC
5561,00:18:32.111220 UTC
5562,00:18:32.111240 UTC
5563,00:18:32.111260 UTC
5564,00:18:32.111280 UTC
5565,00:18:33.111300 UTC
5566,00:18:33.111320 UTC
5567,00:18:33.111340 UTC
5568,00:18:33.111360 UTC
5569,00:18:33.111380 UTC
5570,00:18:34.111400 UTC
5571,00:18:34.111420 UTC
5572,00:18:34.111440 UTC
5573,00:18:34.111460 UTC
5574,00:18:34.111480 UTC
5575,00:18:35.111500 UTC
5576,00:18:35.111520 UTC
5577,00:18:35.111540 UTC
5578,00:18:35.111560 UTC
5579,00:18:35.111580 UTC
5580,00:18:36.111600 UTC
5581,00:18:36.111620 UTC
5582,00:18:36.111640 UTC
5583,00:18:36.111660 UTC
5584,00:18:36.111680 UTC
5585,00:18:37.111700 UTC
5586,00:18:37.111720 UTC
5587,00:18:37.111740 UTC
5588,00:18:37.111760 UTC
5589,00:18:37.111780 UTC
5590,00:18:38.111800 UTC
5591,00:18:38.111820 UTC
5592,00:18:38.111840 UTC
5593,00:18:38.111860 UTC
5594,00:18:38.111880 UTC
5595,00:18:39.111900 UTC
5596,00:18:39.111920 UTC
5597,00:18:39.111940 UTC
5598,00:18:39.111960 UTC
5599,00:18:39.111980 UTC
5600,00:18:40.112000 UTC
5601,00:18:40.112020 UTC
5602,00:18:40.112040 UTC
5603,00:18:40.112060 UTC
5604,00:18:40.112080 UTC
5605,00:18:41.112100 UTC
5606,00:18:41.112120 UTC
5607,00:18:41.112140 UTC
5608,00:18:41.112160 UTC
5609,00:18:41.112180 UTC
5610,00:18:42.112200 UTC
5611,00:18:42.112220 UTC
5612,00:18:42.112240 UTC
5613,00:18:42.112260 UTC
5614,00:18:42.112280 UTC
5615,00:18:43.112300 UTC
5616,00:18:43.112320 UTC
5617,00:18:43.112340 UTC
5618,00:18:43.112360 UTC
5619,00:18:43.112380 UTC
5620,00:18:44.112400 UTC
5621,00:18:44.112420 UTC
5622,00:18:44.112440 UTC
5623,00:18:44.112460 UTC
5624,00:18:44.112480 UTC
5625,00:18:45.112500 UTC
5626,00:18:45.112520 UTC
5627,00:18:45.112540 UTC
5628,00:18:45.112560 UTC
5629,00:18:45.112580 UTC
5630,00:18:46.112600 UTC
5631,00:18:46.112620 UTC
5632,00:18:46.112640 UTC
5633,00:18:46.112660 UTC
5634,00:18:46.112680 UTC
5635,00:18:47.112700 UTC
5636,00:18:47.112720 UTC
5637,00:18:47.112740 UTC
5638,00:18:47.112760 UTC
5639,00:18:47.112780 UTC
5640,00:18:48.112800 UTC
5641,00:18:48.112820 UTC
5642,00:18:48.112840 UTC
5643,00:18:48.112860 UTC
5644,00:18:48.112880 UTC
5645,00:18:49.112900 UTC
5646,00:18:49.112920 UTC
5647,00:18:49.112940 UTC
5648,00:18:49.112960 UTC
5649,00:18:49.112980 UTC
5650,00:18:50.113000 UTC
5651,00:18:50.113020 UTC
5652,00:18:50.113040 UTC
5653,00:18:50.113060 UTC
5654,00:18:50.113080 UTC
5655,00:18:51.113100 UTC
5656,00:18:51.113120 UTC
5657,00:18:51.113140 UTC
5658,00:18:51.113160 UTC
5659,00:18:51.113180 UTC
5660,00:18:52.113200 UTC
5661,00:18:52.113220 UTC
5662,00:18:52.113240 UTC
5663,00:18:52.113260 UTC
5664,00:18:52.113280 UTC
5665,00:18:53.113300 UTC
5666,00:18:53.113320 UTC
5667,00:18:53.113340 UTC
5668,00:18:53.113360 UTC
5669,00:18:53.113380 UTC
5670,00:18:54.113400 UTC
5671,00:18:54.113420 UTC
5672,00:18:54.113440 UTC
5673,00:18:54.113460 UTC
5674,00:18:54.113480 UTC
5675,00:18:55.113500 UTC
5676,00:18:55.113520 UTC
5677,00:18:55.113540 UTC
5678,00:18:55.113560 UTC
5679,00:18:55.113580 UTC
5680,00:18:56.113600 UTC
5681,00:18:56.113620 UTC
5682,00:18:56.113640 UTC
5683,00:18:56.113660 UTC
5684,00:18:56.113680 UTC
5685,00:18:57.113700 UTC
5686,00:18:57.113720 UTC
5687,00:18:57.113740 UTC
5688,00:18:57.113760 UTC
5689,00:18:57.113780 UTC
5690,00:18:58.113800 UTC
5691,00:18:58.113820 UTC
5692,00:18:58.113840 UTC
5693,00:18:58.113860 UTC
5694,00:18:58.113880 UTC
5695,00:18:59.113900 UTC
5696,00:18:59.113920 UTC
5697,00:18:59.113940 UTC
5698,00:18:59.113960 UTC
5699,00:18:59.113980 UTC
5700,00:19:00.114000 UTC
5701,00:19:00.114020 UTC
5702,00:19:00.114040 UTC
5703,00:19:00.114060 UTC
5704,00:19:00.114080 UTC
5705,00:19:01.114100 UTC
5706,00:19:01.114120 UTC
5707,00:19:01.114140 UTC
5708,00:19:01.114160 UTC
5709,00:19:01.114180 UTC
5710,00:19:02.114200 UTC
5711,00:19:02.114220 UTC
5712,00:19:02.114240 UTC
5713,00:19:02.114260 UTC
5714,00:19:02.114280 UTC
5715,00:19:03.114300 UTC
5716,00:19:03.114320 UTC
5717,00:19:03.114340 UTC
5718,00:19:03.114360 UTC
5719,00:19:03.114380 UTC
5720,00:19:04.114400 UTC
5721,00:19:04.114420 UTC
5722,00:19:04.114440 UTC
5723,00:19:04.114460 UTC
5724,00:19:04.114480 UTC
5725,00:19:05.114500 UTC
5726,00:19:05.114520 UTC
5727,00:19:05.114540 UTC
5728,00:19:05.114560 UTC
5729,00:19:05.114580 UTC
5730,00:19:06.114600 UTC
5731,00:19:06.114620 UTC
5732,00:19:06.114640 UTC
5733,00:19:06.114660 UTC
5734,00:19:06.114680 UTC
5735,00:19:07.114700 UTC
5736,00:19:07.114720 UTC
5737,00:19:07.114740 UTC
5738,00:19:07.114760 UTC
5739,00:19:07.114780 UTC
5740,00:19:08.114800 UTC
5741,00:19:08.114820 UTC
5742,00:19:08.114840 UTC
5743,00:19:08.114860 UTC
5744,00:19:08.114880 UTC
5745,00:19:09.114900 UTC
5746,00:19:09.114920 UTC
5747,00:19:09.114940 UTC
5748,00:19:09.114960 UTC
5749,00:19:09.114980 UTC
5750,00:19:10.115000 UTC
5751,00:19:10.115020 UTC
5752,00:19:10.115040 UTC
5753,00:19:10.115060 UTC
5754,00:19:10.115080 UTC
5755,00:19:11.115100 UTC
5756,00:19:11.115120 UTC
5757,00:19:11.115140 UTC
5758,00:19:11.115160 UTC
5759,00:19:11.115180 UTC
5760,00:19:12.115200 UTC
5761,00:19:12.115220 UTC
5762,00:19:12.115240 UTC
5763,00:19:12.115260 UTC
5764,00:19:12.115280 UTC
5765,00:19:13.115300 UTC
5766,00:19:13.115320 UTC
5767,00:19:13.115340 UTC
5768,00:19:13.115360 UTC
5769,00:19:13.115380 UTC
5770,00:19:14.115400 UTC
5771,00:19:14.115420 UTC
5772,00:19:14.115440 UTC
5773,00:19:14.115460 UTC
5774,00:19:14.115480 UTC
5775,00:19:15.115500 UTC
5776,00:19:15.115520 UTC
5777,00:19:15.115540 UTC
5778,00:19:15.115560 UTC
5779,00:19:15.115580 UTC
5780,00:19:16.115600 UTC
5781,00:19:16.115620 UTC
5782,00:19:16.115640 UTC
5783,00:19:16.115660 UTC
5784,00:19:16.115680 UTC
5785,00:19:17.115700 UTC
5786,00:19:17.115720 UTC
5787,00:19:17.115740 UTC
5788,00:19:17.115760 UTC
5789,00:19:17.115780 UTC
5790,00:19:18.115800 UTC
5791,00:19:18.115820 UTC
5792,00:19:18.115840 UTC
5793,00:19:18.115860 UTC
5794,00:19:18.115880 UTC
5795,00:19:19.115900 UTC
5796,00:19:19.115920 UTC
5797,00:19:19.115940 UTC
5798,00:19:19.115960 UTC
5799,00:19:19.115980 UTC
5800,00:19:20.116000 UTC
5801,00:19:20.116020 UTC
5802,00:19:20.116040 UTC
5803,00:19:20.116060 UTC
5804,00:19:20.116080 UTC
5805,00:19:21.116100 UTC
5806,00:19:21.116120 UTC
5807,00:19:21.116140 UTC
5808,00:19:21.116160 UTC
5809,00:19:21.116180 UTC
5810,00:19:22.116200 UTC
5811,00:19:22.116220 UTC
5812,00:19:22.116240 UTC
5813,00:19:22.116260 UTC
5814,00:19:22.116280 UTC
5815,00:19:23.116300 UTC
5816,00:19:23.116320 UTC
5817,00:19:23.116340 UTC
5818,00:19:23.116360 UTC
5819,00:19:23.116380 UTC
5820,00:19:24.116400 UTC
5821,00:19:24.116420 UTC
5822,00:19:24.116440 UTC
5823,00:19:24.116460 UTC
5824,00:19:24.116480 UTC
5825,00:19:25.116500 UTC
5826,00:19:25.116520 UTC
5827,00:19:25.116540 UTC
5828,00:19:25.116560 UTC
5829,00:19:25.116580 UTC
5830,00:19:26.116600 UTC
5831,00:19:26.116620 UTC
5832,00:19:26.116640 UTC
5833,00:19:26.116660 UTC
5834,00:19:26.116680 UTC
5835,00:19:27.116700 UTC
5836,00:19:27.116720 UTC
5837,00:19:27.116740 UTC
5838,00:19:27.116760 UTC
5839,00:19:27.116780 UTC
5840,00:19:28.116800 UTC
5841,00:19:28.116820 UTC
5842,00:19:28.116840 UTC
5843,00:19:28.116860 UTC
5844,00:19:28.116880 UTC
5845,00:19:29.116900 UTC
5846,00:19:29.116920 UTC
5847,00:19:29.116940 UTC
5848,00:19:29.116960 UTC
5849,00:19:29.116980 UTC
5850,00:19:30.117000 UTC
5851,00:19:30.117020 UTC
5852,00:19:30.117040 UTC
5853,00:19:30.117060 UTC
5854,00:19:30.117080 UTC
5855,00:19:31.117100 UTC
5856,00:19:31.117120 UTC
5857,00:19:31.117140 UTC
5858,00:19:31.117160 UTC
5859,00:19:31.117180 UTC
5860,00:19:32.117200 UTC
5861,00:19:32.117220 UTC
5862,00:19:32.117240 UTC
5863,00:19:32.117260 UTC
5864,00:19:32.117280 UTC
5865,00:19:33.117300 UTC
5866,00:19:33.117320 UTC
5867,00:19:33.117340 UTC
5868,00:19:33.117360 UTC
5869,00:19:33.117380 UTC
5870,00:19:34.117400 UTC
5871,00:19:34.117420 UTC
5872,00:19:34.117440 UTC
5873,00:19:34.117460 UTC
5874,00:19:34.117480 UTC
5875,00:19:35.117500 UTC
5876,00:19:35.117520 UTC
5877,00:19:35.117540 UTC
5878,00:19:35.117560 UTC
5879,00:19:35.117580 UTC
5880,00:19:36.117600 UTC
5881,00:19:36.117620 UTC
5882,00:19:36.117640 UTC
5883,00:19:36.117660 UTC
5884,00:19:36.117680 UTC
5885,00:19:37.117700 UTC
5886,00:19:37.117720 UTC
5887,00:19:37.117740 UTC
5888,00:19:37.117760 UTC
5889,00:19:37.117780 UTC
5890,00:19:38.117800 UTC
5891,00:19:38.117820 UTC
5892,00:19:38.117840 UTC
5893,00:19:38.117860 UTC
5894,00:19:38.117880 UTC
5895,00:19:39.117900 UTC
5896,00:19:39.117920 UTC
5897,00:19:39.117940 UTC
5898,00:19:39.117960 UTC
5899,00:19:39.117980 UTC
5900,00:19:40.118000 UTC
5901,00:19:40.118020 UTC
5902,00:19:40.118040 UTC
5903,00:19:40.118060 UTC
5904,00:19:40.118080 UTC
5905,00:19:41.118100 UTC
5906,00:19:41.118120 UTC
5907,00:19:41.118140 UTC
5908,00:19:41.118160 UTC
5909,00:19:41.118180 UTC
5910,00:19:42.118200 UTC
5911,00:19:42.118220 UTC
5912,00:19:42.118240 UTC
5913,00:19:42.118260 UTC
5914,00:19:42.118280 UTC
5915,00:19:43.118300 UTC
5916,00:19:43.118320 UTC
5917,00:19:43.118340 UTC
5918,00:19:43.118360 UTC
5919,00:19:43.118380 UTC
5920,00:19:44.118400 UTC
5921,00:19:44.118420 UTC
5922,00:19:44.118440 UTC
5923,00:19:44.118460 UTC
5924,00:19:44.118480 UTC
5925,00:19:45.118500 UTC
5926,00:19:45.118520 UTC
5927,00:19:45.118540 UTC
5928,00:19:45.118560 UTC
5929,00:19:45.118580 UTC
5930,00:19:46.118600 UTC
5931,00:19:46.118620 UTC
5932,00:19:46.118640 UTC
5933,00:19:46.118660 UTC
5934,00:19:46.118680 UTC
5935,00:19:47.118700 UTC
5936,00:19:47.118720 UTC
5937,00:19:47.118740 UTC
5938,00:19:47.118760 UTC
5939,00:19:47.118780 UTC
5940,00:19:48.118800 UTC
5941,00:19:48.118820 UTC
5942,00:19:48.118840 UTC
5943,00:19:48.118860 UTC
5944,00:19:48.118880 UTC
5945,00:19:49.118900 UTC
5946,00:19:49.118920 UTC
5947,00:19:49.118940 UTC
5948,00:19:49.118960 UTC
5949,00:19:49.118980 UTC
5950,00:19:50.119000 UTC
5951,00:19:50.119020 UTC
5952,00:19:50.119040 UTC
5953,00:19:50.119060 UTC
5954,00:19:50.119080 UTC
5955,00:19:51.119100 UTC
5956,00:19:51.119120 UTC
5957,00:19:51.119140 UTC
5958,00:19:51.119160 UTC
5959,00:19:51.119180 UTC
5960,00:19:52.119200 UTC
5961,00:19:52.119220 UTC
5962,00:19:52.119240 UTC
5963,00:19:52.119260 UTC
5964,00:19:52.119280 UTC
5965,00:19:53.119300 UTC
5966,00:19:53.119320 UTC
5967,00:19:53.119340 UTC
5968,00:19:53.119360 UTC
5969,00:19:53.119380 UTC
5970,00:19:54.119400 UTC
5971,00:19:54.119420 UTC
5972,00:19:54.119440 UTC
5973,00:19:54.119460 UTC
5974,00:19:54.119480 UTC
5975,00:19:55.119500 UTC
5976,00:19:55.119520 UTC
5977,00:19:55.119540 UTC
5978,00:19:55.119560 UTC
5979,00:19:55.119580 UTC
5980,00:19:56.119600 UTC
5981,00:19:56.119620 UTC
5982,00:19:56.119640 UTC
5983,00:19:56.119660 UTC
5984,00:19:56.119680 UTC
5985,00:19:57.119700 UTC
5986,00:19:57.119720 UTC
5987,00:19:57.119740 UTC
5988,00:19:57.119760 UTC
5989,00:19:57.119780 UTC
5990,00:19:58.119800 UTC
5991,00:19:58.119820 UTC
5992,00:19:58.119840 UTC
5993,00:19:58.119860 UTC
5994,00:19:58.119880 UTC
5995,00:19:59.119900 UTC
5996,00:19:59.119920 UTC
5997,00:19:59.119940 UTC
5998,00:19:59.119960 UTC
5999,00:19:59.119980 UTC
6000,00:20:00.120000 UTC
6001,00:20:00.120020 UTC
6002,00:20:00.120040 UTC
6003,00:20:00.120060 UTC
6004,00:20:00.120080 UTC
6005,00:20:01.120100 UTC
6006,00:20:01.120120 UTC
6007,00:20:01.120140 UTC
6008,00:20:01.120160 UTC
6009,00:20:01.120180 UTC
6010,00:20:02.120200 UTC
6011,00:20:02.120220 UTC
6012,00:20:02.120240 UTC
6013,00:20:02.120260 UTC
6014,00:20:02.120280 UTC
6015,00:20:03.120300 UTC
6016,00:20:03.120320 UTC
6017,00:20:03.120340 UTC
6018,00:20:03.120360 UTC
6019,00:20:03.120380 UTC
6020,00:20:04.120400 UTC
6021,00:20:04.120420 UTC
6022,00:20:04.120440 UTC
6023,00:20:04.120460 UTC
6024,00:20:04.120480 UTC
6025,00:20:05.120500 UTC
6026,00:20:05.120520 UTC
6027,00:20:05.120540 UTC
6028,00:20:05.120560 UTC
6029,00:20:05.120580 UTC
6030,00:20:06.120600 UTC
6031,00:20:06.120620 UTC
6032,00:20:06.120640 UTC
6033,00:20:06.120660 UTC
6034,00:20:06.120680 UTC
6035,00:20:07.120700 UTC
6036,00:20:07.120720 UTC
6037,00:20:07.120740 UTC
6038,00:20:07.120760 UTC
6039,00:20:07.120780 UTC
6040,00:20:08.120800 UTC
6041,00:20:08.120820 UTC
6042,00:20:08.120840 UTC
6043,00:20:08.120860 UTC
6044,00:20:08.120880 UTC
6045,00:20:09.120900 UTC
6046,00:20:09.120920 UTC
6047,00:20:09.120940 UTC
6048,00:20:09.120960 UTC
6049,00:20:09.120980 UTC
6050,00:20:10.121000 UTC
6051,00:20:10.121020 UTC
6052,00:20:10.121040 UTC
6053,00:20:10.121060 UTC
6054,00:20:10.121080 UTC
6055,00:20:11.121100 UTC
6056,00:20:11.121120 UTC
6057,00:20:11.121140 UTC
6058,00:20:11.121160 UTC
6059,00:20:11.121180 UTC
6060,00:20:12.121200 UTC
6061,00:20:12.121220 UTC
6062,00:20:12.121240 UTC
6063,00:20:12.121260 UTC
6064,00:20:12.121280 UTC
6065,00:20:13.121300 UTC
6066,00:20:13.121320 UTC
6067,00:20:13.121340 UTC
6068,00:20:13.121360 UTC
6069,00:20:13.121380 UTC
6070,00:20:14.121400 UTC
6071,00:20:14.121420 UTC
6072,00:20:14.121440 UTC
6073,00:20:14.121460 UTC
6074,00:20:14.121480 UTC
6075,00:20:15.121500 UTC
6076,00:20:15.121520 UTC
6077,00:20:15.121540 UTC
6078,00:20:15.121560 UTC
6079,00:20:15.121580 UTC
6080,00:20:16.121600 UTC
6081,00:20:16.121620 UTC
6082,00:20:16.121640 UTC
6083,00:20:16.121660 UTC
6084,00:20:16.121680 UTC
6085,00:20:17.121700 UTC
6086,00:20:17.121720 UTC
6087,00:20:17.121740 UTC
6088,00:20:17.121760 UTC
6089,00:20:17.121780 UTC
6090,00:20:18.121800 UTC
6091,00:20:18.121820 UTC
6092,00:20:18.121840 UTC
6093,00:20:18.121860 UTC
6094,00:20:18.121880 UTC
6095,00:20:19.121900 UTC
6096,00:20:19.121920 UTC
6097,00:20:19.121940 UTC
6098,00:20:19.121960 UTC
6099,00:20:19.121980 UTC
6100,00:20:20.122000 UTC
6101,00:20:20.122020 UTC
6102,00:20:20.122040 UTC
6103,00:20:20.122060 UTC
6104,00:20:20.122080 UTC
6105,00:20:21.122100 UTC
6106,00:20:21.122120 UTC
6107,00:20:21.122140 UTC
6108,00:20:21.122160 UTC
6109,00:20:21.122180 UTC
6110,00:20:22.122200 UTC
6111,00:20:22.122220 UTC
6112,00:20:22.122240 UTC
6113,00:20:22.122260 UTC
6114,00:20:22.122280 UTC
6115,00:20:23.122300 UTC
6116,00:20:23.122320 UTC
6117,00:20:23.122340 UTC
6118,00:20:23.122360 UTC
6119,00:20:23.122380 UTC
6120,00:20:24.122400 UTC
6121,00:20:24.122420 UTC
6122,00:20:24.122440 UTC
6123,00:20:24.122460 UTC
6124,00:20:24.122480 UTC
6125,00:20:25.122500 UTC
6126,00:20:25.122520 UTC
6127,00:20:25.122540 UTC
6128,00:20:25.122560 UTC
6129,00:20:25.122580 UTC
6130,00:20:26.122600 UTC
6131,00:20:26.122620 UTC
6132,00:20:26.122640 UTC
6133,00:20:26.122660 UTC
6134,00:20:26.122680 UTC
6135,00:20:27.122700 UTC
6136,00:20:27.122720 UTC
6137,00:20:27.122740 UTC
6138,00:20:27.122760 UTC
6139,00:20:27.122780 UTC
6140,00:20:28.122800 UTC
6141,00:20:28.122820 UTC
6142,00:20:28.122840 UTC
6143,00:20:28.122860 UTC
6144,00:20:28.122880 UTC
6145,00:20:29.122900 UTC
6146,00:20:29.122920 UTC
6147,00:20:29.122940 UTC
6148,00:20:29.122960 UTC
6149,00:20:29.122980 UTC
6150,00:20:30.123000 UTC
6151,00:20:30.123020 UTC
6152,00:20:30.123040 UTC
6153,00:20:30.123060 UTC
6154,00:20:30.123080 UTC
6155,00:20:31.123100 UTC
6156,00:20:31.123120 UTC
6157,00:20:31.123140 UTC
6158,00:20:31.123160 UTC
6159,00:20:31.123180 UTC
6160,00:20:32.123200 UTC
6161,00:20:32.123220 UTC
6162,00:20:32.123240 UTC
6163,00:20:32.123260 UTC
6164,00:20:32.123280 UTC
6165,00:20:33.123300 UTC
6166,00:20:33.123320 UTC
6167,00:20:33.123340 UTC
6168,00:20:33.123360 UTC
6169,00:20:33.123380 UTC
6170,00:20:34.123400 UTC
6171,00:20:34.123420 UTC
6172,00:20:34.123440 UTC
6173,00:20:34.123460 UTC
6174,00:20:34.123480 UTC
6175,00:20:35.123500 UTC
6176,00:20:35.123520 UTC
6177,00:20:35.123540 UTC
6178,00:20:35.123560 UTC
6179,00:20:35.123580 UTC
6180,00:20:36.123600 UTC
6181,00:20:36.123620 UTC
6182,00:20:36.123640 UTC
6183,00:20:36.123660 UTC
6184,00:20:36.123680 UTC
6185,00:20:37.123700 UTC
6186,00:20:37.123720 UTC
6187,00:20:37.123740 UTC
6188,00:20:37.123760 UTC
6189,00:20:37.123780 UTC
6190,00:20:38.123800 UTC
6191,00:20:38.123820 UTC
6192,00:20:38.123840 UTC
6193,00:20:38.123860 UTC
6194,00:20:38.123880 UTC
6195,00:20:39.123900 UTC
6196,00:20:39.123920 UTC
6197,00:20:39.123940 UTC
6198,00:20:39.123960 UTC
6199,00:20:39.123980 UTC
6200,00:20:40.124000 UTC
6201,00:20:40.124020 UTC
6202,00:20:40.124040 UTC
6203,00:20:40.124060 UTC
6204,00:20:40.124080 UTC
6205,00:20:41.124100 UTC
6206,00:20:41.124120 UTC
6207,00:20:41.124140 UTC
6208,00:20:41.124160 UTC
6209,00:20:41.124180 UTC
6210,00:20:42.124200 UTC
6211,00:20:42.124220 UTC
6212,00:20:42.124240 UTC
6213,00:20:42.124260 UTC
6214,00:20:42.124280 UTC
6215,00:20:43.124300 UTC
6216,00:20:43.124320 UTC
6217,00:20:43.124340 UTC
6218,00:20:43.124360 UTC
6219,00:20:43.124380 UTC
6220,00:20:44.124400 UTC
6221,00:20:44.124420 UTC
6222,00:20:44.124440 UTC
6223,00:20:44.124460 UTC
6224,00:20:44.124480 UTC
6225,00:20:45.124500 UTC
6226,00:20:45.124520 UTC
6227,00:20:45.124540 UTC
6228,00:20:45.124560 UTC
6229,00:20:45.124580 UTC
6230,00:20:46.124600 UTC
6231,00:20:46.124620 UTC
6232,00:20:46.124640 UTC
6233,00:20:46.124660 UTC
6234,00:20:46.124680 UTC
6235,00:20:47.124700 UTC
6236,00:20:47.124720 UTC
6237,00:20:47.124740 UTC
6238,00:20:47.124760 UTC
6239,00:20:47.124780 UTC
6240,00:20:48.124800 UTC
6241,00:20:48.124820 UTC
6242,00:20:48.124840 UTC
6243,00:20:48.124860 UTC
6244,00:20:48.124880 UTC
6245,00:20:49.124900 UTC
6246,00:20:49.124920 UTC
6247,00:20:49.124940 UTC
6248,00:20:49.124960 UTC
6249,00:20:49.124980 UTC
6250,00:20:50.125000 UTC
6251,00:20:50.125020 UTC
6252,00:20:50.125040 UTC
6253,00:20:50.125060 UTC
6254,00:20:50.125080 UTC
6255,00:20:51.125100 UTC
6256,00:20:51.125120 UTC
6257,00:20:51.125140 UTC
6258,00:20:51.125160 UTC
6259,00:20:51.125180 UTC
6260,00:20:52.125200 UTC
6261,00:20:52.125220 UTC
6262,00:20:52.125240 UTC
6263,00:20:52.125260 UTC
6264,00:20:52.125280 UTC
6265,00:20:53.125300 UTC
6266,00:20:53.125320 UTC
6267,00:20:53.125340 UTC
6268,00:20:53.125360 UTC
6269,00:20:53.125380 UTC
6270,00:20:54.125400 UTC
6271,00:20:54.125420 UTC
6272,00:20:54.125440 UTC
6273,00:20:54.125460 UTC
6274,00:20:54.125480 UTC
6275,00:20:55.125500 UTC
6276,00:20:55.125520 UTC
6277,00:20:55.125540 UTC
6278,00:20:55.125560 UTC
6279,00:20:55.125580 UTC
6280,00:20:56.125600 UTC
6281,00:20:56.125620 UTC
6282,00:20:56.125640 UTC
6283,00:20:56.125660 UTC
6284,00:20:56.125680 UTC
6285,00:20:57.125700 UTC
6286,00:20:57.125720 UTC
6287,00:20:57.125740 UTC
6288,00:20:57.125760 UTC
6289,00:20:57.125780 UTC
6290,00:20:58.125800 UTC
6291,00:20:58.125820 UTC
6292,00:20:58.125840 UTC
6293,00:20:58.125860 UTC
6294,00:20:58.125880 UTC
6295,00:20:59.125900 UTC
6296,00:20:59.125920 UTC
6297,00:20:59.125940 UTC
6298,00:20:59.125960 UTC
6299,00:20:59.125980 UTC
6300,00:21:00.126000 UTC
6301,00:21:00.126020 UTC
6302,00:21:00.126040 UTC
6303,00:21:00.126060 UTC
6304,00:21:00.126080 UTC
6305,00:21:01.126100 UTC
6306,00:21:01.126120 UTC
6307,00:21:01.126140 UTC
6308,00:21:01.126160 UTC
6309,00:21:01.126180 UTC
6310,00:21:02.126200 UTC
6311,00:21:02.126220 UTC
6312,00:21:02.126240 UTC
6313,00:21:02.126260 UTC
6314,00:21:02.126280 UTC
6315,00:21:03.126300 UTC
6316,00:21:03.126320 UTC
6317,00:21:03.126340 UTC
6318,00:21:03.126360 UTC
6319,00:21:03.126380 UTC
6320,00:21:04.126400 UTC
6321,00:21:04.126420 UTC
6322,00:21:04.126440 UTC
6323,00:21:04.126460 UTC
6324,00:21:04.126480 UTC
6325,00:21:05.126500 UTC
6326,00:21:05.126520 UTC
6327,00:21:05.126540 UTC
6328,00:21:05.126560 UTC
6329,00:21:05.126580 UTC
6330,00:21:06.126600 UTC
6331,00:21:06.126620 UTC
6332,00:21:06.126640 UTC
6333,00:21:06.126660 UTC
6334,00:21:06.126680 UTC
6335,00:21:07.126700 UTC
6336,00:21:07.126720 UTC
6337,00:21:07.126740 UTC
6338,00:21:07.126760 UTC
6339,00:21:07.126780 UTC
6340,00:21:08.126800 UTC
6341,00:21:08.126820 UTC
6342,00:21:08.126840 UTC
6343,00:21:08.126860 UTC
6344,00:21:08.126880 UTC
6345,00:21:09.126900 UTC
6346,00:21:09.126920 UTC
6347,00:21:09.126940 UTC
6348,00:21:09.126960 UTC
6349,00:21:09.126980 UTC
6350,00:21:10.127000 UTC
6351,00:21:10.127020 UTC
6352,00:21:10.127040 UTC
6353,00:21:10.127060 UTC
6354,00:21:10.127080 UTC
6355,00:21:11.127100 UTC
6356,00:21:11.127120 UTC
6357,00:21:11.127140 UTC
6358,00:21:11.127160 UTC
6359,00:21:11.127180 UTC
6360,00:21:12.127200 UTC
6361,00:21:12.127220 UTC
6362,00:21:12.127240 UTC
6363,00:21:12.127260 UTC
6364,00:21:12.127280 UTC
6365,00:21:13.127300 UTC
6366,00:21:13.127320 UTC
6367,00:21:13.127340 UTC
6368,00:21:13.127360 UTC
6369,00:21:13.127380 UTC
6370,00:21:14.127400 UTC
6371,00:21:14.127420 UTC
6372,00:21:14.127440 UTC
6373,00:21:14.127460 UTC
6374,00:21:14.127480 UTC
6375,00:21:15.127500 UTC
6376,00:21:15.127520 UTC
6377,00:21:15.127540 UTC
6378,00:21:15.127560 UTC
6379,00:21:15.127580 UTC
6380,00:21:16.127600 UTC
6381,00:21:16.127620 UTC
6382,00:21:16.127640 UTC
6383,00:21:16.127660 UTC
6384,00:21:16.127680 UTC
6385,00:21:17.127700 UTC
6386,00:21:17.127720 UTC
6387,00:21:17.127740 UTC
6388,00:21:17.127760 UTC
6389,00:21:17.127780 UTC
6390,00:21:18.127800 UTC
6391,00:21:18.127820 UTC
6392,00:21:18.127840 UTC
6393,00:21:18.127860 UTC
6394,00:21:18.127880 UTC
6395,00:21:19.127900 UTC
6396,00:21:19.127920 UTC
6397,00:21:19.127940 UTC
6398,00:21:19.127960 UTC
6399,00:21:19.127980 UTC
6400,00:21:20.128000 UTC
6401,00:21:20.128020 UTC
6402,00:21:20.128040 UTC
6403,00:21:20.128060 UTC
6404,00:21:20.128080 UTC
6405,00:21:21.128100 UTC
6406,00:21:21.128120 UTC
6407,00:21:21.128140 UTC
6408,00:21:21.128160 UTC
6409,00:21:21.128180 UTC
6410,00:21:22.128200 UTC
6411,00:21:22.128220 UTC
6412,00:21:22.128240 UTC
6413,00:21:22.128260 UTC
6414,00:21:22.128280 UTC
6415,00:21:23.128300 UTC
6416,00:21:23.128320 UTC
6417,00:21:23.128340 UTC
6418,00:21:23.128360 UTC
6419,00:21:23.128380 UTC
6420,00:21:24.128400 UTC
6421,00:21:24.128420 UTC
6422,00:21:24.128440 UTC
6423,00:21:24.128460 UTC
6424,00:21:24.128480 UTC
6425,00:21:25.128500 UTC
6426,00:21:25.128520 UTC
6427,00:21:25.128540 UTC
6428,00:21:25.128560 UTC
6429,00:21:25.128580 UTC
6430,00:21:26.128600 UTC
6431,00:21:26.128620 UTC
6432,00:21:26.128640 UTC
6433,00:21:26.128660 UTC
6434,00:21:26.128680 UTC
6435,00:21:27.128700 UTC
6436,00:21:27.128720 UTC
6437,00:21:27.128740 UTC
6438,00:21:27.128760 UTC
6439,00:21:27.128780 UTC
6440,00:21:28.128800 UTC
6441,00:21:28.128820 UTC
6442,00:21:28.128840 UTC
6443,00:21:28.128860 UTC
6444,00:21:28.128880 UTC
6445,00:21:29.128900 UTC
6446,00:21:29.128920 UTC
6447,00:21:29.128940 UTC
6448,00:21:29.128960 UTC
6449,00:21:29.128980 UTC
6450,00:21:30.129000 UTC
6451,00:21:30.129020 UTC
6452,00:21:30.129040 UTC
6453,00:21:30.129060 UTC
6454,00:21:30.129080 UTC
6455,00:21:31.129100 UTC
6456,00:21:31.129120 UTC
6457,00:21:31.129140 UTC
6458,00:21:31.129160 UTC
6459,00:21:31.129180 UTC
6460,00:21:32.129200 UTC
6461,00:21:32.129220 UTC
6462,00:21:32.129240 UTC
6463,00:21:32.129260 UTC
6464,00:21:32.129280 UTC
6465,00:21:33.129300 UTC
6466,00:21:33.129320 UTC
6467,00:21:33.129340 UTC
6468,00:21:33.129360 UTC
6469,00:21:33.129380 UTC
6470,00:21:34.129400 UTC
6471,00:21:34.129420 UTC
6472,00:21:34.129440 UTC
6473,00:21:34.129460 UTC
6474,00:21:34.129480 UTC
6475,00:21:35.129500 UTC
6476,00:21:35.129520 UTC
6477,00:21:35.129540 UTC
6478,00:21:35.129560 UTC
6479,00:21:35.129580 UTC
6480,00:21:36.129600 UTC
6481,00:21:36.129620 UTC
6482,00:21:36.129640 UTC
6483,00:21:36.129660 UTC
6484,00:21:36.129680 UTC
6485,00:21:37.129700 UTC
6486,00:21:37.129720 UTC
6487,00:21:37.129740 UTC
6488,00:21:37.129760 UTC
6489,00:21:37.129780 UTC
6490,00:21:38.129800 UTC
6491,00:21:38.129820 UTC
6492,00:21:38.129840 UTC
6493,00:21:38.129860 UTC
6494,00:21:38.129880 UTC
6495,00:21:39.129900 UTC
6496,00:21:39.129920 UTC
6497,00:21:39.129940 UTC
6498,00:21:39.129960 UTC
6499,00:21:39.129980 UTC
6500,00:21:40.130000 UTC
6501,00:21:40.130020 UTC
6502,00:21:40.130040 UTC
6503,00:21:40.130060 UTC
6504,00:21:40.130080 UTC
6505,00:21:41.130100 UTC
6506,00:21:41.130120 UTC
6507,00:21:41.130140 UTC
6508,00:21:41.130160 UTC
6509,00:21:41.130180 UTC
6510,00:21:42.130200 UTC
6511,00:21:42.130220 UTC
6512,00:21:42.130240 UTC
6513,00:21:42.130260 UTC
6514,00:21:42.130280 UTC
6515,00:21:43.130300 UTC
6516,00:21:43.130320 UTC
6517,00:21:43.130340 UTC
6518,00:21:43.130360 UTC
6519,00:21:43.130380 UTC
6520,00:21:44.130400 UTC
6521,00:21:44.130420 UTC
6522,00:21:44.130440 UTC
6523,00:21:44.130460 UTC
6524,00:21:44.130480 UTC
6525,00:21:45.130500 UTC
6526,00:21:45.130520 UTC
6527,00:21:45.130540 UTC
6528,00:21:45.130560 UTC
6529,00:21:45.130580 UTC
6530,00:21:46.130600 UTC
6531,00:21:46.130620 UTC
6532,00:21:46.130640 UTC
6533,00:21:46.130660 UTC
6534,00:21:46.130680 UTC
6535,00:21:47.130700 UTC
6536,00:21:47.130720 UTC
6537,00:21:47.130740 UTC
6538,00:21:47.130760 UTC
6539,00:21:47.130780 UTC
6540,00:21:48.130800 UTC
6541,00:21:48.130820 UTC
6542,00:21:48.130840 UTC
6543,00:21:48.130860 UTC
6544,00:21:48.130880 UTC
6545,00:21:49.130900 UTC
6546,00:21:49.130920 UTC
6547,00:21:49.130940 UTC
6548,00:21:49.130960 UTC
6549,00:21:49.130980 UTC
6550,00:21:50.131000 UTC
6551,00:21:50.131020 UTC
6552,00:21:50.131040 UTC
6553,00:21:50.131060 UTC
6554,00:21:50.131080 UTC
6555,00:21:51.131100 UTC
6556,00:21:51.131120 UTC
6557,00:21:51.131140 UTC
6558,00:21:51.131160 UTC
6559,00:21:51.131180 UTC
6560,00:21:52.131200 UTC
6561,00:21:52.131220 UTC
6562,00:21:52.131240 UTC
6563,00:21:52.131260 UTC
6564,00:21:52.131280 UTC
6565,00:21:53.131300 UTC
6566,00:21:53.131320 UTC
6567,00:21:53.131340 UTC
6568,00:21:53.131360 UTC
6569,00:21:53.131380 UTC
6570,00:21:54.131400 UTC
6571,00:21:54.131420 UTC
6572,00:21:54.131440 UTC
6573,00:21:54.131460 UTC
6574,00:21:54.131480 UTC
6575,00:21:55.131500 UTC
6576,00:21:55.131520 UTC
6577,00:21:55.131540 UTC
6578,00:21:55.131560 UTC
6579,00:21:55.131580 UTC
6580,00:21:56.131600 UTC
6581,00:21:56.131620 UTC
6582,00:21:56.131640 UTC
6583,00:21:56.131660 UTC
6584,00:21:56.131680 UTC
6585,00:21:57.131700 UTC
6586,00:21:57.131720 UTC
6587,00:21:57.131740 UTC
6588,00:21:57.131760 UTC
6589,00:21:57.131780 UTC
6590,00:21:58.131800 UTC
6591,00:21:58.131820 UTC
6592,00:21:58.131840 UTC
6593,00:21:58.131860 UTC
6594,00:21:58.131880 UTC
6595,00:21:59.131900 UTC
6596,00:21:59.131920 UTC
6597,00:21:59.131940 UTC
6598,00:21:59.131960 UTC
6599,00:21:59.131980 UTC
6600,00:22:00.132000 UTC
6601,00:22:00.132020 UTC
6602,00:22:00.132040 UTC
6603,00:22:00.132060 UTC
6604,00:22:00.132080 UTC
6605,00:22:01.132100 UTC
6606,00:22:01.132120 UTC
6607,00:22:01.132140 UTC
6608,00:22:01.132160 UTC
6609,00:22:01.132180 UTC
6610,00:22:02.132200 UTC
6611,00:22:02.132220 UTC
6612,00:22:02.132240 UTC
6613,00:22:02.132260 UTC
6614,00:22:02.132280 UTC
6615,00:22:03.132300 UTC
6616,00:22:03.132320 UTC
6617,00:22:03.132340 UTC
6618,00:22:03.132360 UTC
6619,00:22:03.132380 UTC
6620,00:22:04.132400 UTC
6621,00:22:04.132420 UTC
6622,00:22:04.132440 UTC
6623,00:22:04.132460 UTC
6624,00:22:04.132480 UTC
6625,00:22:05.132500 UTC
6626,00:22:05.132520 UTC
6627,00:22:05.132540 UTC
6628,00:22:05.132560 UTC
6629,00:22:05.132580 UTC
6630,00:22:06.132600 UTC
6631,00:22:06.132620 UTC
6632,00:22:06.132640 UTC
6633,00:22:06.132660 UTC
6634,00:22:06.132680 UTC
6635,00:22:07.132700 UTC
6636,00:22:07.132720 UTC
6637,00:22:07.132740 UTC
6638,00:22:07.132760 UTC
6639,00:22:07.132780 UTC
6640,00:22:08.132800 UTC
6641,00:22:08.132820 UTC
6642,00:22:08.132840 UTC
6643,00:22:08.132860 UTC
6644,00:22:08.132880 UTC
6645,00:22:09.132900 UTC
6646,00:22:09.132920 UTC
6647,00:22:09.132940 UTC
6648,00:22:09.132960 UTC
6649,00:22:09.132980 UTC
6650,00:22:10.133000 UTC
6651,00:22:10.133020 UTC
6652,00:22:10.133040 UTC
6653,00:22:10.133060 UTC
6654,00:22:10.133080 UTC
6655,00:22:11.133100 UTC
6656,00:22:11.133120 UTC
6657,00:22:11.133140 UTC
6658,00:22:11.133160 UTC
6659,00:22:11.133180 UTC
6660,00:22:12.133200 UTC
6661,00:22:12.133220 UTC
6662,00:22:12.133240 UTC
6663,00:22:12.133260 UTC
6664,00:22:12.133280 UTC
6665,00:22:13.133300 UTC
6666,00:22:13.133320 UTC
6667,00:22:13.133340 UTC
6668,00:22:13.133360 UTC
6669,00:22:13.133380 UTC
6670,00:22:14.133400 UTC
6671,00:22:14.133420 UTC
6672,00:22:14.133440 UTC
6673,00:22:14.133460 UTC
6674,00:22:14.133480 UTC
6675,00:22:15.133500 UTC
6676,00:22:15.133520 UTC
6677,00:22:15.133540 UTC
6678,00:22:15.133560 UTC
6679,00:22:15.133580 UTC
6680,00:22:16.133600 UTC
6681,00:22:16.133620 UTC
6682,00:22:16.133640 UTC
6683,00:22:16.133660 UTC
6684,00:22:16.133680 UTC
6685,00:22:17.133700 UTC
6686,00:22:17.133720 UTC
6687,00:22:17.133740 UTC
6688,00:22:17.133760 UTC
6689,00:22:17.133780 UTC
6690,00:22:18.133800 UTC
6691,00:22:18.133820 UTC
6692,00:22:18.133840 UTC
6693,00:22:18.133860 UTC
6694,00:22:18.133880 UTC
6695,00:22:19.133900 UTC
6696,00:22:19.133920 UTC
6697,00:22:19.133940 UTC
6698,00:22:19.133960 UTC
6699,00:22:19.133980 UTC
6700,00:22:20.134000 UTC
6701,00:22:20.134020 UTC
6702,00:22:20.134040 UTC
6703,00:22:20.134060 UTC
6704,00:22:20.134080 UTC
6705,00:22:21.134100 UTC
6706,00:22:21.134120 UTC
6707,00:22:21.134140 UTC
6708,00:22:21.134160 UTC
6709,00:22:21.134180 UTC
6710,00:22:22.134200 UTC
6711,00:22:22.134220 UTC
6712,00:22:22.134240 UTC
6713,00:22:22.134260 UTC
6714,00:22:22.134280 UTC
6715,00:22:23.134300 UTC
6716,00:22:23.134320 UTC
6717,00:22:23.134340 UTC
6718,00:22:23.134360 UTC
6719,00:22:23.134380 UTC
6720,00:22:24.134400 UTC
6721,00:22:24.134420 UTC
6722,00:22:24.134440 UTC
6723,00:22:24.134460 UTC
6724,00:22:24.134480 UTC
6725,00:22:25.134500 UTC
6726,00:22:25.134520 UTC
6727,00:22:25.134540 UTC
6728,00:22:25.134560 UTC
6729,00:22:25.134580 UTC
6730,00:22:26.134600 UTC
6731,00:22:26.134620 UTC
6732,00:22:26.134640 UTC
6733,00:22:26.134660 UTC
6734,00:22:26.134680 UTC
6735,00:22:27.134700 UTC
6736,00:22:27.134720 UTC
6737,00:22:27.134740 UTC
6738,00:22:27.134760 UTC
6739,00:22:27.134780 UTC
6740,00:22:28.134800 UTC
6741,00:22:28.134820 UTC
6742,00:22:28.134840 UTC
6743,00:22:28.134860 UTC
6744,00:22:28.134880 UTC
6745,00:22:29.134900 UTC
6746,00:22:29.134920 UTC
6747,00:22:29.134940 UTC
6748,00:22:29.134960 UTC
6749,00:22:29.134980 UTC
6750,00:22:30.135000 UTC
6751,00:22:30.135020 UTC
6752,00:22:30.135040 UTC
6753,00:22:30.135060 UTC
6754,00:22:30.135080 UTC
6755,00:22:31.135100 UTC
6756,00:22:31.135120 UTC
6757,00:22:31.135140 UTC
6758,00:22:31.135160 UTC
6759,00:22:31.135180 UTC
6760,00:22:32.135200 UTC
6761,00:22:32.135220 UTC
6762,00:22:32.135240 UTC
6763,00:22:32.135260 UTC
6764,00:22:32.135280 UTC
6765,00:22:33.135300 UTC
6766,00:22:33.135320 UTC
6767,00:22:33.135340 UTC
6768,00:22:33.135360 UTC
6769,00:22:33.135380 UTC
6770,00:22:34.135400 UTC
6771,00:22:34.135420 UTC
6772,00:22:34.135440 UTC
6773,00:22:34.135460 UTC
6774,00:22:34.135480 UTC
6775,00:22:35.135500 UTC
6776,00:22:35.135520 UTC
6777,00:22:35.135540 UTC
6778,00:22:35.135560 UTC
6779,00:22:35.135580 UTC
6780,00:22:36.135600 UTC
6781,00:22:36.135620 UTC
6782,00:22:36.135640 UTC
6783,00:22:36.135660 UTC
6784,00:22:36.135680 UTC
6785,00:22:37.135700 UTC
6786,00:22:37.135720 UTC
6787,00:22:37.135740 UTC
6788,00:22:37.135760 UTC
6789,00:22:37.135780 UTC
6790,00:22:38.135800 UTC
6791,00:22:38.135820 UTC
6792,00:22:38.135840 UTC
6793,00:22:38.135860 UTC
6794,00:22:38.135880 UTC
6795,00:22:39.135900 UTC
6796,00:22:39.135920 UTC
6797,00:22:39.135940 UTC
6798,00:22:39.135960 UTC
6799,00:22:39.135980 UTC
6800,00:22:40.136000 UTC
6801,00:22:40.136020 UTC
6802,00:22:40.136040 UTC
6803,00:22:40.136060 UTC
6804,00:22:40.136080 UTC
6805,00:22:41.136100 UTC
6806,00:22:41.136120 UTC
6807,00:22:41.136140 UTC
6808,00:22:41.136160 UTC
6809,00:22:41.136180 UTC
6810,00:22:42.136200 UTC
6811,00:22:42.136220 UTC
6812,00:22:42.136240 UTC
6813,00:22:42.136260 UTC
6814,00:22:42.136280 UTC
6815,00:22:43.136300 UTC
6816,00:22:43.136320 UTC
6817,00:22:43.136340 UTC
6818,00:22:43.136360 UTC
6819,00:22:43.136380 UTC
6820,00:22:44.136400 UTC
6821,00:22:44.136420 UTC
6822,00:22:44.136440 UTC
6823,00:22:44.136460 UTC
6824,00:22:44.136480 UTC
6825,00:22:45.136500 UTC
6826,00:22:45.136520 UTC
6827,00:22:45.136540 UTC
6828,00:22:45.136560 UTC
6829,00:22:45.136580 UTC
6830,00:22:46.136600 UTC
6831,00:22:46.136620 UTC
6832,00:22:46.136640 UTC
6833,00:22:46.136660 UTC
6834,00:22:46.136680 UTC
6835,00:22:47.136700 UTC
6836,00:22:47.136720 UTC
6837,00:22:47.136740 UTC
6838,00:22:47.136760 UTC
6839,00:22:47.136780 UTC
6840,00:22:48.136800 UTC
6841,00:22:48.136820 UTC
6842,00:22:48.136840 UTC
6843,00:22:48.136860 UTC
6844,00:22:48.136880 UTC
6845,00:22:49.136900 UTC
6846,00:22:49.136920 UTC
6847,00:22:49.136940 UTC
6848,00:22:49.136960 UTC
6849,00:22:49.136980 UTC
6850,00:22:50.137000 UTC
6851,00:22:50.137020 UTC
6852,00:22:50.137040 UTC
6853,00:22:50.137060 UTC
6854,00:22:50.137080 UTC
6855,00:22:51.137100 UTC
6856,00:22:51.137120 UTC
6857,00:22:51.137140 UTC
6858,00:22:51.137160 UTC
6859,00:22:51.137180 UTC
6860,00:22:52.137200 UTC
6861,00:22:52.137220 UTC
6862,00:22:52.137240 UTC
6863,00:22:52.137260 UTC
6864,00:22:52.137280 UTC
6865,00:22:53.137300 UTC
6866,00:22:53.137320 UTC
6867,00:22:53.137340 UTC
6868,00:22:53.137360 UTC
6869,00:22:53.137380 UTC
6870,00:22:54.137400 UTC
6871,00:22:54.137420 UTC
6872,00:22:54.137440 UTC
6873,00:22:54.137460 UTC
6874,00:22:54.137480 UTC
6875,00:22:55.137500 UTC
6876,00:22:55.137520 UTC
6877,00:22:55.137540 UTC
6878,00:22:55.137560 UTC
6879,00:22:55.137580 UTC
6880,00:22:56.137600 UTC
6881,00:22:56.137620 UTC
6882,00:22:56.137640 UTC
6883,00:22:56.137660 UTC
6884,00:22:56.137680 UTC
6885,00:22:57.137700 UTC
6886,00:22:57.137720 UTC
6887,00:22:57.137740 UTC
6888,00:22:57.137760 UTC
6889,00:22:57.137780 UTC
6890,00:22:58.137800 UTC
6891,00:22:58.137820 UTC
6892,00:22:58.137840 UTC
6893,00:22:58.137860 UTC
6894,00:22:58.137880 UTC
6895,00:22:59.137900 UTC
6896,00:22:59.137920 UTC
6897,00:22:59.137940 UTC
6898,00:22:59.137960 UTC
6899,00:22:59.137980 UTC
6900,00:23:00.138000 UTC
6901,00:23:00.138020 UTC
6902,00:23:00.138040 UTC
6903,00:23:00.138060 UTC
6904,00:23:00.138080 UTC
6905,00:23:01.138100 UTC
6906,00:23:01.138120 UTC
6907,00:23:01.138140 UTC
6908,00:23:01.138160 UTC
6909,00:23:01.138180 UTC
6910,00:23:02.138200 UTC
6911,00:23:02.138220 UTC
6912,00:23:02.138240 UTC
6913,00:23:02.138260 UTC
6914,00:23:02.138280 UTC
6915,00:23:03.138300 UTC
6916,00:23:03.138320 UTC
6917,00:23:03.138340 UTC
6918,00:23:03.138360 UTC
6919,00:23:03.138380 UTC
6920,00:23:04.138400 UTC
6921,00:23:04.138420 UTC
6922,00:23:04.138440 UTC
6923,00:23:04.138460 UTC
6924,00:23:04.138480 UTC
6925,00:23:05.138500 UTC
6926,00:23:05.138520 UTC
6927,00:23:05.138540 UTC
6928,00:23:05.138560 UTC
6929,00:23:05.138580 UTC
6930,00:23:06.138600 UTC
6931,00:23:06.138620 UTC
6932,00:23:06.138640 UTC
6933,00:23:06.138660 UTC
6934,00:23:06.138680 UTC
6935,00:23:07.138700 UTC
6936,00:23:07.138720 UTC
6937,00:23:07.138740 UTC
6938,00:23:07.138760 UTC
6939,00:23:07.138780 UTC
6940,00:23:08.138800 UTC
6941,00:23:08.138820 UTC
6942,00:23:08.138840 UTC
6943,00:23:08.138860 UTC
6944,00:23:08.138880 UTC
6945,00:23:09.138900 UTC
6946,00:23:09.138920 UTC
6947,00:23:09.138940 UTC
6948,00:23:09.138960 UTC
6949,00:23:09.138980 UTC
6950,00:23:10.139000 UTC
6951,00:23:10.139020 UTC
6952,00:23:10.139040 UTC
6953,00:23:10.139060 UTC
6954,00:23:10.139080 UTC
6955,00:23:11.139100 UTC
6956,00:23:11.139120 UTC
6957,00:23:11.139140 UTC
6958,00:23:11.139160 UTC
6959,00:23:11.139180 UTC
6960,00:23:12.139200 UTC
6961,00:23:12.139220 UTC
6962,00:23:12.139240 UTC
6963,00:23:12.139260 UTC
6964,00:23:12.139280 UTC
6965,00:23:13.139300 UTC
6966,00:23:13.139320 UTC
6967,00:23:13.139340 UTC
6968,00:23:13.139360 UTC
6969,00:23:13.139380 UTC
6970,00:23:14.139400 UTC
6971,00:23:14.139420 UTC
6972,00:23:14.139440 UTC
6973,00:23:14.139460 UTC
6974,00:23:14.139480 UTC
6975,00:23:15.139500 UTC
6976,00:23:15.139520 UTC
6977,00:23:15.139540 UTC
6978,00:23:15.139560 UTC
6979,00:23:15.139580 UTC
6980,00:23:16.139600 UTC
6981,00:23:16.139620 UTC
6982,00:23:16.139640 UTC
6983,00:23:16.139660 UTC
6984,00:23:16.139680 UTC
6985,00:23:17.139700 UTC
6986,00:23:17.139720 UTC
6987,00:23:17.139740 UTC
6988,00:23:17.139760 UTC
6989,00:23:17.139780 UTC
6990,00:23:18.139800 UTC
6991,00:23:18.139820 UTC
6992,00:23:18.139840 UTC
6993,00:23:18.139860 UTC
6994,00:23:18.139880 UTC
6995,00:23:19.139900 UTC
6996,00:23:19.139920 UTC
6997,00:23:19.139940 UTC
6998,00:23:19.139960 UTC
6999,00:23:19.139980 UTC
7000,00:23:20.140000 UTC
7001,00:23:20.140020 UTC
7002,00:23:20.140040 UTC
7003,00:23:20.140060 UTC
7004,00:23:20.140080 UTC
7005,00:23:21.140100 UTC
7006,00:23:21.140120 UTC
7007,00:23:21.140140 UTC
7008,00:23:21.140160 UTC
7009,00:23:21.140180 UTC
7010,00:23:22.140200 UTC
7011,00:23:22.140220 UTC
7012,00:23:22.140240 UTC
7013,00:23:22.140260 UTC
7014,00:23:22.140280 UTC
7015,00:23:23.140300 UTC
7016,00:23:23.140320 UTC
7017,00:23:23.140340 UTC
7018,00:23:23.140360 UTC
7019,00:23:23.140380 UTC
7020,00:23:24.140400 UTC
7021,00:23:24.140420 UTC
7022,00:23:24.140440 UTC
7023,00:23:24.140460 UTC
7024,00:23:24.140480 UTC
7025,00:23:25.140500 UTC
7026,00:23:25.140520 UTC
7027,00:23:25.140540 UTC
7028,00:23:25.140560 UTC
7029,00:23:25.140580 UTC
7030,00:23:26.140600 UTC
7031,00:23:26.140620 UTC
7032,00:23:26.140640 UTC
7033,00:23:26.140660 UTC
7034,00:23:26.140680 UTC
7035,00:23:27.140700 UTC
7036,00:23:27.140720 UTC
7037,00:23:27.140740 UTC
7038,00:23:27.140760 UTC
7039,00:23:27.140780 UTC
7040,00:23:28.140800 UTC
7041,00:23:28.140820 UTC
7042,00:23:28.140840 UTC
7043,00:23:28.140860 UTC
7044,00:23:28.140880 UTC
7045,00:23:29.140900 UTC
7046,00:23:29.140920 UTC
7047,00:23:29.140940 UTC
7048,00:23:29.140960 UTC
7049,00:23:29.140980 UTC
7050,00:23:30.141000 UTC
7051,00:23:30.141020 UTC
7052,00:23:30.141040 UTC
7053,00:23:30.141060 UTC
7054,00:23:30.141080 UTC
7055,00:23:31.141100 UTC
7056,00:23:31.141120 UTC
7057,00:23:31.141140 UTC
7058,00:23:31.141160 UTC
7059,00:23:31.141180 UTC
7060,00:23:32.141200 UTC
7061,00:23:32.141220 UTC
7062,00:23:32.141240 UTC
7063,00:23:32.141260 UTC
7064,00:23:32.141280 UTC
7065,00:23:33.141300 UTC
7066,00:23:33.141320 UTC
7067,00:23:33.141340 UTC
7068,00:23:33.141360 UTC
7069,00:23:33.141380 UTC
7070,00:23:34.141400 UTC
7071,00:23:34.141420 UTC
7072,00:23:34.141440 UTC
7073,00:23:34.141460 UTC
7074,00:23:34.141480 UTC
7075,00:23:35.141500 UTC
7076,00:23:35.141520 UTC
7077,00:23:35.141540 UTC
7078,00:23:35.141560 UTC
7079,00:23:35.141580 UTC
7080,00:23:36.141600 UTC
7081,00:23:36.141620 UTC
7082,00:23:36.141640 UTC
7083,00:23:36.141660 UTC
7084,00:23:36.141680 UTC
7085,00:23:37.141700 UTC
7086,00:23:37.141720 UTC
7087,00:23:37.141740 UTC
7088,00:23:37.141760 UTC
7089,00:23:37.141780 UTC
7090,00:23:38.141800 UTC
7091,00:23:38.141820 UTC
7092,00:23:38.141840 UTC
7093,00:23:38.141860 UTC
7094,00:23:38.141880 UTC
7095,00:23:39.141900 UTC
7096,00:23:39.141920 UTC
7097,00:23:39.141940 UTC
7098,00:23:39.141960 UTC
7099,00:23:39.141980 UTC
7100,00:23:40.142000 UTC
7101,00:23:40.142020 UTC
7102,00:23:40.142040 UTC
7103,00:23:40.142060 UTC
7104,00:23:40.142080 UTC
7105,00:23:41.142100 UTC
7106,00:23:41.142120 UTC
7107,00:23:41.142140 UTC
7108,00:23:41.142160 UTC
7109,00:23:41.142180 UTC
7110,00:23:42.142200 UTC
7111,00:23:42.142220 UTC
7112,00:23:42.142240 UTC
7113,00:23:42.142260 UTC
7114,00:23:42.142280 UTC
7115,00:23:43.142300 UTC
7116,00:23:43.142320 UTC
7117,00:23:43.142340 UTC
7118,00:23:43.142360 UTC
7119,00:23:43.142380 UTC
7120,00:23:44.142400 UTC
7121,00:23:44.142420 UTC
7122,00:23:44.142440 UTC
7123,00:23:44.142460 UTC
7124,00:23:44.142480 UTC
7125,00:23:45.142500 UTC
7126,00:23:45.142520 UTC
7127,00:23:45.142540 UTC
7128,00:23:45.142560 UTC
7129,00:23:45.142580 UTC
7130,00:23:46.142600 UTC
7131,00:23:46.142620 UTC
7132,00:23:46.142640 UTC
7133,00:23:46.142660 UTC
7134,00:23:46.142680 UTC
7135,00:23:47.142700 UTC
7136,00:23:47.142720 UTC
7137,00:23:47.142740 UTC
7138,00:23:47.142760 UTC
7139,00:23:47.142780 UTC
7140,00:23:48.142800 UTC
7141,00:23:48.142820 UTC
7142,00:23:48.142840 UTC
7143,00:23:48.142860 UTC
7144,00:23:48.142880 UTC
7145,00:23:49.142900 UTC
7146,00:23:49.142920 UTC
7147,00:23:49.142940 UTC
7148,00:23:49.142960 UTC
7149,00:23:49.142980 UTC
7150,00:23:50.143000 UTC
7151,00:23:50.143020 UTC
7152,00:23:50.143040 UTC
7153,00:23:50.143060 UTC
7154,00:23:50.143080 UTC
7155,00:23:51.143100 UTC
7156,00:23:51.143120 UTC
7157,00:23:51.143140 UTC
7158,00:23:51.143160 UTC
7159,00:23:51.143180 UTC
7160,00:23:52.143200 UTC
7161,00:23:52.143220 UTC
7162,00:23:52.143240 UTC
7163,00:23:52.143260 UTC
7164,00:23:52.143280 UTC
7165,00:23:53.143300 UTC
7166,00:23:53.143320 UTC
7167,00:23:53.143340 UTC
7168,00:23:53.143360 UTC
7169,00:23:53.143380 UTC
7170,00:23:54.143400 UTC
7171,00:23:54.143420 UTC
7172,00:23:54.143440 UTC
7173,00:23:54.143460 UTC
7174,00:23:54.143480 UTC
7175,00:23:55.143500 UTC
7176,00:23:55.143520 UTC
7177,00:23:55.143540 UTC
7178,00:23:55.143560 UTC
7179,00:23:55.143580 UTC
7180,00:23:56.143600 UTC
7181,00:23:56.143620 UTC
7182,00:23:56.143640 UTC
7183,00:23:56.143660 UTC
7184,00:23:56.143680 UTC
7185,00:23:57.143700 UTC
7186,00:23:57.143720 UTC
7187,00:23:57.143740 UTC
7188,00:23:57.143760 UTC
7189,00:23:57.143780 UTC
7190,00:23:58.143800 UTC
7191,00:23:58.143820 UTC
7192,00:23:58.143840 UTC
7193,00:23:58.143860 UTC
7194,00:23:58.143880 UTC
7195,00:23:59.143900 UTC
7196,00:23:59.143920 UTC
7197,00:23:59.143940 UTC
7198,00:23:59.143960 UTC
7199,00:23:59.143980 UTC
7200,00:24:00.144000 UTC
7201,00:24:00.144020 UTC
7202,00:24:00.144040 UTC
7203,00:24:00.144060 UTC
7204,00:24:00.144080 UTC
7205,00:24:01.144100 UTC
7206,00:24:01.144120 UTC
7207,00:24:01.144140 UTC
7208,00:24:01.144160 UTC
7209,00:24:01.144180 UTC
7210,00:24:02.144200 UTC
7211,00:24:02.144220 UTC
7212,00:24:02.144240 UTC
7213,00:24:02.144260 UTC
7214,00:24:02.144280 UTC
7215,00:24:03.144300 UTC
7216,00:24:03.144320 UTC
7217,00:24:03.144340 UTC
7218,00:24:03.144360 UTC
7219,00:24:03.144380 UTC
7220,00:24:04.144400 UTC
7221,00:24:04.144420 UTC
7222,00:24:04.144440 UTC
7223,00:24:04.144460 UTC
7224,00:24:04.144480 UTC
7225,00:24:05.144500 UTC
7226,00:24:05.144520 UTC
7227,00:24:05.144540 UTC
7228,00:24:05.144560 UTC
7229,00:24:05.144580 UTC
7230,00:24:06.144600 UTC
7231,00:24:06.144620 UTC
7232,00:24:06.144640 UTC
7233,00:24:06.144660 UTC
7234,00:24:06.144680 UTC
7235,00:24:07.144700 UTC
7236,00:24:07.144720 UTC
7237,00:24:07.144740 UTC
7238,00:24:07.144760 UTC
7239,00:24:07.144780 UTC
7240,00:24:08.144800 UTC
7241,00:24:08.144820 UTC
7242,00:24:08.144840 UTC
7243,00:24:08.144860 UTC
7244,00:24:08.144880 UTC
7245,00:24:09.144900 UTC
7246,00:24:09.144920 UTC
7247,00:24:09.144940 UTC
7248,00:24:09.144960 UTC
7249,00:24:09.144980 UTC
7250,00:24:10.145000 UTC
7251,00:24:10.145020 UTC
7252,00:24:10.145040 UTC
7253,00:24:10.145060 UTC
7254,00:24:10.145080 UTC
7255,00:24:11.145100 UTC
7256,00:24:11.145120 UTC
7257,00:24:11.145140 UTC
7258,00:24:11.145160 UTC
7259,00:24:11.145180 UTC
7260,00:24:12.145200 UTC
7261,00:24:12.145220 UTC
7262,00:24:12.145240 UTC
7263,00:24:12.145260 UTC
7264,00:24:12.145280 UTC
7265,00:24:13.145300 UTC
7266,00:24:13.145320 UTC
7267,00:24:13.145340 UTC
7268,00:24:13.145360 UTC
7269,00:24:13.145380 UTC
7270,00:24:14.145400 UTC
7271,00:24:14.145420 UTC
7272,00:24:14.145440 UTC
7273,00:24:14.145460 UTC
7274,00:24:14.145480 UTC
7275,00:24:15.145500 UTC
7276,00:24:15.145520 UTC
7277,00:24:15.145540 UTC
7278,00:24:15.145560 UTC
7279,00:24:15.145580 UTC
7280,00:24:16.145600 UTC
7281,00:24:16.145620 UTC
7282,00:24:16.145640 UTC
7283,00:24:16.145660 UTC
7284,00:24:16.145680 UTC
7285,00:24:17.145700 UTC
7286,00:24:17.145720 UTC
7287,00:24:17.145740 UTC
7288,00:24:17.145760 UTC
7289,00:24:17.145780 UTC
7290,00:24:18.145800 UTC
7291,00:24:18.145820 UTC
7292,00:24:18.145840 UTC
7293,00:24:18.145860 UTC
7294,00:24:18.145880 UTC
7295,00:24:19.145900 UTC
7296,00:24:19.145920 UTC
7297,00:24:19.145940 UTC
7298,00:24:19.145960 UTC
7299,00:24:19.145980 UTC
7300,00:24:20.146000 UTC
7301,00:24:20.146020 UTC
7302,00:24:20.146040 UTC
7303,00:24:20.146060 UTC
7304,00:24:20.146080 UTC
7305,00:24:21.146100 UTC
7306,00:24:21.146120 UTC
7307,00:24:21.146140 UTC
7308,00:24:21.146160 UTC
7309,00:24:21.146180 UTC
7310,00:24:22.146200 UTC
7311,00:24:22.146220 UTC
7312,00:24:22.146240 UTC
7313,00:24:22.146260 UTC
7314,00:24:22.146280 UTC
7315,00:24:23.146300 UTC
7316,00:24:23.146320 UTC
7317,00:24:23.146340 UTC
7318,00:24:23.146360 UTC
7319,00:24:23.146380 UTC
7320,00:24:24.146400 UTC
7321,00:24:24.146420 UTC
7322,00:24:24.146440 UTC
7323,00:24:24.146460 UTC
7324,00:24:24.146480 UTC
7325,00:24:25.146500 UTC
7326,00:24:25.146520 UTC
7327,00:24:25.146540 UTC
7328,00:24:25.146560 UTC
7329,00:24:25.146580 UTC
7330,00:24:26.146600 UTC
7331,00:24:26.146620 UTC
7332,00:24:26.146640 UTC
7333,00:24:26.146660 UTC
7334,00:24:26.146680 UTC
7335,00:24:27.146700 UTC
7336,00:24:27.146720 UTC
7337,00:24:27.146740 UTC
7338,00:24:27.146760 UTC
7339,00:24:27.146780 UTC
7340,00:24:28.146800 UTC
7341,00:24:28.146820 UTC
7342,00:24:28.146840 UTC
7343,00:24:28.146860 UTC
7344,00:24:28.146880 UTC
7345,00:24:29.146900 UTC
7346,00:24:29.146920 UTC
7347,00:24:29.146940 UTC
7348,00:24:29.146960 UTC
7349,00:24:29.146980 UTC
7350,00:24:30.147000 UTC
7351,00:24:30.147020 UTC
7352,00:24:30.147040 UTC
7353,00:24:30.147060 UTC
7354,00:24:30.147080 UTC
7355,00:24:31.147100 UTC
7356,00:24:31.147120 UTC
7357,00:24:31.147140 UTC
7358,00:24:31.147160 UTC
7359,00:24:31.147180 UTC
7360,00:24:32.147200 UTC
7361,00:24:32.147220 UTC
7362,00:24:32.147240 UTC
7363,00:24:32.147260 UTC
7364,00:24:32.147280 UTC
7365,00:24:33.147300 UTC
7366,00:24:33.147320 UTC
7367,00:24:33.147340 UTC
7368,00:24:33.147360 UTC
7369,00:24:33.147380 UTC
7370,00:24:34.147400 UTC
7371,00:24:34.147420 UTC
7372,00:24:34.147440 UTC
7373,00:24:34.147460 UTC
7374,00:24:34.147480 UTC
7375,00:24:35.147500 UTC
7376,00:24:35.147520 UTC
7377,00:24:35.147540 UTC
7378,00:24:35.147560 UTC
7379,00:24:35.147580 UTC
7380,00:24:36.147600 UTC
7381,00:24:36.147620 UTC
7382,00:24:36.147640 UTC
7383,00:24:36.147660 UTC
7384,00:24:36.147680 UTC
7385,00:24:37.147700 UTC
7386,00:24:37.147720 UTC
7387,00:24:37.147740 UTC
7388,00:24:37.147760 UTC
7389,00:24:37.147780 UTC
7390,00:24:38.147800 UTC
7391,00:24:38.147820 UTC
7392,00:24:38.147840 UTC
7393,00:24:38.147860 UTC
7394,00:24:38.147880 UTC
7395,00:24:39.147900 UTC
7396,00:24:39.147920 UTC
7397,00:24:39.147940 UTC
7398,00:24:39.147960 UTC
7399,00:24:39.147980 UTC
7400,00:24:40.148000 UTC
7401,00:24:40.148020 UTC
7402,00:24:40.148040 UTC
7403,00:24:40.148060 UTC
7404,00:24:40.148080 UTC
7405,00:24:41.148100 UTC
7406,00:24:41.148120 UTC
7407,00:24:41.148140 UTC
7408,00:24:41.148160 UTC
7409,00:24:41.148180 UTC
7410,00:24:42.148200 UTC
7411,00:24:42.148220 UTC
7412,00:24:42.148240 UTC
7413,00:24:42.148260 UTC
7414,00:24:42.148280 UTC
7415,00:24:43.148300 UTC
7416,00:24:43.148320 UTC
7417,00:24:43.148340 UTC
7418,00:24:43.148360 UTC
7419,00:24:43.148380 UTC
7420,00:24:44.148400 UTC
7421,00:24:44.148420 UTC
7422,00:24:44.148440 UTC
7423,00:24:44.148460 UTC
7424,00:24:44.148480 UTC
7425,00:24:45.148500 UTC
7426,00:24:45.148520 UTC
7427,00:24:45.148540 UTC
7428,00:24:45.148560 UTC
7429,00:24:45.148580 UTC
7430,00:24:46.148600 UTC
7431,00:24:46.148620 UTC
7432,00:24:46.148640 UTC
7433,00:24:46.148660 UTC
7434,00:24:46.148680 UTC
7435,00:24:47.148700 UTC
7436,00:24:47.148720 UTC
7437,00:24:47.148740 UTC
7438,00:24:47.148760 UTC
7439,00:24:47.148780 UTC
7440,00:24:48.148800 UTC
7441,00:24:48.148820 UTC
7442,00:24:48.148840 UTC
7443,00:24:48.148860 UTC
7444,00:24:48.148880 UTC
7445,00:24:49.148900 UTC
7446,00:24:49.148920 UTC
7447,00:24:49.148940 UTC
7448,00:24:49.148960 UTC
7449,00:24:49.148980 UTC
7450,00:24:50.149000 UTC
7451,00:24:50.149020 UTC
7452,00:24:50.149040 UTC
7453,00:24:50.149060 UTC
7454,00:24:50.149080 UTC
7455,00:24:51.149100 UTC
7456,00:24:51.149120 UTC
7457,00:24:51.149140 UTC
7458,00:24:51.149160 UTC
7459,00:24:51.149180 UTC
7460,00:24:52.149200 UTC
7461,00:24:52.149220 UTC
7462,00:24:52.149240 UTC
7463,00:24:52.149260 UTC
7464,00:24:52.149280 UTC
7465,00:24:53.149300 UTC
7466,00:24:53.149320 UTC
7467,00:24:53.149340 UTC
7468,00:24:53.149360 UTC
7469,00:24:53.149380 UTC
7470,00:24:54.149400 UTC
7471,00:24:54.149420 UTC
7472,00:24:54.149440 UTC
7473,00:24:54.149460 UTC
7474,00:24:54.149480 UTC
7475,00:24:55.149500 UTC
7476,00:24:55.149520 UTC
7477,00:24:55.149540 UTC
7478,00:24:55.149560 UTC
7479,00:24:55.149580 UTC
7480,00:24:56.149600 UTC
7481,00:24:56.149620 UTC
7482,00:24:56.149640 UTC
7483,00:24:56.149660 UTC
7484,00:24:56.149680 UTC
7485,00:24:57.149700 UTC
7486,00:24:57.149720 UTC
7487,00:24:57.149740 UTC
7488,00:24:57.149760 UTC
7489,00:24:57.149780 UTC
7490,00:24:58.149800 UTC
7491,00:24:58.149820 UTC
7492,00:24:58.149840 UTC
7493,00:24:58.149860 UTC
7494,00:24:58.149880 UTC
7495,00:24:59.149900 UTC
7496,00:24:59.149920 UTC
7497,00:24:59.149940 UTC
7498,00:24:59.149960 UTC
7499,00:24:59.149980 UTC
7500,00:25:00.150000 UTC
7501,00:25:00.150020 UTC
7502,00:25:00.150040 UTC
7503,00:25:00.150060 UTC
7504,00:25:00.150080 UTC
7505,00:25:01.150100 UTC
7506,00:25:01.150120 UTC
7507,00:25:01.150140 UTC
7508,00:25:01.150160 UTC
7509,00:25:01.150180 UTC
7510,00:25:02.150200 UTC
7511,00:25:02.150220 UTC
7512,00:25:02.150240 UTC
7513,00:25:02.150260 UTC
7514,00:25:02.150280 UTC
7515,00:25:03.150300 UTC
7516,00:25:03.150320 UTC
7517,00:25:03.150340 UTC
7518,00:25:03.150360 UTC
7519,00:25:03.150380 UTC
7520,00:25:04.150400 UTC
7521,00:25:04.150420 UTC
7522,00:25:04.150440 UTC
7523,00:25:04.150460 UTC
7524,00:25:04.150480 UTC
7525,00:25:05.150500 UTC
7526,00:25:05.150520 UTC
7527,00:25:05.150540 UTC
7528,00:25:05.150560 UTC
7529,00:25:05.150580 UTC
7530,00:25:06.150600 UTC
7531,00:25:06.150620 UTC
7532,00:25:06.150640 UTC
7533,00:25:06.150660 UTC
7534,00:25:06.150680 UTC
7535,00:25:07.150700 UTC
7536,00:25:07.150720 UTC
7537,00:25:07.150740 UTC
7538,00:25:07.150760 UTC
7539,00:25:07.150780 UTC
7540,00:25:08.150800 UTC
7541,00:25:08.150820 UTC
7542,00:25:08.150840 UTC
7543,00:25:08.150860 UTC
7544,00:25:08.150880 UTC
7545,00:25:09.150900 UTC
7546,00:25:09.150920 UTC
7547,00:25:09.150940 UTC
7548,00:25:09.150960 UTC
7549,00:25:09.150980 UTC
7550,00:25:10.151000 UTC
7551,00:25:10.151020 UTC
7552,00:25:10.151040 UTC
7553,00:25:10.151060 UTC
7554,00:25:10.151080 UTC
7555,00:25:11.151100 UTC
7556,00:25:11.151120 UTC
7557,00:25:11.151140 UTC
7558,00:25:11.151160 UTC
7559,00:25:11.151180 UTC
7560,00:25:12.151200 UTC
7561,00:25:12.151220 UTC
7562,00:25:12.151240 UTC
7563,00:25:12.151260 UTC
7564,00:25:12.151280 UTC
7565,00:25:13.151300 UTC
7566,00:25:13.151320 UTC
7567,00:25:13.151340 UTC
7568,00:25:13.151360 UTC
7569,00:25:13.151380 UTC
7570,00:25:14.151400 UTC
7571,00:25:14.151420 UTC
7572,00:25:14.151440 UTC
7573,00:25:14.151460 UTC
7574,00:25:14.151480 UTC
7575,00:25:15.151500 UTC
7576,00:25:15.151520 UTC
7577,00:25:15.151540 UTC
7578,00:25:15.151560 UTC
7579,00:25:15.151580 UTC
7580,00:25:16.151600 UTC
7581,00:25:16.151620 UTC
7582,00:25:16.151640 UTC
7583,00:25:16.151660 UTC
7584,00:25:16.151680 UTC
7585,00:25:17.151700 UTC
7586,00:25:17.151720 UTC
7587,00:25:17.151740 UTC
7588,00:25:17.151760 UTC
7589,00:25:17.151780 UTC
7590,00:25:18.151800 UTC
7591,00:25:18.151820 UTC
7592,00:25:18.151840 UTC
7593,00:25:18.151860 UTC
7594,00:25:18.151880 UTC
7595,00:25:19.151900 UTC
7596,00:25:19.151920 UTC
7597,00:25:19.151940 UTC
7598,00:25:19.151960 UTC
7599,00:25:19.151980 UTC
7600,00:25:20.152000 UTC
7601,00:25:20.152020 UTC
7602,00:25:20.152040 UTC
7603,00:25:20.152060 UTC
7604,00:25:20.152080 UTC
7605,00:25:21.152100 UTC
7606,00:25:21.152120 UTC
7607,00:25:21.152140 UTC
7608,00:25:21.152160 UTC
7609,00:25:21.152180 UTC
7610,00:25:22.152200 UTC
7611,00:25:22.152220 UTC
7612,00:25:22.152240 UTC
7613,00:25:22.152260 UTC
7614,00:25:22.152280 UTC
7615,00:25:23.152300 UTC
7616,00:25:23.152320 UTC
7617,00:25:23.152340 UTC
7618,00:25:23.152360 UTC
7619,00:25:23.152380 UTC
7620,00:25:24.152400 UTC
7621,00:25:24.152420 UTC
7622,00:25:24.152440 UTC
7623,00:25:24.152460 UTC
7624,00:25:24.152480 UTC
7625,00:25:25.152500 UTC
7626,00:25:25.152520 UTC
7627,00:25:25.152540 UTC
7628,00:25:25.152560 UTC
7629,00:25:25.152580 UTC
7630,00:25:26.152600 UTC
7631,00:25:26.152620 UTC
7632,00:25:26.152640 UTC
7633,00:25:26.152660 UTC
7634,00:25:26.152680 UTC
7635,00:25:27.152700 UTC
7636,00:25:27.152720 UTC
7637,00:25:27.152740 UTC
7638,00:25:27.152760 UTC
7639,00:25:27.152780 UTC
7640,00:25:28.152800 UTC
7641,00:25:28.152820 UTC
7642,00:25:28.152840 UTC
7643,00:25:28.152860 UTC
7644,00:25:28.152880 UTC
7645,00:25:29.152900 UTC
7646,00:25:29.152920 UTC
7647,00:25:29.152940 UTC
7648,00:25:29.152960 UTC
7649,00:25:29.152980 UTC
7650,00:25:30.153000 UTC
7651,00:25:30.153020 UTC
7652,00:25:30.153040 UTC
7653,00:25:30.153060 UTC
7654,00:25:30.153080 UTC
7655,00:25:31.153100 UTC
7656,00:25:31.153120 UTC
7657,00:25:31.153140 UTC
7658,00:25:31.153160 UTC
7659,00:25:31.153180 UTC
7660,00:25:32.153200 UTC
7661,00:25:32.153220 UTC
7662,00:25:32.153240 UTC
7663,00:25:32.153260 UTC
7664,00:25:32.153280 UTC
7665,00:25:33.153300 UTC
7666,00:25:33.153320 UTC
7667,00:25:33.153340 UTC
7668,00:25:33.153360 UTC
7669,00:25:33.153380 UTC
7670,00:25:34.153400 UTC
7671,00:25:34.153420 UTC
7672,00:25:34.153440 UTC
7673,00:25:34.153460 UTC
7674,00:25:34.153480 UTC
7675,00:25:35.153500 UTC
7676,00:25:35.153520 UTC
7677,00:25:35.153540 UTC
7678,00:25:35.153560 UTC
7679,00:25:35.153580 UTC
7680,00:25:36.153600 UTC
7681,00:25:36.153620 UTC
7682,00:25:36.153640 UTC
7683,00:25:36.153660 UTC
7684,00:25:36.153680 UTC
7685,00:25:37.153700 UTC
7686,00:25:37.153720 UTC
7687,00:25:37.153740 UTC
7688,00:25:37.153760 UTC
7689,00:25:37.153780 UTC
7690,00:25:38.153800 UTC
7691,00:25:38.153820 UTC
7692,00:25:38.153840 UTC
7693,00:25:38.153860 UTC
7694,00:25:38.153880 UTC
7695,00:25:39.153900 UTC
7696,00:25:39.153920 UTC
7697,00:25:39.153940 UTC
7698,00:25:39.153960 UTC
7699,00:25:39.153980 UTC
7700,00:25:40.154000 UTC
7701,00:25:40.154020 UTC
7702,00:25:40.154040 UTC
7703,00:25:40.154060 UTC
7704,00:25:40.154080 UTC
7705,00:25:41.154100 UTC
7706,00:25:41.154120 UTC
7707,00:25:41.154140 UTC
7708,00:25:41.154160 UTC
7709,00:25:41.154180 UTC
7710,00:25:42.154200 UTC
7711,00:25:42.154220 UTC
7712,00:25:42.154240 UTC
7713,00:25:42.154260 UTC
7714,00:25:42.154280 UTC
7715,00:25:43.154300 UTC
7716,00:25:43.154320 UTC
7717,00:25:43.154340 UTC
7718,00:25:43.154360 UTC
7719,00:25:43.154380 UTC
7720,00:25:44.154400 UTC
7721,00:25:44.154420 UTC
7722,00:25:44.154440 UTC
7723,00:25:44.154460 UTC
7724,00:25:44.154480 UTC
7725,00:25:45.154500 UTC
7726,00:25:45.154520 UTC
7727,00:25:45.154540 UTC
7728,00:25:45.154560 UTC
7729,00:25:45.154580 UTC
7730,00:25:46.154600 UTC
7731,00:25:46.154620 UTC
7732,00:25:46.154640 UTC
7733,00:25:46.154660 UTC
7734,00:25:46.154680 UTC
7735,00:25:47.154700 UTC
7736,00:25:47.154720 UTC
7737,00:25:47.154740 UTC
7738,00:25:47.154760 UTC
7739,00:25:47.154780 UTC
7740,00:25:48.154800 UTC
7741,00:25:48.154820 UTC
7742,00:25:48.154840 UTC
7743,00:25:48.154860 UTC
7744,00:25:48.154880 UTC
7745,00:25:49.154900 UTC
7746,00:25:49.154920 UTC
7747,00:25:49.154940 UTC
7748,00:25:49.154960 UTC
7749,00:25:49.154980 UTC
7750,00:25:50.155000 UTC
7751,00:25:50.155020 UTC
7752,00:25:50.155040 UTC
7753,00:25:50.155060 UTC
7754,00:25:50.155080 UTC
7755,00:25:51.155100 UTC
7756,00:25:51.155120 UTC
7757,00:25:51.155140 UTC
7758,00:25:51.155160 UTC
7759,00:25:51.155180 UTC
7760,00:25:52.155200 UTC
7761,00:25:52.155220 UTC
7762,00:25:52.155240 UTC
7763,00:25:52.155260 UTC
7764,00:25:52.155280 UTC
7765,00:25:53.155300 UTC
7766,00:25:53.155320 UTC
7767,00:25:53.155340 UTC
7768,00:25:53.155360 UTC
7769,00:25:53.155380 UTC
7770,00:25:54.155400 UTC
7771,00:25:54.155420 UTC
7772,00:25:54.155440 UTC
7773,00:25:54.155460 UTC
7774,00:25:54.155480 UTC
7775,00:25:55.155500 UTC
7776,00:25:55.155520 UTC
7777,00:25:55.155540 UTC
7778,00:25:55.155560 UTC
7779,00:25:55.155580 UTC
7780,00:25:56.155600 UTC
7781,00:25:56.155620 UTC
7782,00:25:56.155640 UTC
7783,00:25:56.155660 UTC
7784,00:25:56.155680 UTC
7785,00:25:57.155700 UTC
7786,00:25:57.155720 UTC
7787,00:25:57.155740 UTC
7788,00:25:57.155760 UTC
7789,00:25:57.155780 UTC
7790,00:25:58.155800 UTC
7791,00:25:58.155820 UTC
7792,00:25:58.155840 UTC
7793,00:25:58.155860 UTC
7794,00:25:58.155880 UTC
7795,00:25:59.155900 UTC
7796,00:25:59.155920 UTC
7797,00:25:59.155940 UTC
7798,00:25:59.155960 UTC
7799,00:25:59.155980 UTC
7800,00:26:00.156000 UTC
7801,00:26:00.156020 UTC
7802,00:26:00.156040 UTC
7803,00:26:00.156060 UTC
7804,00:26:00.156080 UTC
7805,00:26:01.156100 UTC
7806,00:26:01.156120 UTC
7807,00:26:01.156140 UTC
7808,00:26:01.156160 UTC
7809,00:26:01.156180 UTC
7810,00:26:02.156200 UTC
7811,00:26:02.156220 UTC
7812,00:26:02.156240 UTC
7813,00:26:02.156260 UTC
7814,00:26:02.156280 UTC
7815,00:26:03.156300 UTC
7816,00:26:03.156320 UTC
7817,00:26:03.156340 UTC
7818,00:26:03.156360 UTC
7819,00:26:03.156380 UTC
7820,00:26:04.156400 UTC
7821,00:26:04.156420 UTC
7822,00:26:04.156440 UTC
7823,00:26:04.156460 UTC
7824,00:26:04.156480 UTC
7825,00:26:05.156500 UTC
7826,00:26:05.156520 UTC
7827,00:26:05.156540 UTC
7828,00:26:05.156560 UTC
7829,00:26:05.156580 UTC
7830,00:26:06.156600 UTC
7831,00:26:06.156620 UTC
7832,00:26:06.156640 UTC
7833,00:26:06.156660 UTC
7834,00:26:06.156680 UTC
7835,00:26:07.156700 UTC
7836,00:26:07.156720 UTC
7837,00:26:07.156740 UTC
7838,00:26:07.156760 UTC
7839,00:26:07.156780 UTC
7840,00:26:08.156800 UTC
7841,00:26:08.156820 UTC
7842,00:26:08.156840 UTC
7843,00:26:08.156860 UTC
7844,00:26:08.156880 UTC
7845,00:26:09.156900 UTC
7846,00:26:09.156920 UTC
7847,00:26:09.156940 UTC
7848,00:26:09.156960 UTC
7849,00:26:09.156980 UTC
7850,00:26:10.157000 UTC
7851,00:26:10.157020 UTC
7852,00:26:10.157040 UTC
7853,00:26:10.157060 UTC
7854,00:26:10.157080 UTC
7855,00:26:11.157100 UTC
7856,00:26:11.157120 UTC
7857,00:26:11.157140 UTC
7858,00:26:11.157160 UTC
7859,00:26:11.157180 UTC
7860,00:26:12.157200 UTC
7861,00:26:12.157220 UTC
7862,00:26:12.157240 UTC
7863,00:26:12.157260 UTC
7864,00:26:12.157280 UTC
7865,00:26:13.157300 UTC
7866,00:26:13.157320 UTC
7867,00:26:13.157340 UTC
7868,00:26:13.157360 UTC
7869,00:26:13.157380 UTC
7870,00:26:14.157400 UTC
7871,00:26:14.157420 UTC
7872,00:26:14.157440 UTC
7873,00:26:14.157460 UTC
7874,00:26:14.157480 UTC
7875,00:26:15.157500 UTC
7876,00:26:15.157520 UTC
7877,00:26:15.157540 UTC
7878,00:26:15.157560 UTC
7879,00:26:15.157580 UTC
7880,00:26:16.157600 UTC
7881,00:26:16.157620 UTC
7882,00:26:16.157640 UTC
7883,00:26:16.157660 UTC
7884,00:26:16.157680 UTC
7885,00:26:17.157700 UTC
7886,00:26:17.157720 UTC
7887,00:26:17.157740 UTC
7888,00:26:17.157760 UTC
7889,00:26:17.157780 UTC
7890,00:26:18.157800 UTC
7891,00:26:18.157820 UTC
7892,00:26:18.157840 UTC
7893,00:26:18.157860 UTC
7894,00:26:18.157880 UTC
7895,00:26:19.157900 UTC
7896,00:26:19.157920 UTC
7897,00:26:19.157940 UTC
7898,00:26:19.157960 UTC
7899,00:26:19.157980 UTC
7900,00:26:20.158000 UTC
7901,00:26:20.158020 UTC
7902,00:26:20.158040 UTC
7903,00:26:20.158060 UTC
7904,00:26:20.158080 UTC
7905,00:26:21.158100 UTC
7906,00:26:21.158120 UTC
7907,00:26:21.158140 UTC
7908,00:26:21.158160 UTC
7909,00:26:21.158180 UTC
7910,00:26:22.158200 UTC
7911,00:26:22.158220 UTC
7912,00:26:22.158240 UTC
7913,00:26:22.158260 UTC
7914,00:26:22.158280 UTC
7915,00:26:23.158300 UTC
7916,00:26:23.158320 UTC
7917,00:26:23.158340 UTC
7918,00:26:23.158360 UTC
7919,00:26:23.158380 UTC
7920,00:26:24.158400 UTC
7921,00:26:24.158420 UTC
7922,00:26:24.158440 UTC
7923,00:26:24.158460 UTC
7924,00:26:24.158480 UTC
7925,00:26:25.158500 UTC
7926,00:26:25.158520 UTC
7927,00:26:25.158540 UTC
7928,00:26:25.158560 UTC
7929,00:26:25.158580 UTC
7930,00:26:26.158600 UTC
7931,00:26:26.158620 UTC
7932,00:26:26.158640 UTC
7933,00:26:26.158660 UTC
7934,00:26:26.158680 UTC
7935,00:26:27.158700 UTC
7936,00:26:27.158720 UTC
7937,00:26:27.158740 UTC
7938,00:26:27.158760 UTC
7939,00:26:27.158780 UTC
7940,00:26:28.158800 UTC
7941,00:26:28.158820 UTC
7942,00:26:28.158840 UTC
7943,00:26:28.158860 UTC
7944,00:26:28.158880 UTC
7945,00:26:29.158900 UTC
7946,00:26:29.158920 UTC
7947,00:26:29.158940 UTC
7948,00:26:29.158960 UTC
7949,00:26:29.158980 UTC
7950,00:26:30.159000 UTC
7951,00:26:30.159020 UTC
7952,00:26:30.159040 UTC
7953,00:26:30.159060 UTC
7954,00:26:30.159080 UTC
7955,00:26:31.159100 UTC
7956,00:26:31.159120 UTC
7957,00:26:31.159140 UTC
7958,00:26:31.159160 UTC
7959,00:26:31.159180 UTC
7960,00:26:32.159200 UTC
7961,00:26:32.159220 UTC
7962,00:26:32.159240 UTC
7963,00:26:32.159260 UTC
7964,00:26:32.159280 UTC
7965,00:26:33.159300 UTC
7966,00:26:33.159320 UTC
7967,00:26:33.159340 UTC
7968,00:26:33.159360 UTC
7969,00:26:33.159380 UTC
7970,00:26:34.159400 UTC
7971,00:26:34.159420 UTC
7972,00:26:34.159440 UTC
7973,00:26:34.159460 UTC
7974,00:26:34.159480 UTC
7975,00:26:35.159500 UTC
7976,00:26:35.159520 UTC
7977,00:26:35.159540 UTC
7978,00:26:35.159560 UTC
7979,00:26:35.159580 UTC
7980,00:26:36.159600 UTC
7981,00:26:36.159620 UTC
7982,00:26:36.159640 UTC
7983,00:26:36.159660 UTC
7984,00:26:36.159680 UTC
7985,00:26:37.159700 UTC
7986,00:26:37.159720 UTC
7987,00:26:37.159740 UTC
7988,00:26:37.159760 UTC
7989,00:26:37.159780 UTC
7990,00:26:38.159800 UTC
7991,00:26:38.159820 UTC
7992,00:26:38.159840 UTC
7993,00:26:38.159860 UTC
7994,00:26:38.159880 UTC
7995,00:26:39.159900 UTC
7996,00:26:39.159920 UTC
7997,00:26:39.159940 UTC
7998,00:26:39.159960 UTC
7999,00:26:39.159980 UTC
8000,00:26:40.160000 UTC
8001,00:26:40.160020 UTC
8002,00:26:40.160040 UTC
8003,00:26:40.160060 UTC
8004,00:26:40.160080 UTC
8005,00:26:41.160100 UTC
8006,00:26:41.160120 UTC
8007,00:26:41.160140 UTC
8008,00:26:41.160160 UTC
8009,00:26:41.160180 UTC
8010,00:26:42.160200 UTC
8011,00:26:42.160220 UTC
8012,00:26:42.160240 UTC
8013,00:26:42.160260 UTC
8014,00:26:42.160280 UTC
8015,00:26:43.160300 UTC
8016,00:26:43.160320 UTC
8017,00:26:43.160340 UTC
8018,00:26:43.160360 UTC
8019,00:26:43.160380 UTC
8020,00:26:44.160400 UTC
8021,00:26:44.160420 UTC
8022,00:26:44.160440 UTC
8023,00:26:44.160460 UTC
8024,00:26:44.160480 UTC
8025,00:26:45.160500 UTC
8026,00:26:45.160520 UTC
8027,00:26:45.160540 UTC
8028,00:26:45.160560 UTC
8029,00:26:45.160580 UTC
8030,00:26:46.160600 UTC
8031,00:26:46.160620 UTC
8032,00:26:46.160640 UTC
8033,00:26:46.160660 UTC
8034,00:26:46.160680 UTC
8035,00:26:47.160700 UTC
8036,00:26:47.160720 UTC
8037,00:26:47.160740 UTC
8038,00:26:47.160760 UTC
8039,00:26:47.160780 UTC
8040,00:26:48.160800 UTC
8041,00:26:48.160820 UTC
8042,00:26:48.160840 UTC
8043,00:26:48.160860 UTC
8044,00:26:48.160880 UTC
8045,00:26:49.160900 UTC
8046,00:26:49.160920 UTC
8047,00:26:49.160940 UTC
8048,00:26:49.160960 UTC
8049,00:26:49.160980 UTC
8050,00:26:50.161000 UTC
8051,00:26:50.161020 UTC
8052,00:26:50.161040 UTC
8053,00:26:50.161060 UTC
8054,00:26:50.161080 UTC
8055,00:26:51.161100 UTC
8056,00:26:51.161120 UTC
8057,00:26:51.161140 UTC
8058,00:26:51.161160 UTC
8059,00:26:51.161180 UTC
8060,00:26:52.161200 UTC
8061,00:26:52.161220 UTC
8062,00:26:52.161240 UTC
8063,00:26:52.161260 UTC
8064,00:26:52.161280 UTC
8065,00:26:53.161300 UTC
8066,00:26:53.161320 UTC
8067,00:26:53.161340 UTC
8068,00:26:53.161360 UTC
8069,00:26:53.161380 UTC
8070,00:26:54.161400 UTC
8071,00:26:54.161420 UTC
8072,00:26:54.161440 UTC
8073,00:26:54.161460 UTC
8074,00:26:54.161480 UTC
8075,00:26:55.161500 UTC
8076,00:26:55.161520 UTC
8077,00:26:55.161540 UTC
8078,00:26:55.161560 UTC
8079,00:26:55.161580 UTC
8080,00:26:56.161600 UTC
8081,00:26:56.161620 UTC
8082,00:26:56.161640 UTC
8083,00:26:56.161660 UTC
8084,00:26:56.161680 UTC
8085,00:26:57.161700 UTC
8086,00:26:57.161720 UTC
8087,00:26:57.161740 UTC
8088,00:26:57.161760 UTC
8089,00:26:57.161780 UTC
8090,00:26:58.161800 UTC
8091,00:26:58.161820 UTC
8092,00:26:58.161840 UTC
8093,00:26:58.161860 UTC
8094,00:26:58.161880 UTC
8095,00:26:59.161900 UTC
8096,00:26:59.161920 UTC
8097,00:26:59.161940 UTC
8098,00:26:59.161960 UTC
8099,00:26:59.161980 UTC
8100,00:27:00.162000 UTC
8101,00:27:00.162020 UTC
8102,00:27:00.162040 UTC
8103,00:27:00.162060 UTC
8104,00:27:00.162080 UTC
8105,00:27:01.162100 UTC
8106,00:27:01.162120 UTC
8107,00:27:01.162140 UTC
8108,00:27:01.162160 UTC
8109,00:27:01.162180 UTC
8110,00:27:02.162200 UTC
8111,00:27:02.162220 UTC
8112,00:27:02.162240 UTC
8113,00:27:02.162260 UTC
8114,00:27:02.162280 UTC
8115,00:27:03.162300 UTC
8116,00:27:03.162320 UTC
8117,00:27:03.162340 UTC
8118,00:27:03.162360 UTC
8119,00:27:03.162380 UTC
8120,00:27:04.162400 UTC
8121,00:27:04.162420 UTC
8122,00:27:04.162440 UTC
8123,00:27:04.162460 UTC
8124,00:27:04.162480 UTC
8125,00:27:05.162500 UTC
8126,00:27:05.162520 UTC
8127,00:27:05.162540 UTC
8128,00:27:05.162560 UTC
8129,00:27:05.162580 UTC
8130,00:27:06.162600 UTC
8131,00:27:06.162620 UTC
8132,00:27:06.162640 UTC
8133,00:27:06.162660 UTC
8134,00:27:06.162680 UTC
8135,00:27:07.162700 UTC
8136,00:27:07.162720 UTC
8137,00:27:07.162740 UTC
8138,00:27:07.162760 UTC
8139,00:27:07.162780 UTC
8140,00:27:08.162800 UTC
8141,00:27:08.162820 UTC
8142,00:27:08.162840 UTC
8143,00:27:08.162860 UTC
8144,00:27:08.162880 UTC
8145,00:27:09.162900 UTC
8146,00:27:09.162920 UTC
8147,00:27:09.162940 UTC
8148,00:27:09.162960 UTC
8149,00:27:09.162980 UTC
8150,00:27:10.163000 UTC
8151,00:27:10.163020 UTC
8152,00:27:10.163040 UTC
8153,00:27:10.163060 UTC
8154,00:27:10.163080 UTC
8155,00:27:11.163100 UTC
8156,00:27:11.163120 UTC
8157,00:27:11.163140 UTC
8158,00:27:11.163160 UTC
8159,00:27:11.163180 UTC
8160,00:27:12.163200 UTC
8161,00:27:12.163220 UTC
8162,00:27:12.163240 UTC
8163,00:27:12.163260 UTC
8164,00:27:12.163280 UTC
8165,00:27:13.163300 UTC
8166,00:27:13.163320 UTC
8167,00:27:13.163340 UTC
8168,00:27:13.163360 UTC
8169,00:27:13.163380 UTC
8170,00:27:14.163400 UTC
8171,00:27:14.163420 UTC
8172,00:27:14.163440 UTC
8173,00:27:14.163460 UTC
8174,00:27:14.163480 UTC
8175,00:27:15.163500 UTC
8176,00:27:15.163520 UTC
8177,00:27:15.163540 UTC
8178,00:27:15.163560 UTC
8179,00:27:15.163580 UTC
8180,00:27:16.163600 UTC
8181,00:27:16.163620 UTC
8182,00:27:16.163640 UTC
8183,00:27:16.163660 UTC
8184,00:27:16.163680 UTC
8185,00:27:17.163700 UTC
8186,00:27:17.163720 UTC
8187,00:27:17.163740 UTC
8188,00:27:17.163760 UTC
8189,00:27:17.163780 UTC
8190,00:27:18.163800 UTC
8191,00:27:18.163820 UTC
8192,00:27:18.163840 UTC
8193,00:27:18.163860 UTC
8194,00:27:18.163880 UTC
8195,00:27:19.163900 UTC
8196,00:27:19.163920 UTC
8197,00:27:19.163940 UTC
8198,00:27:19.163960 UTC
8199,00:27:19.163980 UTC
8200,00:27:20.164000 UTC
8201,00:27:20.164020 UTC
8202,00:27:20.164040 UTC
8203,00:27:20.164060 UTC
8204,00:27:20.164080 UTC
8205,00:27:21.164100 UTC
8206,00:27:21.164120 UTC
8207,00:27:21.164140 UTC
8208,00:27:21.164160 UTC
8209,00:27:21.164180 UTC
8210,00:27:22.164200 UTC
8211,00:27:22.164220 UTC
8212,00:27:22.164240 UTC
8213,00:27:22.164260 UTC
8214,00:27:22.164280 UTC
8215,00:27:23.164300 UTC
8216,00:27:23.164320 UTC
8217,00:27:23.164340 UTC
8218,00:27:23.164360 UTC
8219,00:27:23.164380 UTC
8220,00:27:24.164400 UTC
8221,00:27:24.164420 UTC
8222,00:27:24.164440 UTC
8223,00:27:24.164460 UTC
8224,00:27:24.164480 UTC
8225,00:27:25.164500 UTC
8226,00:27:25.164520 UTC
8227,00:27:25.164540 UTC
8228,00:27:25.164560 UTC
8229,00:27:25.164580 UTC
8230,00:27:26.164600 UTC
8231,00:27:26.164620 UTC
8232,00:27:26.164640 UTC
8233,00:27:26.164660 UTC
8234,00:27:26.164680 UTC
8235,00:27:27.164700 UTC
8236,00:27:27.164720 UTC
8237,00:27:27.164740 UTC
8238,00:27:27.164760 UTC
8239,00:27:27.164780 UTC
8240,00:27:28.164800 UTC
8241,00:27:28.164820 UTC
8242,00:27:28.164840 UTC
8243,00:27:28.164860 UTC
8244,00:27:28.164880 UTC
8245,00:27:29.164900 UTC
8246,00:27:29.164920 UTC
8247,00:27:29.164940 UTC
8248,00:27:29.164960 UTC
8249,00:27:29.164980 UTC
8250,00:27:30.165000 UTC
8251,00:27:30.165020 UTC
8252,00:27:30.165040 UTC
8253,00:27:30.165060 UTC
8254,00:27:30.165080 UTC
8255,00:27:31.165100 UTC
8256,00:27:31.165120 UTC
8257,00:27:31.165140 UTC
8258,00:27:31.165160 UTC
8259,00:27:31.165180 UTC
8260,00:27:32.165200 UTC
8261,00:27:32.165220 UTC
8262,00:27:32.165240 UTC
8263,00:27:32.165260 UTC
8264,00:27:32.165280 UTC
8265,00:27:33.165300 UTC
8266,00:27:33.165320 UTC
8267,00:27:33.165340 UTC
8268,00:27:33.165360 UTC
8269,00:27:33.165380 UTC
8270,00:27:34.165400 UTC
8271,00:27:34.165420 UTC
8272,00:27:34.165440 UTC
8273,00:27:34.165460 UTC
8274,00:27:34.165480 UTC
8275,00:27:35.165500 UTC
8276,00:27:35.165520 UTC
8277,00:27:35.165540 UTC
8278,00:27:35.165560 UTC
8279,00:27:35.165580 UTC
8280,00:27:36.165600 UTC
8281,00:27:36.165620 UTC
8282,00:27:36.165640 UTC
8283,00:27:36.165660 UTC
8284,00:27:36.165680 UTC
8285,00:27:37.165700 UTC
8286,00:27:37.165720 UTC
8287,00:27:37.165740 UTC
8288,00:27:37.165760 UTC
8289,00:27:37.165780 UTC
8290,00:27:38.165800 UTC
8291,00:27:38.165820 UTC
8292,00:27:38.165840 UTC
8293,00:27:38.165860 UTC
8294,00:27:38.165880 UTC
8295,00:27:39.165900 UTC
8296,00:27:39.165920 UTC
8297,00:27:39.165940 UTC
8298,00:27:39.165960 UTC
8299,00:27:39.165980 UTC
8300,00:27:40.166000 UTC
8301,00:27:40.166020 UTC
8302,00:27:40.166040 UTC
8303,00:27:40.166060 UTC
8304,00:27:40.166080 UTC
8305,00:27:41.166100 UTC
8306,00:27:41.166120 UTC
8307,00:27:41.166140 UTC
8308,00:27:41.166160 UTC
8309,00:27:41.166180 UTC
8310,00:27:42.166200 UTC
8311,00:27:42.166220 UTC
8312,00:27:42.166240 UTC
8313,00:27:42.166260 UTC
8314,00:27:42.166280 UTC
8315,00:27:43.166300 UTC
8316,00:27:43.166320 UTC
8317,00:27:43.166340 UTC
8318,00:27:43.166360 UTC
8319,00:27:43.166380 UTC
8320,00:27:44.166400 UTC
8321,00:27:44.166420 UTC
8322,00:27:44.166440 UTC
8323,00:27:44.166460 UTC
8324,00:27:44.166480 UTC
8325,00:27:45.166500 UTC
8326,00:27:45.166520 UTC
8327,00:27:45.166540 UTC
8328,00:27:45.166560 UTC
8329,00:27:45.166580 UTC
8330,00:27:46.166600 UTC
8331,00:27:46.166620 UTC
8332,00:27:46.166640 UTC
8333,00:27:46.166660 UTC
8334,00:27:46.166680 UTC
8335,00:27:47.166700 UTC
8336,00:27:47.166720 UTC
8337,00:27:47.166740 UTC
8338,00:27:47.166760 UTC
8339,00:27:47.166780 UTC
8340,00:27:48.166800 UTC
8341,00:27:48.166820 UTC
8342,00:27:48.166840 UTC
8343,00:27:48.166860 UTC
8344,00:27:48.166880 UTC
8345,00:27:49.166900 UTC
8346,00:27:49.166920 UTC
8347,00:27:49.166940 UTC
8348,00:27:49.166960 UTC
8349,00:27:49.166980 UTC
8350,00:27:50.167000 UTC
8351,00:27:50.167020 UTC
8352,00:27:50.167040 UTC
8353,00:27:50.167060 UTC
8354,00:27:50.167080 UTC
8355,00:27:51.167100 UTC
8356,00:27:51.167120 UTC
8357,00:27:51.167140 UTC
8358,00:27:51.167160 UTC
8359,00:27:51.167180 UTC
8360,00:27:52.167200 UTC
8361,00:27:52.167220 UTC
8362,00:27:52.167240 UTC
8363,00:27:52.167260 UTC
8364,00:27:52.167280 UTC
8365,00:27:53.167300 UTC
8366,00:27:53.167320 UTC
8367,00:27:53.167340 UTC
8368,00:27:53.167360 UTC
8369,00:27:53.167380 UTC
8370,00:27:54.167400 UTC
8371,00:27:54.167420 UTC
8372,00:27:54.167440 UTC
8373,00:27:54.167460 UTC
8374,00:27:54.167480 UTC
8375,00:27:55.167500 UTC
8376,00:27:55.167520 UTC
8377,00:27:55.167540 UTC
8378,00:27:55.167560 UTC
8379,00:27:55.167580 UTC
8380,00:27:56.167600 UTC
8381,00:27:56.167620 UTC
8382,00:27:56.167640 UTC
8383,00:27:56.167660 UTC
8384,00:27:56.167680 UTC
8385,00:27:57.167700 UTC
8386,00:27:57.167720 UTC
8387,00:27:57.167740 UTC
8388,00:27:57.167760 UTC
8389,00:27:57.167780 UTC
8390,00:27:58.167800 UTC
8391,00:27:58.167820 UTC
8392,00:27:58.167840 UTC
8393,00:27:58.167860 UTC
8394,00:27:58.167880 UTC
8395,00:27:59.167900 UTC
8396,00:27:59.167920 UTC
8397,00:27:59.167940 UTC
8398,00:27:59.167960 UTC
8399,00:27:59.167980 UTC
8400,00:28:00.168000 UTC
8401,00:28:00.168020 UTC
8402,00:28:00.168040 UTC
8403,00:28:00.168060 UTC
8404,00:28:00.168080 UTC
8405,00:28:01.168100 UTC
8406,00:28:01.168120 UTC
8407,00:28:01.168140 UTC
8408,00:28:01.168160 UTC
8409,00:28:01.168180 UTC
8410,00:28:02.168200 UTC
8411,00:28:02.168220 UTC
8412,00:28:02.168240 UTC
8413,00:28:02.168260 UTC
8414,00:28:02.168280 UTC
8415,00:28:03.168300 UTC
8416,00:28:03.168320 UTC
8417,00:28:03.168340 UTC
8418,00:28:03.168360 UTC
8419,00:28:03.168380 UTC
8420,00:28:04.168400 UTC
8421,00:28:04.168420 UTC
8422,00:28:04.168440 UTC
8423,00:28:04.168460 UTC
8424,00:28:04.168480 UTC
8425,00:28:05.168500 UTC
8426,00:28:05.168520 UTC
8427,00:28:05.168540 UTC
8428,00:28:05.168560 UTC
8429,00:28:05.168580 UTC
8430,00:28:06.168600 UTC
8431,00:28:06.168620 UTC
8432,00:28:06.168640 UTC
8433,00:28:06.168660 UTC
8434,00:28:06.168680 UTC
8435,00:28:07.168700 UTC
8436,00:28:07.168720 UTC
8437,00:28:07.168740 UTC
8438,00:28:07.168760 UTC
8439,00:28:07.168780 UTC
8440,00:28:08.168800 UTC
8441,00:28:08.168820 UTC
8442,00:28:08.168840 UTC
8443,00:28:08.168860 UTC
8444,00:28:08.168880 UTC
8445,00:28:09.168900 UTC
8446,00:28:09.168920 UTC
8447,00:28:09.168940 UTC
8448,00:28:09.168960 UTC
8449,00:28:09.168980 UTC
8450,00:28:10.169000 UTC
8451,00:28:10.169020 UTC
8452,00:28:10.169040 UTC
8453,00:28:10.169060 UTC
8454,00:28:10.169080 UTC
8455,00:28:11.169100 UTC
8456,00:28:11.169120 UTC
8457,00:28:11.169140 UTC
8458,00:28:11.169160 UTC
8459,00:28:11.169180 UTC
8460,00:28:12.169200 UTC
8461,00:28:12.169220 UTC
8462,00:28:12.169240 UTC
8463,00:28:12.169260 UTC
8464,00:28:12.169280 UTC
8465,00:28:13.169300 UTC
8466,00:28:13.169320 UTC
8467,00:28:13.169340 UTC
8468,00:28:13.169360 UTC
8469,00:28:13.169380 UTC
8470,00:28:14.169400 UTC
8471,00:28:14.169420 UTC
8472,00:28:14.169440 UTC
8473,00:28:14.169460 UTC
8474,00:28:14.169480 UTC
8475,00:28:15.169500 UTC
8476,00:28:15.169520 UTC
8477,00:28:15.169540 UTC
8478,00:28:15.169560 UTC
8479,00:28:15.169580 UTC
8480,00:28:16.169600 UTC
8481,00:28:16.169620 UTC
8482,00:28:16.169640 UTC
8483,00:28:16.169660 UTC
8484,00:28:16.169680 UTC
8485,00:28:17.169700 UTC
8486,00:28:17.169720 UTC
8487,00:28:17.169740 UTC
8488,00:28:17.169760 UTC
8489,00:28:17.169780 UTC
8490,00:28:18.169800 UTC
8491,00:28:18.169820 UTC
8492,00:28:18.169840 UTC
8493,00:28:18.169860 UTC
8494,00:28:18.169880 UTC
8495,00:28:19.169900 UTC
8496,00:28:19.169920 UTC
8497,00:28:19.169940 UTC
8498,00:28:19.169960 UTC
8499,00:28:19.169980 UTC
8500,00:28:20.170000 UTC
8501,00:28:20.170020 UTC
8502,00:28:20.170040 UTC
8503,00:28:20.170060 UTC
8504,00:28:20.170080 UTC
8505,00:28:21.170100 UTC
8506,00:28:21.170120 UTC
8507,00:28:21.170140 UTC
8508,00:28:21.170160 UTC
8509,00:28:21.170180 UTC
8510,00:28:22.170200 UTC
8511,00:28:22.170220 UTC
8512,00:28:22.170240 UTC
8513,00:28:22.170260 UTC
8514,00:28:22.170280 UTC
8515,00:28:23.170300 UTC
8516,00:28:23.170320 UTC
8517,00:28:23.170340 UTC
8518,00:28:23.170360 UTC
8519,00:28:23.170380 UTC
8520,00:28:24.170400 UTC
8521,00:28:24.170420 UTC
8522,00:28:24.170440 UTC
8523,00:28:24.170460 UTC
8524,00:28:24.170480 UTC
8525,00:28:25.170500 UTC
8526,00:28:25.170520 UTC
8527,00:28:25.170540 UTC
8528,00:28:25.170560 UTC
8529,00:28:25.170580 UTC
8530,00:28:26.170600 UTC
8531,00:28:26.170620 UTC
8532,00:28:26.170640 UTC
8533,00:28:26.170660 UTC
8534,00:28:26.170680 UTC
8535,00:28:27.170700 UTC
8536,00:28:27.170720 UTC
8537,00:28:27.170740 UTC
8538,00:28:27.170760 UTC
8539,00:28:27.170780 UTC
8540,00:28:28.170800 UTC
8541,00:28:28.170820 UTC
8542,00:28:28.170840 UTC
8543,00:28:28.170860 UTC
8544,00:28:28.170880 UTC
8545,00:28:29.170900 UTC
8546,00:28:29.170920 UTC
8547,00:28:29.170940 UTC
8548,00:28:29.170960 UTC
8549,00:28:29.170980 UTC
8550,00:28:30.171000 UTC
8551,00:28:30.171020 UTC
8552,00:28:30.171040 UTC
8553,00:28:30.171060 UTC
8554,00:28:30.171080 UTC
8555,00:28:31.171100 UTC
8556,00:28:31.171120 UTC
8557,00:28:31.171140 UTC
8558,00:28:31.171160 UTC
8559,00:28:31.171180 UTC
8560,00:28:32.171200 UTC
8561,00:28:32.171220 UTC
8562,00:28:32.171240 UTC
8563,00:28:32.171260 UTC
8564,00:28:32.171280 UTC
8565,00:28:33.171300 UTC
8566,00:28:33.171320 UTC
8567,00:28:33.171340 UTC
8568,00:28:33.171360 UTC
8569,00:28:33.171380 UTC
8570,00:28:34.171400 UTC
8571,00:28:34.171420 UTC
8572,00:28:34.171440 UTC
8573,00:28:34.171460 UTC
8574,00:28:34.171480 UTC
8575,00:28:35.171500 UTC
8576,00:28:35.171520 UTC
8577,00:28:35.171540 UTC
8578,00:28:35.171560 UTC
8579,00:28:35.171580 UTC
8580,00:28:36.171600 UTC
8581,00:28:36.171620 UTC
8582,00:28:36.171640 UTC
8583,00:28:36.171660 UTC
8584,00:28:36.171680 UTC
8585,00:28:37.171700 UTC
8586,00:28:37.171720 UTC
8587,00:28:37.171740 UTC
8588,00:28:37.171760 UTC
8589,00:28:37.171780 UTC
8590,00:28:38.171800 UTC
8591,00:28:38.171820 UTC
8592,00:28:38.171840 UTC
8593,00:28:38.171860 UTC
8594,00:28:38.171880 UTC
8595,00:28:39.171900 UTC
8596,00:28:39.171920 UTC
8597,00:28:39.171940 UTC
8598,00:28:39.171960 UTC
8599,00:28:39.171980 UTC
8600,00:28:40.172000 UTC
8601,00:28:40.172020 UTC
8602,00:28:40.172040 UTC
8603,00:28:40.172060 UTC
8604,00:28:40.172080 UTC
8605,00:28:41.172100 UTC
8606,00:28:41.172120 UTC
8607,00:28:41.172140 UTC
8608,00:28:41.172160 UTC
8609,00:28:41.172180 UTC
8610,00:28:42.172200 UTC
8611,00:28:42.172220 UTC
8612,00:28:42.172240 UTC
8613,00:28:42.172260 UTC
8614,00:28:42.172280 UTC
8615,00:28:43.172300 UTC
8616,00:28:43.172320 UTC
8617,00:28:43.172340 UTC
8618,00:28:43.172360 UTC
8619,00:28:43.172380 UTC
8620,00:28:44.172400 UTC
8621,00:28:44.172420 UTC
8622,00:28:44.172440 UTC
8623,00:28:44.172460 UTC
8624,00:28:44.172480 UTC
8625,00:28:45.172500 UTC
8626,00:28:45.172520 UTC
8627,00:28:45.172540 UTC
8628,00:28:45.172560 UTC
8629,00:28:45.172580 UTC
8630,00:28:46.172600 UTC
8631,00:28:46.172620 UTC
8632,00:28:46.172640 UTC
8633,00:28:46.172660 UTC
8634,00:28:46.172680 UTC
8635,00:28:47.172700 UTC
8636,00:28:47.172720 UTC
8637,00:28:47.172740 UTC
8638,00:28:47.172760 UTC
8639,00:28:47.172780 UTC
8640,00:28:48.172800 UTC
8641,00:28:48.172820 UTC
8642,00:28:48.172840 UTC
8643,00:28:48.172860 UTC
8644,00:28:48.172880 UTC
8645,00:28:49.172900 UTC
8646,00:28:49.172920 UTC
8647,00:28:49.172940 UTC
8648,00:28:49.172960 UTC
8649,00:28:49.172980 UTC
8650,00:28:50.173000 UTC
8651,00:28:50.173020 UTC
8652,00:28:50.173040 UTC
8653,00:28:50.173060 UTC
8654,00:28:50.173080 UTC
8655,00:28:51.173100 UTC
8656,00:28:51.173120 UTC
8657,00:28:51.173140 UTC
8658,00:28:51.173160 UTC
8659,00:28:51.173180 UTC
8660,00:28:52.173200 UTC
8661,00:28:52.173220 UTC
8662,00:28:52.173240 UTC
8663,00:28:52.173260 UTC
8664,00:28:52.173280 UTC
8665,00:28:53.173300 UTC
8666,00:28:53.173320 UTC
8667,00:28:53.173340 UTC
8668,00:28:53.173360 UTC
8669,00:28:53.173380 UTC
8670,00:28:54.173400 UTC
8671,00:28:54.173420 UTC
8672,00:28:54.173440 UTC
8673,00:28:54.173460 UTC
8674,00:28:54.173480 UTC
8675,00:28:55.173500 UTC
8676,00:28:55.173520 UTC
8677,00:28:55.173540 UTC
8678,00:28:55.173560 UTC
8679,00:28:55.173580 UTC
8680,00:28:56.173600 UTC
8681,00:28:56.173620 UTC
8682,00:28:56.173640 UTC
8683,00:28:56.173660 UTC
8684,00:28:56.173680 UTC
8685,00:28:57.173700 UTC
8686,00:28:57.173720 UTC
8687,00:28:57.173740 UTC
8688,00:28:57.173760 UTC
8689,00:28:57.173780 UTC
8690,00:28:58.173800 UTC
8691,00:28:58.173820 UTC
8692,00:28:58.173840 UTC
8693,00:28:58.173860 UTC
8694,00:28:58.173880 UTC
8695,00:28:59.173900 UTC
8696,00:28:59.173920 UTC
8697,00:28:59.173940 UTC
8698,00:28:59.173960 UTC
8699,00:28:59.173980 UTC
8700,00:29:00.174000 UTC
8701,00:29:00.174020 UTC
8702,00:29:00.174040 UTC
8703,00:29:00.174060 UTC
8704,00:29:00.174080 UTC
8705,00:29:01.174100 UTC
8706,00:29:01.174120 UTC
8707,00:29:01.174140 UTC
8708,00:29:01.174160 UTC
8709,00:29:01.174180 UTC
8710,00:29:02.174200 UTC
8711,00:29:02.174220 UTC
8712,00:29:02.174240 UTC
8713,00:29:02.174260 UTC
8714,00:29:02.174280 UTC
8715,00:29:03.174300 UTC
8716,00:29:03.174320 UTC
8717,00:29:03.174340 UTC
8718,00:29:03.174360 UTC
8719,00:29:03.174380 UTC
8720,00:29:04.174400 UTC
8721,00:29:04.174420 UTC
8722,00:29:04.174440 UTC
8723,00:29:04.174460 UTC
8724,00:29:04.174480 UTC
8725,00:29:05.174500 UTC
8726,00:29:05.174520 UTC
8727,00:29:05.174540 UTC
8728,00:29:05.174560 UTC
8729,00:29:05.174580 UTC
8730,00:29:06.174600 UTC
8731,00:29:06.174620 UTC
8732,00:29:06.174640 UTC
8733,00:29:06.174660 UTC
8734,00:29:06.174680 UTC
8735,00:29:07.174700 UTC
8736,00:29:07.174720 UTC
8737,00:29:07.174740 UTC
8738,00:29:07.174760 UTC
8739,00:29:07.174780 UTC
8740,00:29:08.174800 UTC
8741,00:29:08.174820 UTC
8742,00:29:08.174840 UTC
8743,00:29:08.174860 UTC
8744,00:29:08.174880 UTC
8745,00:29:09.174900 UTC
8746,00:29:09.174920 UTC
8747,00:29:09.174940 UTC
8748,00:29:09.174960 UTC
8749,00:29:09.174980 UTC
8750,00:29:10.175000 UTC
8751,00:29:10.175020 UTC
8752,00:29:10.175040 UTC
8753,00:29:10.175060 UTC
8754,00:29:10.175080 UTC
8755,00:29:11.175100 UTC
8756,00:29:11.175120 UTC
8757,00:29:11.175140 UTC
8758,00:29:11.175160 UTC
8759,00:29:11.175180 UTC
8760,00:29:12.175200 UTC
8761,00:29:12.175220 UTC
8762,00:29:12.175240 UTC
8763,00:29:12.175260 UTC
8764,00:29:12.175280 UTC
8765,00:29:13.175300 UTC
8766,00:29:13.175320 UTC
8767,00:29:13.175340 UTC
8768,00:29:13.175360 UTC
8769,00:29:13.175380 UTC
8770,00:29:14.175400 UTC
8771,00:29:14.175420 UTC
8772,00:29:14.175440 UTC
8773,00:29:14.175460 UTC
8774,00:29:14.175480 UTC
8775,00:29:15.175500 UTC
8776,00:29:15.175520 UTC
8777,00:29:15.175540 UTC
8778,00:29:15.175560 UTC
8779,00:29:15.175580 UTC
8780,00:29:16.175600 UTC
8781,00:29:16.175620 UTC
8782,00:29:16.175640 UTC
8783,00:29:16.175660 UTC
8784,00:29:16.175680 UTC
8785,00:29:17.175700 UTC
8786,00:29:17.175720 UTC
8787,00:29:17.175740 UTC
8788,00:29:17.175760 UTC
8789,00:29:17.175780 UTC
8790,00:29:18.175800 UTC
8791,00:29:18.175820 UTC
8792,00:29:18.175840 UTC
8793,00:29:18.175860 UTC
8794,00:29:18.175880 UTC
8795,00:29:19.175900 UTC
8796,00:29:19.175920 UTC
8797,00:29:19.175940 UTC
8798,00:29:19.175960 UTC
8799,00:29:19.175980 UTC
8800,00:29:20.176000 UTC
8801,00:29:20.176020 UTC
8802,00:29:20.176040 UTC
8803,00:29:20.176060 UTC
8804,00:29:20.176080 UTC
8805,00:29:21.176100 UTC
8806,00:29:21.176120 UTC
8807,00:29:21.176140 UTC
8808,00:29:21.176160 UTC
8809,00:29:21.176180 UTC
8810,00:29:22.176200 UTC
8811,00:29:22.176220 UTC
8812,00:29:22.176240 UTC
8813,00:29:22.176260 UTC
8814,00:29:22.176280 UTC
8815,00:29:23.176300 UTC
8816,00:29:23.176320 UTC
8817,00:29:23.176340 UTC
8818,00:29:23.176360 UTC
8819,00:29:23.176380 UTC
8820,00:29:24.176400 UTC
8821,00:29:24.176420 UTC
8822,00:29:24.176440 UTC
8823,00:29:24.176460 UTC
8824,00:29:24.176480 UTC
8825,00:29:25.176500 UTC
8826,00:29:25.176520 UTC
8827,00:29:25.176540 UTC
8828,00:29:25.176560 UTC
8829,00:29:25.176580 UTC
8830,00:29:26.176600 UTC
8831,00:29:26.176620 UTC
8832,00:29:26.176640 UTC
8833,00:29:26.176660 UTC
8834,00:29:26.176680 UTC
8835,00:29:27.176700 UTC
8836,00:29:27.176720 UTC
8837,00:29:27.176740 UTC
8838,00:29:27.176760 UTC
8839,00:29:27.176780 UTC
8840,00:29:28.176800 UTC
8841,00:29:28.176820 UTC
8842,00:29:28.176840 UTC
8843,00:29:28.176860 UTC
8844,00:29:28.176880 UTC
8845,00:29:29.176900 UTC
8846,00:29:29.176920 UTC
8847,00:29:29.176940 UTC
8848,00:29:29.176960 UTC
8849,00:29:29.176980 UTC
8850,00:29:30.177000 UTC
8851,00:29:30.177020 UTC
8852,00:29:30.177040 UTC
8853,00:29:30.177060 UTC
8854,00:29:30.177080 UTC
8855,00:29:31.177100 UTC
8856,00:29:31.177120 UTC
8857,00:29:31.177140 UTC
8858,00:29:31.177160 UTC
8859,00:29:31.177180 UTC
8860,00:29:32.177200 UTC
8861,00:29:32.177220 UTC
8862,00:29:32.177240 UTC
8863,00:29:32.177260 UTC
8864,00:29:32.177280 UTC
8865,00:29:33.177300 UTC
8866,00:29:33.177320 UTC
8867,00:29:33.177340 UTC
8868,00:29:33.177360 UTC
8869,00:29:33.177380 UTC
8870,00:29:34.177400 UTC
8871,00:29:34.177420 UTC
8872,00:29:34.177440 UTC
8873,00:29:34.177460 UTC
8874,00:29:34.177480 UTC
8875,00:29:35.177500 UTC
8876,00:29:35.177520 UTC
8877,00:29:35.177540 UTC
8878,00:29:35.177560 UTC
8879,00:29:35.177580 UTC
8880,00:29:36.177600 UTC
8881,00:29:36.177620 UTC
8882,00:29:36.177640 UTC
8883,00:29:36.177660 UTC
8884,00:29:36.177680 UTC
8885,00:29:37.177700 UTC
8886,00:29:37.177720 UTC
8887,00:29:37.177740 UTC
8888,00:29:37.177760 UTC
8889,00:29:37.177780 UTC
8890,00:29:38.177800 UTC
8891,00:29:38.177820 UTC
8892,00:29:38.177840 UTC
8893,00:29:38.177860 UTC
8894,00:29:38.177880 UTC
8895,00:29:39.177900 UTC
8896,00:29:39.177920 UTC
8897,00:29:39.177940 UTC
8898,00:29:39.177960 UTC
8899,00:29:39.177980 UTC
8900,00:29:40.178000 UTC
8901,00:29:40.178020 UTC
8902,00:29:40.178040 UTC
8903,00:29:40.178060 UTC
8904,00:29:40.178080 UTC
8905,00:29:41.178100 UTC
8906,00:29:41.178120 UTC
8907,00:29:41.178140 UTC
8908,00:29:41.178160 UTC
8909,00:29:41.178180 UTC
8910,00:29:42.178200 UTC
8911,00:29:42.178220 UTC
8912,00:29:42.178240 UTC
8913,00:29:42.178260 UTC
8914,00:29:42.178280 UTC
8915,00:29:43.178300 UTC
8916,00:29:43.178320 UTC
8917,00:29:43.178340 UTC
8918,00:29:43.178360 UTC
8919,00:29:43.178380 UTC
8920,00:29:44.178400 UTC
8921,00:29:44.178420 UTC
8922,00:29:44.178440 UTC
8923,00:29:44.178460 UTC
8924,00:29:44.178480 UTC
8925,00:29:45.178500 UTC
8926,00:29:45.178520 UTC
8927,00:29:45.178540 UTC
8928,00:29:45.178560 UTC
8929,00:29:45.178580 UTC
8930,00:29:46.178600 UTC
8931,00:29:46.178620 UTC
8932,00:29:46.178640 UTC
8933,00:29:46.178660 UTC
8934,00:29:46.178680 UTC
8935,00:29:47.178700 UTC
8936,00:29:47.178720 UTC
8937,00:29:47.178740 UTC
8938,00:29:47.178760 UTC
8939,00:29:47.178780 UTC
8940,00:29:48.178800 UTC
8941,00:29:48.178820 UTC
8942,00:29:48.178840 UTC
8943,00:29:48.178860 UTC
8944,00:29:48.178880 UTC
8945,00:29:49.178900 UTC
8946,00:29:49.178920 UTC
8947,00:29:49.178940 UTC
8948,00:29:49.178960 UTC
8949,00:29:49.178980 UTC
8950,00:29:50.179000 UTC
8951,00:29:50.179020 UTC
8952,00:29:50.179040 UTC
8953,00:29:50.179060 UTC
8954,00:29:50.179080 UTC
8955,00:29:51.179100 UTC
8956,00:29:51.179120 UTC
8957,00:29:51.179140 UTC
8958,00:29:51.179160 UTC
8959,00:29:51.179180 UTC
8960,00:29:52.179200 UTC
8961,00:29:52.179220 UTC
8962,00:29:52.179240 UTC
8963,00:29:52.179260 UTC
8964,00:29:52.179280 UTC
8965,00:29:53.179300 UTC
8966,00:29:53.179320 UTC
8967,00:29:53.179340 UTC
8968,00:29:53.179360 UTC
8969,00:29:53.179380 UTC
8970,00:29:54.179400 UTC
8971,00:29:54.179420 UTC
8972,00:29:54.179440 UTC
8973,00:29:54.179460 UTC
8974,00:29:54.179480 UTC
8975,00:29:55.179500 UTC
8976,00:29:55.179520 UTC
8977,00:29:55.179540 UTC
8978,00:29:55.179560 UTC
8979,00:29:55.179580 UTC
8980,00:29:56.179600 UTC
8981,00:29:56.179620 UTC
8982,00:29:56.179640 UTC
8983,00:29:56.179660 UTC
8984,00:29:56.179680 UTC
8985,00:29:57.179700 UTC
8986,00:29:57.179720 UTC
8987,00:29:57.179740 UTC
8988,00:29:57.179760 UTC
8989,00:29:57.179780 UTC
8990,00:29:58.179800 UTC
8991,00:29:58.179820 UTC
8992,00:29:58.179840 UTC
8993,00:29:58.179860 UTC
8994,00:29:58.179880 UTC
8995,00:29:59.179900 UTC
8996,00:29:59.179920 UTC
8997,00:29:59.179940 UTC
8998,00:29:59.179960 UTC
8999,00:29:59.179980 UTC
9000,00:30:00.180000 UTC
