# 1: Detection or Track-id, 2: Video or Image Identifier, 3: Unique Frame Identifier, 4-7: Img-bbox(TL_x, TL_y, BR_x, BR_y), 8: Detection or Length Confidence, 9: Target Length (0 or -1 if invalid), 10-11+: Repeated Species, Confidence Pairs or Attributes
# metadata,exec_time: 0,exported_by: python_yolo_script,exported_at: Fri Mar  6 19:57:33 2026,,,,,,,,
1,\\akc0ss-n086\NMML_Polar_Imagery_4\Surveys_IceSeals_2025\fl223\images_30deg_N68RF\center_view\ice_seals_2025_fl223_C_20250513_223137.115060_ir.tif,130,41.400,350.017,49.930,359.378,0.71061,0,hotspot,0.71061
2,\\akc0ss-n086\NMML_Polar_Imagery_4\Surveys_IceSeals_2025\fl223\images_30deg_N68RF\center_view\ice_seals_2025_fl223_C_20250513_223147.763899_ir.tif,140,119.133,320.451,128.092,328.463,0.64933,0,hotspot,0.64933
3,\\akc0ss-n086\NMML_Polar_Imagery_4\Surveys_IceSeals_2025\fl223\images_30deg_N68RF\center_view\ice_seals_2025_fl223_C_20250513_223646.824115_ir.tif,398,461.397,342.735,471.834,351.601,0.70879,0,hotspot,0.70879
4,\\akc0ss-n086\NMML_Polar_Imagery_4\Surveys_IceSeals_2025\fl223\images_30deg_N68RF\center_view\ice_seals_2025_fl223_C_20250513_223922.353818_ir.tif,534,545.243,393.878,553.664,401.045,0.14253,0,hotspot,0.14253
5,\\akc0ss-n086\NMML_Polar_Imagery_4\Surveys_IceSeals_2025\fl223\images_30deg_N68RF\center_view\ice_seals_2025_fl223_C_20250513_224216.291918_ir.tif,687,168.095,179.119,174.784,186.142,0.17891,0,hotspot,0.17891
6,\\akc0ss-n086\NMML_Polar_Imagery_4\Surveys_IceSeals_2025\fl223\images_30deg_N68RF\center_view\ice_seals_2025_fl223_C_20250513_224458.921984_ir.tif,829,53.498,214.331,61.313,225.226,0.25536,0,hotspot,0.25536
7,\\akc0ss-n086\NMML_Polar_Imagery_4\Surveys_IceSeals_2025\fl223\images_30deg_N68RF\center_view\ice_seals_2025_fl223_C_20250513_224637.587981_ir.tif,916,415.324,102.874,423.468,113.168,0.51994,0,hotspot,0.51994
8,\\akc0ss-n086\NMML_Polar_Imagery_4\Surveys_IceSeals_2025\fl223\images_30deg_N68RF\center_view\ice_seals_2025_fl223_C_20250513_224704.780545_ir.tif,940,361.312,104.175,368.563,113.072,0.25802,0,hotspot,0.25802
9,\\akc0ss-n086\NMML_Polar_Imagery_4\Surveys_IceSeals_2025\fl223\images_30deg_N68RF\center_view\ice_seals_2025_fl223_C_20250513_224916.114506_ir.tif,1057,167.972,353.739,174.983,362.106,0.13390,0,hotspot,0.13390
10,\\akc0ss-n086\NMML_Polar_Imagery_4\Surveys_IceSeals_2025\fl223\images_30deg_N68RF\center_view\ice_seals_2025_fl223_C_20250513_224919.431888_ir.tif,1060,177.665,469.939,184.188,478.561,0.11637,0,hotspot,0.11637
11,\\akc0ss-n086\NMML_Polar_Imagery_4\Surveys_IceSeals_2025\fl223\images_30deg_N68RF\center_view\ice_seals_2025_fl223_C_20250513_224921.645401_ir.tif,1062,463.825,73.067,472.975,82.769,0.15566,0,hotspot,0.15566
12,\\akc0ss-n086\NMML_Polar_Imagery_4\Surveys_IceSeals_2025\fl223\images_30deg_N68RF\center_view\ice_seals_2025_fl223_C_20250513_224949.385488_ir.tif,1087,349.906,132.542,360.563,141.590,0.16741,0,hotspot,0.16741
13,\\akc0ss-n086\NMML_Polar_Imagery_4\Surveys_IceSeals_2025\fl223\images_30deg_N68RF\center_view\ice_seals_2025_fl223_C_20250513_224954.924700_ir.tif,1092,328.737,0.000,338.046,4.848,0.10375,0,hotspot,0.10375
14,\\akc0ss-n086\NMML_Polar_Imagery_4\Surveys_IceSeals_2025\fl223\images_30deg_N68RF\center_view\ice_seals_2025_fl223_C_20250513_225201.625272_ir.tif,1145,480.953,85.291,491.784,94.915,0.71065,0,hotspot,0.71065
15,\\akc0ss-n086\NMML_Polar_Imagery_4\Surveys_IceSeals_2025\fl223\images_30deg_N68RF\center_view\ice_seals_2025_fl223_C_20250513_225406.707597_ir.tif,1259,1.128,180.920,17.685,191.158,0.12620,0,hotspot,0.12620
16,\\akc0ss-n086\NMML_Polar_Imagery_4\Surveys_IceSeals_2025\fl223\images_30deg_N68RF\center_view\ice_seals_2025_fl223_C_20250513_225506.708623_ir.tif,1314,322.667,93.309,331.038,102.585,0.12639,0,hotspot,0.12639
17,\\akc0ss-n086\NMML_Polar_Imagery_4\Surveys_IceSeals_2025\fl223\images_30deg_N68RF\center_view\ice_seals_2025_fl223_C_20250513_225647.518800_ir.tif,1407,455.936,176.614,464.960,186.512,0.69773,0,hotspot,0.69773
18,\\akc0ss-n086\NMML_Polar_Imagery_4\Surveys_IceSeals_2025\fl223\images_30deg_N68RF\center_view\ice_seals_2025_fl223_C_20250513_225647.518800_ir.tif,1407,437.324,172.399,447.719,181.587,0.60983,0,hotspot,0.60983
19,\\akc0ss-n086\NMML_Polar_Imagery_4\Surveys_IceSeals_2025\fl223\images_30deg_N68RF\center_view\ice_seals_2025_fl223_C_20250513_225725.065175_ir.tif,1442,407.331,280.738,421.440,290.891,0.11126,0,hotspot,0.11126
20,\\akc0ss-n086\NMML_Polar_Imagery_4\Surveys_IceSeals_2025\fl223\images_30deg_N68RF\center_view\ice_seals_2025_fl223_C_20250513_225746.545744_ir.tif,1462,488.074,7.790,498.700,20.617,0.77292,0,hotspot,0.77292
21,\\akc0ss-n086\NMML_Polar_Imagery_4\Surveys_IceSeals_2025\fl223\images_30deg_N68RF\center_view\ice_seals_2025_fl223_C_20250513_225747.614950_ir.tif,1463,496.437,488.260,507.987,501.946,0.72416,0,hotspot,0.72416
22,\\akc0ss-n086\NMML_Polar_Imagery_4\Surveys_IceSeals_2025\fl223\images_30deg_N68RF\center_view\ice_seals_2025_fl223_C_20250513_225805.825259_ir.tif,1480,469.052,432.474,477.250,444.532,0.28859,0,hotspot,0.28859
23,\\akc0ss-n086\NMML_Polar_Imagery_4\Surveys_IceSeals_2025\fl223\images_30deg_N68RF\center_view\ice_seals_2025_fl223_C_20250513_225910.829298_ir.tif,1539,140.901,54.757,150.597,65.213,0.60591,0,hotspot,0.60591
24,\\akc0ss-n086\NMML_Polar_Imagery_4\Surveys_IceSeals_2025\fl223\images_30deg_N68RF\center_view\ice_seals_2025_fl223_C_20250513_230056.164747_ir.tif,1633,277.493,266.170,285.796,275.131,0.56890,0,hotspot,0.56890
25,\\akc0ss-n086\NMML_Polar_Imagery_4\Surveys_IceSeals_2025\fl223\images_30deg_N68RF\center_view\ice_seals_2025_fl223_C_20250513_230059.540608_ir.tif,1636,493.039,3.809,503.042,13.411,0.53363,0,hotspot,0.53363
26,\\akc0ss-n086\NMML_Polar_Imagery_4\Surveys_IceSeals_2025\fl223\images_30deg_N68RF\center_view\ice_seals_2025_fl223_C_20250513_230100.662072_ir.tif,1637,511.103,485.256,520.933,494.947,0.58483,0,hotspot,0.58483
27,\\akc0ss-n086\NMML_Polar_Imagery_4\Surveys_IceSeals_2025\fl223\images_30deg_N68RF\center_view\ice_seals_2025_fl223_C_20250513_230111.846740_ir.tif,1647,567.668,59.850,576.758,69.997,0.60484,0,hotspot,0.60484
28,\\akc0ss-n086\NMML_Polar_Imagery_4\Surveys_IceSeals_2025\fl223\images_30deg_N68RF\center_view\ice_seals_2025_fl223_C_20250513_230112.962948_ir.tif,1648,314.522,236.986,323.542,247.235,0.57842,0,hotspot,0.57842
29,\\akc0ss-n086\NMML_Polar_Imagery_4\Surveys_IceSeals_2025\fl223\images_30deg_N68RF\center_view\ice_seals_2025_fl223_C_20250513_230144.111079_ir.tif,1676,529.838,328.428,539.412,339.006,0.60899,0,hotspot,0.60899
30,\\akc0ss-n086\NMML_Polar_Imagery_4\Surveys_IceSeals_2025\fl223\images_30deg_N68RF\center_view\ice_seals_2025_fl223_C_20250513_230211.884232_ir.tif,1701,376.009,247.282,386.463,256.887,0.59360,0,hotspot,0.59360
31,\\akc0ss-n086\NMML_Polar_Imagery_4\Surveys_IceSeals_2025\fl223\images_30deg_N68RF\center_view\ice_seals_2025_fl223_C_20250513_230218.572036_ir.tif,1707,537.472,418.526,548.287,430.929,0.65173,0,hotspot,0.65173
32,\\akc0ss-n086\NMML_Polar_Imagery_4\Surveys_IceSeals_2025\fl223\images_30deg_N68RF\center_view\ice_seals_2025_fl223_C_20250513_230308.725285_ir.tif,1752,537.449,149.277,550.230,158.299,0.55166,0,hotspot,0.55166
33,\\akc0ss-n086\NMML_Polar_Imagery_4\Surveys_IceSeals_2025\fl223\images_30deg_N68RF\center_view\ice_seals_2025_fl223_C_20250513_230308.725285_ir.tif,1752,535.482,147.559,549.404,157.709,0.12369,0,hotspot,0.12369
34,\\akc0ss-n086\NMML_Polar_Imagery_4\Surveys_IceSeals_2025\fl223\images_30deg_N68RF\center_view\ice_seals_2025_fl223_C_20250513_230405.746752_ir.tif,1803,123.524,374.220,133.284,382.240,0.40515,0,hotspot,0.40515
35,\\akc0ss-n086\NMML_Polar_Imagery_4\Surveys_IceSeals_2025\fl223\images_30deg_N68RF\center_view\ice_seals_2025_fl223_C_20250513_230405.746752_ir.tif,1803,130.832,366.953,140.172,375.599,0.37889,0,hotspot,0.37889
36,\\akc0ss-n086\NMML_Polar_Imagery_4\Surveys_IceSeals_2025\fl223\images_30deg_N68RF\center_view\ice_seals_2025_fl223_C_20250513_230416.950560_ir.tif,1813,294.849,281.628,303.612,292.582,0.65969,0,hotspot,0.65969
37,\\akc0ss-n086\NMML_Polar_Imagery_4\Surveys_IceSeals_2025\fl223\images_30deg_N68RF\center_view\ice_seals_2025_fl223_C_20250513_230509.658405_ir.tif,1860,101.753,364.340,111.152,373.780,0.20227,0,hotspot,0.20227
38,\\akc0ss-n086\NMML_Polar_Imagery_4\Surveys_IceSeals_2025\fl223\images_30deg_N68RF\center_view\ice_seals_2025_fl223_C_20250513_230701.441154_ir.tif,1957,435.420,238.350,443.777,248.878,0.21625,0,hotspot,0.21625
39,\\akc0ss-n086\NMML_Polar_Imagery_4\Surveys_IceSeals_2025\fl223\images_30deg_N68RF\center_view\ice_seals_2025_fl223_C_20250513_230704.816355_ir.tif,1960,497.077,290.256,508.019,298.711,0.63615,0,hotspot,0.63615
40,\\akc0ss-n086\NMML_Polar_Imagery_4\Surveys_IceSeals_2025\fl223\images_30deg_N68RF\center_view\ice_seals_2025_fl223_C_20250513_230713.818053_ir.tif,1968,158.222,404.501,168.581,414.107,0.60551,0,hotspot,0.60551
41,\\akc0ss-n086\NMML_Polar_Imagery_4\Surveys_IceSeals_2025\fl223\images_30deg_N68RF\center_view\ice_seals_2025_fl223_C_20250513_230738.427222_ir.tif,1990,77.965,117.855,86.708,126.144,0.51443,0,hotspot,0.51443
42,\\akc0ss-n086\NMML_Polar_Imagery_4\Surveys_IceSeals_2025\fl223\images_30deg_N68RF\center_view\ice_seals_2025_fl223_C_20250513_230807.492943_ir.tif,2016,475.048,9.303,485.269,18.338,0.41645,0,hotspot,0.41645
43,\\akc0ss-n086\NMML_Polar_Imagery_4\Surveys_IceSeals_2025\fl223\images_30deg_N68RF\center_view\ice_seals_2025_fl223_C_20250513_230807.492943_ir.tif,2016,475.867,15.306,485.730,24.519,0.39564,0,hotspot,0.39564
44,\\akc0ss-n086\NMML_Polar_Imagery_4\Surveys_IceSeals_2025\fl223\images_30deg_N68RF\center_view\ice_seals_2025_fl223_C_20250513_230808.610789_ir.tif,2017,458.735,494.286,467.469,506.540,0.26819,0,hotspot,0.26819
45,\\akc0ss-n086\NMML_Polar_Imagery_4\Surveys_IceSeals_2025\fl223\images_30deg_N68RF\center_view\ice_seals_2025_fl223_C_20250513_231019.559158_ir.tif,2133,226.957,80.819,234.674,88.940,0.12555,0,hotspot,0.12555
46,\\akc0ss-n086\NMML_Polar_Imagery_4\Surveys_IceSeals_2025\fl223\images_30deg_N68RF\center_view\ice_seals_2025_fl223_C_20250513_231126.626775_ir.tif,2192,564.891,314.006,572.623,323.506,0.52601,0,hotspot,0.52601
47,\\akc0ss-n086\NMML_Polar_Imagery_4\Surveys_IceSeals_2025\fl223\images_30deg_N68RF\center_view\ice_seals_2025_fl223_C_20250513_231126.626775_ir.tif,2192,538.023,303.008,544.653,309.373,0.46388,0,hotspot,0.46388
48,\\akc0ss-n086\NMML_Polar_Imagery_4\Surveys_IceSeals_2025\fl223\images_30deg_N68RF\center_view\ice_seals_2025_fl223_C_20250513_231158.490930_ir.tif,2220,472.496,181.439,481.071,194.473,0.35010,0,hotspot,0.35010
49,\\akc0ss-n086\NMML_Polar_Imagery_4\Surveys_IceSeals_2025\fl223\images_30deg_N68RF\center_view\ice_seals_2025_fl223_C_20250513_231213.296320_ir.tif,2233,436.939,357.314,445.559,368.974,0.39026,0,hotspot,0.39026
50,\\akc0ss-n086\NMML_Polar_Imagery_4\Surveys_IceSeals_2025\fl223\images_30deg_N68RF\center_view\ice_seals_2025_fl223_C_20250513_231214.431986_ir.tif,2234,99.228,295.820,109.872,305.924,0.44976,0,hotspot,0.44976
51,\\akc0ss-n086\NMML_Polar_Imagery_4\Surveys_IceSeals_2025\fl223\images_30deg_N68RF\center_view\ice_seals_2025_fl223_C_20250513_231236.053040_ir.tif,2253,196.368,341.769,209.084,351.960,0.73261,0,hotspot,0.73261
52,\\akc0ss-n086\NMML_Polar_Imagery_4\Surveys_IceSeals_2025\fl223\images_30deg_N68RF\center_view\ice_seals_2025_fl223_C_20250513_231322.826452_ir.tif,2294,311.357,252.374,321.772,261.558,0.10976,0,hotspot,0.10976
53,\\akc0ss-n086\NMML_Polar_Imagery_4\Surveys_IceSeals_2025\fl223\images_30deg_N68RF\center_view\ice_seals_2025_fl223_C_20250513_231323.970577_ir.tif,2295,604.675,250.463,614.156,260.062,0.62455,0,hotspot,0.62455
54,\\akc0ss-n086\NMML_Polar_Imagery_4\Surveys_IceSeals_2025\fl223\images_30deg_N68RF\center_view\ice_seals_2025_fl223_C_20250513_231334.256542_ir.tif,2304,351.924,186.010,358.977,196.839,0.19366,0,hotspot,0.19366
55,\\akc0ss-n086\NMML_Polar_Imagery_4\Surveys_IceSeals_2025\fl223\images_30deg_N68RF\center_view\ice_seals_2025_fl223_C_20250513_231404.040004_ir.tif,2330,562.779,177.519,571.282,186.232,0.16606,0,hotspot,0.16606
56,\\akc0ss-n086\NMML_Polar_Imagery_4\Surveys_IceSeals_2025\fl223\images_30deg_N68RF\center_view\ice_seals_2025_fl223_C_20250513_231446.288764_ir.tif,2367,71.886,182.249,84.113,190.620,0.69303,0,hotspot,0.69303
57,\\akc0ss-n086\NMML_Polar_Imagery_4\Surveys_IceSeals_2025\fl223\images_30deg_N68RF\center_view\ice_seals_2025_fl223_C_20250513_231457.673914_ir.tif,2377,440.749,197.951,451.873,207.489,0.14984,0,hotspot,0.14984
58,\\akc0ss-n086\NMML_Polar_Imagery_4\Surveys_IceSeals_2025\fl223\images_30deg_N68RF\center_view\ice_seals_2025_fl223_C_20250513_231524.949984_ir.tif,2401,457.342,96.809,466.431,108.430,0.13294,0,hotspot,0.13294
59,\\akc0ss-n086\NMML_Polar_Imagery_4\Surveys_IceSeals_2025\fl223\images_30deg_N68RF\center_view\ice_seals_2025_fl223_C_20250513_231618.561274_ir.tif,2448,610.464,324.094,620.936,333.410,0.58371,0,hotspot,0.58371
60,\\akc0ss-n086\NMML_Polar_Imagery_4\Surveys_IceSeals_2025\fl223\images_30deg_N68RF\center_view\ice_seals_2025_fl223_C_20250513_231636.813251_ir.tif,2464,267.304,65.424,275.874,76.255,0.47597,0,hotspot,0.47597
61,\\akc0ss-n086\NMML_Polar_Imagery_4\Surveys_IceSeals_2025\fl223\images_30deg_N68RF\center_view\ice_seals_2025_fl223_C_20250513_231729.375533_ir.tif,2510,314.828,224.814,321.417,232.095,0.10800,0,hotspot,0.10800
62,\\akc0ss-n086\NMML_Polar_Imagery_4\Surveys_IceSeals_2025\fl223\images_30deg_N68RF\center_view\ice_seals_2025_fl223_C_20250513_231813.866852_ir.tif,2549,9.200,192.312,21.965,201.578,0.24699,0,hotspot,0.24699
63,\\akc0ss-n086\NMML_Polar_Imagery_4\Surveys_IceSeals_2025\fl223\images_30deg_N68RF\center_view\ice_seals_2025_fl223_C_20250513_231847.044251_ir.tif,2578,199.156,61.101,207.966,69.945,0.32799,0,hotspot,0.32799
64,\\akc0ss-n086\NMML_Polar_Imagery_4\Surveys_IceSeals_2025\fl223\images_30deg_N68RF\center_view\ice_seals_2025_fl223_C_20250513_232004.600816_ir.tif,2646,64.352,423.605,74.235,436.834,0.10969,0,hotspot,0.10969
65,\\akc0ss-n086\NMML_Polar_Imagery_4\Surveys_IceSeals_2025\fl223\images_30deg_N68RF\center_view\ice_seals_2025_fl223_C_20250513_232008.024231_ir.tif,2649,531.048,245.913,539.760,260.084,0.15668,0,hotspot,0.15668
66,\\akc0ss-n086\NMML_Polar_Imagery_4\Surveys_IceSeals_2025\fl223\images_30deg_N68RF\center_view\ice_seals_2025_fl223_C_20250513_232017.151293_ir.tif,2657,182.927,259.768,192.316,268.846,0.15503,0,hotspot,0.15503
67,\\akc0ss-n086\NMML_Polar_Imagery_4\Surveys_IceSeals_2025\fl223\images_30deg_N68RF\center_view\ice_seals_2025_fl223_C_20250513_232033.081250_ir.tif,2671,290.087,366.287,299.308,376.563,0.15795,0,hotspot,0.15795
68,\\akc0ss-n086\NMML_Polar_Imagery_4\Surveys_IceSeals_2025\fl223\images_30deg_N68RF\center_view\ice_seals_2025_fl223_C_20250513_232349.333503_ir.tif,2783,23.982,239.490,32.870,247.892,0.13263,0,hotspot,0.13263
69,\\akc0ss-n086\NMML_Polar_Imagery_4\Surveys_IceSeals_2025\fl223\images_30deg_N68RF\center_view\ice_seals_2025_fl223_C_20250513_232433.954978_ir.tif,2823,558.492,256.666,570.582,266.900,0.24861,0,hotspot,0.24861
70,\\akc0ss-n086\NMML_Polar_Imagery_4\Surveys_IceSeals_2025\fl223\images_30deg_N68RF\center_view\ice_seals_2025_fl223_C_20250513_232440.600759_ir.tif,2829,0.144,335.859,6.170,349.959,0.52106,0,hotspot,0.52106
71,\\akc0ss-n086\NMML_Polar_Imagery_4\Surveys_IceSeals_2025\fl223\images_30deg_N68RF\center_view\ice_seals_2025_fl223_C_20250513_232446.133553_ir.tif,2834,204.668,98.590,214.783,112.701,0.23230,0,hotspot,0.23230
72,\\akc0ss-n086\NMML_Polar_Imagery_4\Surveys_IceSeals_2025\fl223\images_30deg_N68RF\center_view\ice_seals_2025_fl223_C_20250513_232504.949790_ir.tif,2851,517.061,113.339,526.857,124.051,0.13098,0,hotspot,0.13098
73,\\akc0ss-n086\NMML_Polar_Imagery_4\Surveys_IceSeals_2025\fl223\images_30deg_N68RF\center_view\ice_seals_2025_fl223_C_20250513_232530.436685_ir.tif,2874,495.579,17.112,505.836,25.442,0.32801,0,hotspot,0.32801
74,\\akc0ss-n086\NMML_Polar_Imagery_4\Surveys_IceSeals_2025\fl223\images_30deg_N68RF\center_view\ice_seals_2025_fl223_C_20250513_232559.195462_ir.tif,2900,370.647,498.669,381.547,511.406,0.15001,0,hotspot,0.15001
75,\\akc0ss-n086\NMML_Polar_Imagery_4\Surveys_IceSeals_2025\fl223\images_30deg_N68RF\center_view\ice_seals_2025_fl223_C_20250513_232606.905611_ir.tif,2907,273.176,20.639,281.120,30.471,0.64296,0,hotspot,0.64296
76,\\akc0ss-n086\NMML_Polar_Imagery_4\Surveys_IceSeals_2025\fl223\images_30deg_N68RF\center_view\ice_seals_2025_fl223_C_20250513_232820.838618_ir.tif,3029,228.985,226.059,241.361,238.602,0.70839,0,hotspot,0.70839
77,\\akc0ss-n086\NMML_Polar_Imagery_4\Surveys_IceSeals_2025\fl223\images_30deg_N68RF\center_view\ice_seals_2025_fl223_C_20250513_233319.808470_ir.tif,3304,487.721,37.261,498.435,47.430,0.72818,0,hotspot,0.72818
78,\\akc0ss-n086\NMML_Polar_Imagery_4\Surveys_IceSeals_2025\fl223\images_30deg_N68RF\center_view\ice_seals_2025_fl223_C_20250513_233534.784960_ir.tif,3431,615.573,44.512,627.451,54.012,0.46855,0,hotspot,0.46855
79,\\akc0ss-n086\NMML_Polar_Imagery_4\Surveys_IceSeals_2025\fl223\images_30deg_N68RF\center_view\ice_seals_2025_fl223_C_20250513_233605.544212_ir.tif,3460,372.734,43.401,383.984,58.736,0.18036,0,hotspot,0.18036
80,\\akc0ss-n086\NMML_Polar_Imagery_4\Surveys_IceSeals_2025\fl223\images_30deg_N68RF\center_view\ice_seals_2025_fl223_C_20250513_233749.649600_ir.tif,3558,401.935,141.020,410.756,151.755,0.38380,0,hotspot,0.38380
81,\\akc0ss-n086\NMML_Polar_Imagery_4\Surveys_IceSeals_2025\fl223\images_30deg_N68RF\center_view\ice_seals_2025_fl223_C_20250513_233750.715764_ir.tif,3559,508.323,449.392,517.870,460.078,0.33228,0,hotspot,0.33228
82,\\akc0ss-n086\NMML_Polar_Imagery_4\Surveys_IceSeals_2025\fl223\images_30deg_N68RF\center_view\ice_seals_2025_fl223_C_20250513_234149.586325_ir.tif,3784,582.951,442.388,594.448,452.442,0.64948,0,hotspot,0.64948
83,\\akc0ss-n086\NMML_Polar_Imagery_4\Surveys_IceSeals_2025\fl223\images_30deg_N68RF\center_view\ice_seals_2025_fl223_C_20250513_234307.746988_ir.tif,3860,356.876,108.404,365.586,116.369,0.15883,0,hotspot,0.15883
84,\\akc0ss-n086\NMML_Polar_Imagery_4\Surveys_IceSeals_2025\fl223\images_30deg_N68RF\center_view\ice_seals_2025_fl223_C_20250513_234325.208039_ir.tif,3877,431.131,237.751,443.302,245.683,0.10235,0,hotspot,0.10235
85,\\akc0ss-n086\NMML_Polar_Imagery_4\Surveys_IceSeals_2025\fl223\images_30deg_N68RF\center_view\ice_seals_2025_fl223_C_20250513_234326.234764_ir.tif,3878,535.310,210.131,544.934,223.460,0.30581,0,hotspot,0.30581
86,\\akc0ss-n086\NMML_Polar_Imagery_4\Surveys_IceSeals_2025\fl223\images_30deg_N68RF\center_view\ice_seals_2025_fl223_C_20250513_234346.874850_ir.tif,3898,190.130,246.760,198.726,256.602,0.41426,0,hotspot,0.41426
87,\\akc0ss-n086\NMML_Polar_Imagery_4\Surveys_IceSeals_2025\fl223\images_30deg_N68RF\center_view\ice_seals_2025_fl223_C_20250513_234352.116085_ir.tif,3903,213.356,99.318,223.631,113.306,0.37250,0,hotspot,0.37250
88,\\akc0ss-n086\NMML_Polar_Imagery_4\Surveys_IceSeals_2025\fl223\images_30deg_N68RF\center_view\ice_seals_2025_fl223_C_20250513_234445.055954_ir.tif,3953,103.532,263.557,114.289,273.750,0.19977,0,hotspot,0.19977
89,\\akc0ss-n086\NMML_Polar_Imagery_4\Surveys_IceSeals_2025\fl223\images_30deg_N68RF\center_view\ice_seals_2025_fl223_C_20250513_234446.117078_ir.tif,3954,0.000,399.774,6.396,412.639,0.52743,0,hotspot,0.52743
90,\\akc0ss-n086\NMML_Polar_Imagery_4\Surveys_IceSeals_2025\fl223\images_30deg_N68RF\center_view\ice_seals_2025_fl223_C_20250513_234446.117078_ir.tif,3954,317.524,125.696,328.993,135.548,0.30978,0,hotspot,0.30978
91,\\akc0ss-n086\NMML_Polar_Imagery_4\Surveys_IceSeals_2025\fl223\images_30deg_N68RF\center_view\ice_seals_2025_fl223_C_20250513_234446.117078_ir.tif,3954,316.353,118.851,327.530,127.324,0.19319,0,hotspot,0.19319
92,\\akc0ss-n086\NMML_Polar_Imagery_4\Surveys_IceSeals_2025\fl223\images_30deg_N68RF\center_view\ice_seals_2025_fl223_C_20250513_234446.117078_ir.tif,3954,314.208,124.042,326.825,135.215,0.14489,0,hotspot,0.14489
93,\\akc0ss-n086\NMML_Polar_Imagery_4\Surveys_IceSeals_2025\fl223\images_30deg_N68RF\center_view\ice_seals_2025_fl223_C_20250513_234447.178383_ir.tif,3955,604.811,119.360,614.893,128.271,0.47232,0,hotspot,0.47232
94,\\akc0ss-n086\NMML_Polar_Imagery_4\Surveys_IceSeals_2025\fl223\images_30deg_N68RF\center_view\ice_seals_2025_fl223_C_20250513_234447.178383_ir.tif,3955,603.163,118.009,615.828,129.487,0.14353,0,hotspot,0.14353
95,\\akc0ss-n086\NMML_Polar_Imagery_4\Surveys_IceSeals_2025\fl223\images_30deg_N68RF\center_view\ice_seals_2025_fl223_C_20250513_234448.239712_ir.tif,3956,546.025,194.200,555.509,206.338,0.29413,0,hotspot,0.29413
96,\\akc0ss-n086\NMML_Polar_Imagery_4\Surveys_IceSeals_2025\fl223\images_30deg_N68RF\center_view\ice_seals_2025_fl223_C_20250513_234455.672018_ir.tif,3963,149.612,150.214,157.764,161.114,0.38553,0,hotspot,0.38553
97,\\akc0ss-n086\NMML_Polar_Imagery_4\Surveys_IceSeals_2025\fl223\images_30deg_N68RF\center_view\ice_seals_2025_fl223_C_20250513_234456.733942_ir.tif,3964,13.459,377.576,25.341,388.967,0.43925,0,hotspot,0.43925
98,\\akc0ss-n086\NMML_Polar_Imagery_4\Surveys_IceSeals_2025\fl223\images_30deg_N68RF\center_view\ice_seals_2025_fl223_C_20250513_234508.423357_ir.tif,3975,96.029,160.337,107.278,169.261,0.30794,0,hotspot,0.30794
99,\\akc0ss-n086\NMML_Polar_Imagery_4\Surveys_IceSeals_2025\fl223\images_30deg_N68RF\center_view\ice_seals_2025_fl223_C_20250513_234508.423357_ir.tif,3975,94.315,158.647,108.938,170.953,0.10732,0,hotspot,0.10732
100,\\akc0ss-n086\NMML_Polar_Imagery_4\Surveys_IceSeals_2025\fl223\images_30deg_N68RF\center_view\ice_seals_2025_fl223_C_20250513_234523.357686_ir.tif,3989,621.896,143.551,631.559,153.388,0.10596,0,hotspot,0.10596
101,\\akc0ss-n086\NMML_Polar_Imagery_4\Surveys_IceSeals_2025\fl223\images_30deg_N68RF\center_view\ice_seals_2025_fl223_C_20250513_234524.427233_ir.tif,3990,311.737,426.302,323.842,435.376,0.13813,0,hotspot,0.13813
102,\\akc0ss-n086\NMML_Polar_Imagery_4\Surveys_IceSeals_2025\fl223\images_30deg_N68RF\center_view\ice_seals_2025_fl223_C_20250513_234525.496639_ir.tif,3991,311.384,384.522,319.824,394.347,0.26009,0,hotspot,0.26009
103,\\akc0ss-n086\NMML_Polar_Imagery_4\Surveys_IceSeals_2025\fl223\images_30deg_N68RF\center_view\ice_seals_2025_fl223_C_20250513_234525.496639_ir.tif,3991,304.117,377.007,312.523,385.836,0.11292,0,hotspot,0.11292
104,\\akc0ss-n086\NMML_Polar_Imagery_4\Surveys_IceSeals_2025\fl223\images_30deg_N68RF\center_view\ice_seals_2025_fl223_C_20250513_234527.637213_ir.tif,3993,300.250,93.850,311.218,109.925,0.15189,0,hotspot,0.15189
105,\\akc0ss-n086\NMML_Polar_Imagery_4\Surveys_IceSeals_2025\fl223\images_30deg_N68RF\center_view\ice_seals_2025_fl223_C_20250513_234532.989485_ir.tif,3998,126.448,270.805,136.266,278.869,0.10530,0,hotspot,0.10530
106,\\akc0ss-n086\NMML_Polar_Imagery_4\Surveys_IceSeals_2025\fl223\images_30deg_N68RF\center_view\ice_seals_2025_fl223_C_20250513_234534.060215_ir.tif,3999,19.675,270.460,29.245,278.997,0.20839,0,hotspot,0.20839
107,\\akc0ss-n086\NMML_Polar_Imagery_4\Surveys_IceSeals_2025\fl223\images_30deg_N68RF\center_view\ice_seals_2025_fl223_C_20250513_234642.861819_ir.tif,4063,148.302,100.036,159.185,110.852,0.19371,0,hotspot,0.19371
108,\\akc0ss-n086\NMML_Polar_Imagery_4\Surveys_IceSeals_2025\fl223\images_30deg_N68RF\center_view\ice_seals_2025_fl223_C_20250513_234730.319674_ir.tif,4107,300.143,317.503,310.348,326.269,0.57315,0,hotspot,0.57315
109,\\akc0ss-n086\NMML_Polar_Imagery_4\Surveys_IceSeals_2025\fl223\images_30deg_N68RF\center_view\ice_seals_2025_fl223_C_20250513_234730.319674_ir.tif,4107,292.402,317.568,301.816,327.236,0.51345,0,hotspot,0.51345
110,\\akc0ss-n086\NMML_Polar_Imagery_4\Surveys_IceSeals_2025\fl223\images_30deg_N68RF\center_view\ice_seals_2025_fl223_C_20250513_234812.485996_ir.tif,4146,501.844,69.643,511.037,81.160,0.29498,0,hotspot,0.29498
111,\\akc0ss-n086\NMML_Polar_Imagery_4\Surveys_IceSeals_2025\fl223\images_30deg_N68RF\center_view\ice_seals_2025_fl223_C_20250513_234837.475251_ir.tif,4169,483.746,344.680,494.580,355.886,0.69825,0,hotspot,0.69825
112,\\akc0ss-n086\NMML_Polar_Imagery_4\Surveys_IceSeals_2025\fl223\images_30deg_N68RF\center_view\ice_seals_2025_fl223_C_20250513_234906.825815_ir.tif,4196,434.115,210.113,443.583,220.930,0.65070,0,hotspot,0.65070
113,\\akc0ss-n086\NMML_Polar_Imagery_4\Surveys_IceSeals_2025\fl223\images_30deg_N68RF\center_view\ice_seals_2025_fl223_C_20250513_235027.862534_ir.tif,4271,346.666,184.987,356.599,197.282,0.59409,0,hotspot,0.59409
114,\\akc0ss-n086\NMML_Polar_Imagery_4\Surveys_IceSeals_2025\fl223\images_30deg_N68RF\center_view\ice_seals_2025_fl223_C_20250513_235209.145988_ir.tif,4304,399.282,333.114,406.420,342.834,0.11898,0,hotspot,0.11898
115,\\akc0ss-n086\NMML_Polar_Imagery_4\Surveys_IceSeals_2025\fl223\images_30deg_N68RF\center_view\ice_seals_2025_fl223_C_20250513_235329.503566_ir.tif,4380,279.674,300.868,288.133,315.374,0.55677,0,hotspot,0.55677
116,\\akc0ss-n086\NMML_Polar_Imagery_4\Surveys_IceSeals_2025\fl223\images_30deg_N68RF\center_view\ice_seals_2025_fl223_C_20250513_235348.478461_ir.tif,4398,219.809,244.103,228.572,259.454,0.12712,0,hotspot,0.12712
117,\\akc0ss-n086\NMML_Polar_Imagery_4\Surveys_IceSeals_2025\fl223\images_30deg_N68RF\center_view\ice_seals_2025_fl223_C_20250513_235359.010047_ir.tif,4408,187.266,411.672,198.257,424.114,0.68026,0,hotspot,0.68026
118,\\akc0ss-n086\NMML_Polar_Imagery_4\Surveys_IceSeals_2025\fl223\images_30deg_N68RF\center_view\ice_seals_2025_fl223_C_20250513_235412.681272_ir.tif,4421,502.174,76.465,511.793,86.088,0.13060,0,hotspot,0.13060
119,\\akc0ss-n086\NMML_Polar_Imagery_4\Surveys_IceSeals_2025\fl223\images_30deg_N68RF\center_view\ice_seals_2025_fl223_C_20250513_235510.366431_ir.tif,4476,389.337,182.182,396.630,194.337,0.16527,0,hotspot,0.16527
120,\\akc0ss-n086\NMML_Polar_Imagery_4\Surveys_IceSeals_2025\fl223\images_30deg_N68RF\center_view\ice_seals_2025_fl223_C_20250513_235516.637015_ir.tif,4482,381.707,454.801,391.361,467.534,0.22815,0,hotspot,0.22815
121,\\akc0ss-n086\NMML_Polar_Imagery_4\Surveys_IceSeals_2025\fl223\images_30deg_N68RF\center_view\ice_seals_2025_fl223_C_20250513_235520.817476_ir.tif,4486,207.389,67.859,216.762,82.270,0.32343,0,hotspot,0.32343
122,\\akc0ss-n086\NMML_Polar_Imagery_4\Surveys_IceSeals_2025\fl223\images_30deg_N68RF\center_view\ice_seals_2025_fl223_C_20250513_235607.858249_ir.tif,4531,104.361,20.880,114.543,33.811,0.19223,0,hotspot,0.19223
123,\\akc0ss-n086\NMML_Polar_Imagery_4\Surveys_IceSeals_2025\fl223\images_30deg_N68RF\center_view\ice_seals_2025_fl223_C_20250513_235608.902636_ir.tif,4532,110.954,499.301,120.989,510.696,0.11760,0,hotspot,0.11760
124,\\akc0ss-n086\NMML_Polar_Imagery_4\Surveys_IceSeals_2025\fl223\images_30deg_N68RF\center_view\ice_seals_2025_fl223_C_20250513_235613.079322_ir.tif,4536,407.471,120.793,417.007,129.549,0.32428,0,hotspot,0.32428
125,\\akc0ss-n086\NMML_Polar_Imagery_4\Surveys_IceSeals_2025\fl223\images_30deg_N68RF\center_view\ice_seals_2025_fl223_C_20250513_235634.977183_ir.tif,4557,314.216,271.736,326.414,280.173,0.13169,0,hotspot,0.13169
126,\\akc0ss-n086\NMML_Polar_Imagery_4\Surveys_IceSeals_2025\fl223\images_30deg_N68RF\center_view\ice_seals_2025_fl223_C_20250513_235708.393151_ir.tif,4589,330.143,307.946,339.246,318.815,0.12746,0,hotspot,0.12746
127,\\akc0ss-n086\NMML_Polar_Imagery_4\Surveys_IceSeals_2025\fl223\images_30deg_N68RF\center_view\ice_seals_2025_fl223_C_20250513_235806.126388_ir.tif,4644,226.929,56.651,235.464,65.123,0.13445,0,hotspot,0.13445
128,\\akc0ss-n086\NMML_Polar_Imagery_4\Surveys_IceSeals_2025\fl223\images_30deg_N68RF\center_view\ice_seals_2025_fl223_C_20250513_235824.037101_ir.tif,4661,345.429,158.470,355.079,175.219,0.41341,0,hotspot,0.41341
129,\\akc0ss-n086\NMML_Polar_Imagery_4\Surveys_IceSeals_2025\fl223\images_30deg_N68RF\center_view\ice_seals_2025_fl223_C_20250513_235922.222881_ir.tif,4716,630.208,270.009,639.575,283.693,0.24082,0,hotspot,0.24082
130,\\akc0ss-n086\NMML_Polar_Imagery_4\Surveys_IceSeals_2025\fl223\images_30deg_N68RF\center_view\ice_seals_2025_fl223_C_20250513_235940.285037_ir.tif,4733,347.052,309.378,355.825,317.910,0.45027,0,hotspot,0.45027
131,\\akc0ss-n086\NMML_Polar_Imagery_4\Surveys_IceSeals_2025\fl223\images_30deg_N68RF\center_view\ice_seals_2025_fl223_C_20250513_235943.472753_ir.tif,4736,95.153,442.454,105.237,452.039,0.14758,0,hotspot,0.14758
132,\\akc0ss-n086\NMML_Polar_Imagery_4\Surveys_IceSeals_2025\fl223\images_30deg_N68RF\center_view\ice_seals_2025_fl223_C_20250514_000008.973694_ir.tif,4760,359.224,151.850,367.267,161.133,0.19678,0,hotspot,0.19678
133,\\akc0ss-n086\NMML_Polar_Imagery_4\Surveys_IceSeals_2025\fl223\images_30deg_N68RF\center_view\ice_seals_2025_fl223_C_20250514_000008.973694_ir.tif,4760,368.907,273.205,378.206,285.439,0.10711,0,hotspot,0.10711
134,\\akc0ss-n086\NMML_Polar_Imagery_4\Surveys_IceSeals_2025\fl223\images_30deg_N68RF\center_view\ice_seals_2025_fl223_C_20250514_000022.835078_ir.tif,4773,343.037,149.744,352.313,158.352,0.53042,0,hotspot,0.53042
135,\\akc0ss-n086\NMML_Polar_Imagery_4\Surveys_IceSeals_2025\fl223\images_30deg_N68RF\center_view\ice_seals_2025_fl223_C_20250514_000046.292947_ir.tif,4795,251.863,195.439,260.956,207.549,0.25108,0,hotspot,0.25108
136,\\akc0ss-n086\NMML_Polar_Imagery_4\Surveys_IceSeals_2025\fl223\images_30deg_N68RF\center_view\ice_seals_2025_fl223_C_20250514_000131.106349_ir.tif,4837,85.051,348.818,96.207,357.923,0.68065,0,hotspot,0.68065
137,\\akc0ss-n086\NMML_Polar_Imagery_4\Surveys_IceSeals_2025\fl223\images_30deg_N68RF\center_view\ice_seals_2025_fl223_C_20250514_000151.412132_ir.tif,4856,571.615,22.942,583.491,36.942,0.25146,0,hotspot,0.25146
138,\\akc0ss-n086\NMML_Polar_Imagery_4\Surveys_IceSeals_2025\fl223\images_30deg_N68RF\center_view\ice_seals_2025_fl223_C_20250514_000152.482641_ir.tif,4857,573.008,499.223,585.102,511.292,0.34030,0,hotspot,0.34030
139,\\akc0ss-n086\NMML_Polar_Imagery_4\Surveys_IceSeals_2025\fl223\images_30deg_N68RF\center_view\ice_seals_2025_fl223_C_20250514_000153.553107_ir.tif,4858,176.790,106.761,192.438,117.018,0.14808,0,hotspot,0.14808
140,\\akc0ss-n086\NMML_Polar_Imagery_4\Surveys_IceSeals_2025\fl223\images_30deg_N68RF\center_view\ice_seals_2025_fl223_C_20250514_000153.553107_ir.tif,4858,545.761,93.142,559.058,102.257,0.11601,0,hotspot,0.11601
141,\\akc0ss-n086\NMML_Polar_Imagery_4\Surveys_IceSeals_2025\fl223\images_30deg_N68RF\center_view\ice_seals_2025_fl223_C_20250514_000158.898602_ir.tif,4863,298.858,463.154,309.305,477.816,0.34431,0,hotspot,0.34431
142,\\akc0ss-n086\NMML_Polar_Imagery_4\Surveys_IceSeals_2025\fl223\images_30deg_N68RF\center_view\ice_seals_2025_fl223_C_20250514_000203.170288_ir.tif,4867,634.525,266.279,640.000,280.722,0.15343,0,hotspot,0.15343
143,\\akc0ss-n086\NMML_Polar_Imagery_4\Surveys_IceSeals_2025\fl223\images_30deg_N68RF\center_view\ice_seals_2025_fl223_C_20250514_000212.804326_ir.tif,4876,287.111,5.347,298.493,15.236,0.36037,0,hotspot,0.36037
144,\\akc0ss-n086\NMML_Polar_Imagery_4\Surveys_IceSeals_2025\fl223\images_30deg_N68RF\center_view\ice_seals_2025_fl223_C_20250514_000212.804326_ir.tif,4876,296.576,0.000,304.929,6.658,0.17760,0,hotspot,0.17760
145,\\akc0ss-n086\NMML_Polar_Imagery_4\Surveys_IceSeals_2025\fl223\images_30deg_N68RF\center_view\ice_seals_2025_fl223_C_20250514_000312.689763_ir.tif,4932,317.229,14.090,326.909,27.195,0.17992,0,hotspot,0.17992
146,\\akc0ss-n086\NMML_Polar_Imagery_4\Surveys_IceSeals_2025\fl223\images_30deg_N68RF\center_view\ice_seals_2025_fl223_C_20250514_000328.691665_ir.tif,4947,92.106,176.599,102.074,186.207,0.62186,0,hotspot,0.62186
147,\\akc0ss-n086\NMML_Polar_Imagery_4\Surveys_IceSeals_2025\fl223\images_30deg_N68RF\center_view\ice_seals_2025_fl223_C_20250514_000359.641200_ir.tif,4976,266.479,11.775,277.197,21.929,0.12161,0,hotspot,0.12161
148,\\akc0ss-n086\NMML_Polar_Imagery_4\Surveys_IceSeals_2025\fl223\images_30deg_N68RF\center_view\ice_seals_2025_fl223_C_20250514_000401.777132_ir.tif,4978,535.643,39.491,545.356,48.505,0.30783,0,hotspot,0.30783
149,\\akc0ss-n086\NMML_Polar_Imagery_4\Surveys_IceSeals_2025\fl223\images_30deg_N68RF\center_view\ice_seals_2025_fl223_C_20250514_000403.912962_ir.tif,4980,33.878,32.649,43.235,41.053,0.20230,0,hotspot,0.20230
150,\\akc0ss-n086\NMML_Polar_Imagery_4\Surveys_IceSeals_2025\fl223\images_30deg_N68RF\center_view\ice_seals_2025_fl223_C_20250514_000404.981230_ir.tif,4981,42.052,296.075,55.077,305.915,0.16429,0,hotspot,0.16429
151,\\akc0ss-n086\NMML_Polar_Imagery_4\Surveys_IceSeals_2025\fl223\images_30deg_N68RF\center_view\ice_seals_2025_fl223_C_20250514_000407.118504_ir.tif,4983,520.805,189.699,528.980,200.881,0.20962,0,hotspot,0.20962
152,\\akc0ss-n086\NMML_Polar_Imagery_4\Surveys_IceSeals_2025\fl223\images_30deg_N68RF\center_view\ice_seals_2025_fl223_C_20250514_000407.118504_ir.tif,4983,386.140,105.300,394.166,116.036,0.10742,0,hotspot,0.10742
153,\\akc0ss-n086\NMML_Polar_Imagery_4\Surveys_IceSeals_2025\fl223\images_30deg_N68RF\center_view\ice_seals_2025_fl223_C_20250514_000439.207227_ir.tif,5013,340.262,214.122,350.439,223.112,0.14807,0,hotspot,0.14807
154,\\akc0ss-n086\NMML_Polar_Imagery_4\Surveys_IceSeals_2025\fl223\images_30deg_N68RF\center_view\ice_seals_2025_fl223_C_20250514_000442.415107_ir.tif,5016,35.813,264.483,45.467,274.892,0.33216,0,hotspot,0.33216
155,\\akc0ss-n086\NMML_Polar_Imagery_4\Surveys_IceSeals_2025\fl223\images_30deg_N68RF\center_view\ice_seals_2025_fl223_C_20250514_000519.830358_ir.tif,5051,263.014,210.271,273.068,220.741,0.67644,0,hotspot,0.67644
156,\\akc0ss-n086\NMML_Polar_Imagery_4\Surveys_IceSeals_2025\fl223\images_30deg_N68RF\center_view\ice_seals_2025_fl223_C_20250514_000519.830358_ir.tif,5051,396.260,248.463,406.303,259.450,0.66807,0,hotspot,0.66807
157,\\akc0ss-n086\NMML_Polar_Imagery_4\Surveys_IceSeals_2025\fl223\images_30deg_N68RF\center_view\ice_seals_2025_fl223_C_20250514_000526.252579_ir.tif,5057,396.505,1.799,405.905,16.278,0.67274,0,hotspot,0.67274
158,\\akc0ss-n086\NMML_Polar_Imagery_4\Surveys_IceSeals_2025\fl223\images_30deg_N68RF\center_view\ice_seals_2025_fl223_C_20250514_000527.321604_ir.tif,5058,400.201,483.095,409.866,497.281,0.75599,0,hotspot,0.75599
159,\\akc0ss-n086\NMML_Polar_Imagery_4\Surveys_IceSeals_2025\fl223\images_30deg_N68RF\center_view\ice_seals_2025_fl223_C_20250514_000528.390590_ir.tif,5059,288.943,359.004,297.093,369.888,0.41981,0,hotspot,0.41981
160,\\akc0ss-n086\NMML_Polar_Imagery_4\Surveys_IceSeals_2025\fl223\images_30deg_N68RF\center_view\ice_seals_2025_fl223_C_20250514_000528.390590_ir.tif,5059,281.125,368.782,291.504,376.446,0.35932,0,hotspot,0.35932
161,\\akc0ss-n086\NMML_Polar_Imagery_4\Surveys_IceSeals_2025\fl223\images_30deg_N68RF\center_view\ice_seals_2025_fl223_C_20250514_000528.390590_ir.tif,5059,275.310,360.466,286.249,369.311,0.23323,0,hotspot,0.23323
162,\\akc0ss-n086\NMML_Polar_Imagery_4\Surveys_IceSeals_2025\fl223\images_30deg_N68RF\center_view\ice_seals_2025_fl223_C_20250514_000528.390590_ir.tif,5059,273.972,361.376,284.187,370.038,0.15343,0,hotspot,0.15343
163,\\akc0ss-n086\NMML_Polar_Imagery_4\Surveys_IceSeals_2025\fl223\images_30deg_N68RF\center_view\ice_seals_2025_fl223_C_20250514_000528.390590_ir.tif,5059,283.417,368.130,293.852,375.906,0.14567,0,hotspot,0.14567
164,\\akc0ss-n086\NMML_Polar_Imagery_4\Surveys_IceSeals_2025\fl223\images_30deg_N68RF\center_view\ice_seals_2025_fl223_C_20250514_000532.677661_ir.tif,5063,225.144,246.057,236.181,258.090,0.15761,0,hotspot,0.15761
165,\\akc0ss-n086\NMML_Polar_Imagery_4\Surveys_IceSeals_2025\fl223\images_30deg_N68RF\center_view\ice_seals_2025_fl223_C_20250514_000541.254234_ir.tif,5071,491.869,378.713,502.767,387.688,0.10620,0,hotspot,0.10620
166,\\akc0ss-n086\NMML_Polar_Imagery_4\Surveys_IceSeals_2025\fl223\images_30deg_N68RF\center_view\ice_seals_2025_fl223_C_20250514_000542.326220_ir.tif,5072,43.233,167.458,53.160,177.228,0.10095,0,hotspot,0.10095
167,\\akc0ss-n086\NMML_Polar_Imagery_4\Surveys_IceSeals_2025\fl223\images_30deg_N68RF\center_view\ice_seals_2025_fl223_C_20250514_000600.516813_ir.tif,5089,526.464,22.355,537.285,34.235,0.55648,0,hotspot,0.55648
168,\\akc0ss-n086\NMML_Polar_Imagery_4\Surveys_IceSeals_2025\fl223\images_30deg_N68RF\center_view\ice_seals_2025_fl223_C_20250514_000601.585944_ir.tif,5090,530.503,499.520,542.332,511.098,0.23386,0,hotspot,0.23386
169,\\akc0ss-n086\NMML_Polar_Imagery_4\Surveys_IceSeals_2025\fl223\images_30deg_N68RF\center_view\ice_seals_2025_fl223_C_20250514_000626.288516_ir.tif,5113,14.108,408.485,24.565,418.429,0.23148,0,hotspot,0.23148
170,\\akc0ss-n086\NMML_Polar_Imagery_4\Surveys_IceSeals_2025\fl223\images_30deg_N68RF\center_view\ice_seals_2025_fl223_C_20250514_000627.380182_ir.tif,5114,452.521,169.038,463.044,178.614,0.72205,0,hotspot,0.72205
171,\\akc0ss-n086\NMML_Polar_Imagery_4\Surveys_IceSeals_2025\fl223\images_30deg_N68RF\center_view\ice_seals_2025_fl223_C_20250514_000707.213471_ir.tif,5150,629.117,220.765,639.062,231.570,0.12379,0,hotspot,0.12379
172,\\akc0ss-n086\NMML_Polar_Imagery_4\Surveys_IceSeals_2025\fl223\images_30deg_N68RF\center_view\ice_seals_2025_fl223_C_20250514_000708.318059_ir.tif,5151,631.003,274.111,639.713,283.033,0.14106,0,hotspot,0.14106
173,\\akc0ss-n086\NMML_Polar_Imagery_4\Surveys_IceSeals_2025\fl223\images_30deg_N68RF\center_view\ice_seals_2025_fl223_C_20250514_000724.882184_ir.tif,5166,604.314,227.225,615.606,238.607,0.14896,0,hotspot,0.14896
174,\\akc0ss-n086\NMML_Polar_Imagery_4\Surveys_IceSeals_2025\fl223\images_30deg_N68RF\center_view\ice_seals_2025_fl223_C_20250514_000727.092617_ir.tif,5168,415.313,166.859,423.480,177.102,0.28919,0,hotspot,0.28919
175,\\akc0ss-n086\NMML_Polar_Imagery_4\Surveys_IceSeals_2025\fl223\images_30deg_N68RF\center_view\ice_seals_2025_fl223_C_20250514_000727.092617_ir.tif,5168,385.902,140.446,395.802,154.555,0.25382,0,hotspot,0.25382
176,\\akc0ss-n086\NMML_Polar_Imagery_4\Surveys_IceSeals_2025\fl223\images_30deg_N68RF\center_view\ice_seals_2025_fl223_C_20250514_000755.805438_ir.tif,5194,602.855,7.119,612.657,18.083,0.60403,0,hotspot,0.60403
177,\\akc0ss-n086\NMML_Polar_Imagery_4\Surveys_IceSeals_2025\fl223\images_30deg_N68RF\center_view\ice_seals_2025_fl223_C_20250514_000756.912447_ir.tif,5195,595.964,488.478,605.000,497.468,0.24470,0,hotspot,0.24470
178,\\akc0ss-n086\NMML_Polar_Imagery_4\Surveys_IceSeals_2025\fl223\images_30deg_N68RF\center_view\ice_seals_2025_fl223_C_20250514_000802.443144_ir.tif,5200,555.350,41.983,562.665,50.647,0.16240,0,hotspot,0.16240
179,\\akc0ss-n086\NMML_Polar_Imagery_4\Surveys_IceSeals_2025\fl223\images_30deg_N68RF\center_view\ice_seals_2025_fl223_C_20250514_000807.969314_ir.tif,5205,113.365,303.809,123.584,313.457,0.12810,0,hotspot,0.12810
180,\\akc0ss-n086\NMML_Polar_Imagery_4\Surveys_IceSeals_2025\fl223\images_30deg_N68RF\center_view\ice_seals_2025_fl223_C_20250514_000816.819890_ir.tif,5213,583.642,8.793,593.339,16.134,0.49778,0,hotspot,0.49778
181,\\akc0ss-n086\NMML_Polar_Imagery_4\Surveys_IceSeals_2025\fl223\images_30deg_N68RF\center_view\ice_seals_2025_fl223_C_20250514_000816.819890_ir.tif,5213,572.963,6.252,582.796,14.786,0.47842,0,hotspot,0.47842
182,\\akc0ss-n086\NMML_Polar_Imagery_4\Surveys_IceSeals_2025\fl223\images_30deg_N68RF\center_view\ice_seals_2025_fl223_C_20250514_000816.819890_ir.tif,5213,585.303,1.259,594.222,9.937,0.43859,0,hotspot,0.43859
183,\\akc0ss-n086\NMML_Polar_Imagery_4\Surveys_IceSeals_2025\fl223\images_30deg_N68RF\center_view\ice_seals_2025_fl223_C_20250514_000817.926021_ir.tif,5214,569.879,487.452,580.071,495.643,0.50692,0,hotspot,0.50692
184,\\akc0ss-n086\NMML_Polar_Imagery_4\Surveys_IceSeals_2025\fl223\images_30deg_N68RF\center_view\ice_seals_2025_fl223_C_20250514_000817.926021_ir.tif,5214,559.734,485.363,569.519,494.146,0.47983,0,hotspot,0.47983
185,\\akc0ss-n086\NMML_Polar_Imagery_4\Surveys_IceSeals_2025\fl223\images_30deg_N68RF\center_view\ice_seals_2025_fl223_C_20250514_000817.926021_ir.tif,5214,571.635,479.757,581.306,489.226,0.36903,0,hotspot,0.36903
186,\\akc0ss-n086\NMML_Polar_Imagery_4\Surveys_IceSeals_2025\fl223\images_30deg_N68RF\center_view\ice_seals_2025_fl223_C_20250514_000908.812299_ir.tif,5260,51.555,413.264,63.686,423.232,0.28985,0,hotspot,0.28985
187,\\akc0ss-n086\NMML_Polar_Imagery_4\Surveys_IceSeals_2025\fl223\images_30deg_N68RF\center_view\ice_seals_2025_fl223_C_20250514_000935.355201_ir.tif,5284,81.746,202.774,90.222,212.539,0.21966,0,hotspot,0.21966
188,\\akc0ss-n086\NMML_Polar_Imagery_4\Surveys_IceSeals_2025\fl223\images_30deg_N68RF\center_view\ice_seals_2025_fl223_C_20250514_000950.820204_ir.tif,5298,614.918,94.160,624.374,104.566,0.70758,0,hotspot,0.70758
189,\\akc0ss-n086\NMML_Polar_Imagery_4\Surveys_IceSeals_2025\fl223\images_30deg_N68RF\center_view\ice_seals_2025_fl223_C_20250514_000955.241770_ir.tif,5302,410.499,376.685,420.368,386.783,0.32521,0,hotspot,0.32521
190,\\akc0ss-n086\NMML_Polar_Imagery_4\Surveys_IceSeals_2025\fl223\images_30deg_N68RF\center_view\ice_seals_2025_fl223_C_20250514_001009.612401_ir.tif,5315,323.172,3.780,332.438,13.184,0.31207,0,hotspot,0.31207
191,\\akc0ss-n086\NMML_Polar_Imagery_4\Surveys_IceSeals_2025\fl223\images_30deg_N68RF\center_view\ice_seals_2025_fl223_C_20250514_001010.718306_ir.tif,5316,311.274,484.542,320.199,492.700,0.14803,0,hotspot,0.14803
192,\\akc0ss-n086\NMML_Polar_Imagery_4\Surveys_IceSeals_2025\fl223\images_30deg_N68RF\center_view\ice_seals_2025_fl223_C_20250514_001018.463737_ir.tif,5323,201.635,93.932,214.799,105.138,0.27285,0,hotspot,0.27285
193,\\akc0ss-n086\NMML_Polar_Imagery_4\Surveys_IceSeals_2025\fl223\images_30deg_N68RF\center_view\ice_seals_2025_fl223_C_20250514_001029.538965_ir.tif,5333,469.777,326.477,479.916,335.332,0.36147,0,hotspot,0.36147
194,\\akc0ss-n086\NMML_Polar_Imagery_4\Surveys_IceSeals_2025\fl223\images_30deg_N68RF\center_view\ice_seals_2025_fl223_C_20250514_001048.363502_ir.tif,5350,416.205,111.122,427.346,119.762,0.12916,0,hotspot,0.12916
195,\\akc0ss-n086\NMML_Polar_Imagery_4\Surveys_IceSeals_2025\fl223\images_30deg_N68RF\center_view\ice_seals_2025_fl223_C_20250514_001049.469991_ir.tif,5351,549.148,430.732,563.677,442.406,0.14515,0,hotspot,0.14515
196,\\akc0ss-n086\NMML_Polar_Imagery_4\Surveys_IceSeals_2025\fl223\images_30deg_N68RF\center_view\ice_seals_2025_fl223_C_20250514_001050.576236_ir.tif,5352,70.832,389.138,80.961,401.220,0.40886,0,hotspot,0.40886
197,\\akc0ss-n086\NMML_Polar_Imagery_4\Surveys_IceSeals_2025\fl223\images_30deg_N68RF\center_view\ice_seals_2025_fl223_C_20250514_001102.748114_ir.tif,5363,361.633,280.070,372.052,290.913,0.36481,0,hotspot,0.36481
198,\\akc0ss-n086\NMML_Polar_Imagery_4\Surveys_IceSeals_2025\fl223\images_30deg_N68RF\center_view\ice_seals_2025_fl223_C_20250514_001106.063177_ir.tif,5366,464.034,365.331,474.870,375.164,0.74314,0,hotspot,0.74314
199,\\akc0ss-n086\NMML_Polar_Imagery_4\Surveys_IceSeals_2025\fl223\images_30deg_N68RF\center_view\ice_seals_2025_fl223_C_20250514_001108.272748_ir.tif,5368,470.879,325.665,480.043,339.843,0.74175,0,hotspot,0.74175
200,\\akc0ss-n086\NMML_Polar_Imagery_4\Surveys_IceSeals_2025\fl223\images_30deg_N68RF\center_view\ice_seals_2025_fl223_C_20250514_001117.108942_ir.tif,5376,357.625,240.778,369.885,250.294,0.34053,0,hotspot,0.34053
201,\\akc0ss-n086\NMML_Polar_Imagery_4\Surveys_IceSeals_2025\fl223\images_30deg_N68RF\center_view\ice_seals_2025_fl223_C_20250514_001118.213232_ir.tif,5377,74.308,281.418,84.296,291.559,0.13711,0,hotspot,0.13711
202,\\akc0ss-n086\NMML_Polar_Imagery_4\Surveys_IceSeals_2025\fl223\images_30deg_N68RF\center_view\ice_seals_2025_fl223_C_20250514_001119.317557_ir.tif,5378,534.350,95.799,550.035,106.093,0.12954,0,hotspot,0.12954
203,\\akc0ss-n086\NMML_Polar_Imagery_4\Surveys_IceSeals_2025\fl223\images_30deg_N68RF\center_view\ice_seals_2025_fl223_C_20250514_001119.317557_ir.tif,5378,95.824,324.644,107.646,333.170,0.10954,0,hotspot,0.10954
204,\\akc0ss-n086\NMML_Polar_Imagery_4\Surveys_IceSeals_2025\fl223\images_30deg_N68RF\center_view\ice_seals_2025_fl223_C_20250514_001125.943758_ir.tif,5384,621.538,470.217,633.990,478.602,0.25028,0,hotspot,0.25028
205,\\akc0ss-n086\NMML_Polar_Imagery_4\Surveys_IceSeals_2025\fl223\images_30deg_N68RF\center_view\ice_seals_2025_fl223_C_20250514_001129.259001_ir.tif,5387,245.907,9.123,255.830,18.720,0.22541,0,hotspot,0.22541
206,\\akc0ss-n086\NMML_Polar_Imagery_4\Surveys_IceSeals_2025\fl223\images_30deg_N68RF\center_view\ice_seals_2025_fl223_C_20250514_001136.948528_ir.tif,5394,523.984,87.765,536.099,98.391,0.22128,0,hotspot,0.22128
207,\\akc0ss-n086\NMML_Polar_Imagery_4\Surveys_IceSeals_2025\fl223\images_30deg_N68RF\center_view\ice_seals_2025_fl223_C_20250514_001141.347117_ir.tif,5398,0.214,344.910,8.808,356.069,0.45892,0,hotspot,0.45892
208,\\akc0ss-n086\NMML_Polar_Imagery_4\Surveys_IceSeals_2025\fl223\images_30deg_N68RF\center_view\ice_seals_2025_fl223_C_20250514_001141.347117_ir.tif,5398,45.190,155.573,57.650,166.878,0.30246,0,hotspot,0.30246
209,\\akc0ss-n086\NMML_Polar_Imagery_4\Surveys_IceSeals_2025\fl223\images_30deg_N68RF\center_view\ice_seals_2025_fl223_C_20250514_001145.743925_ir.tif,5402,107.086,21.765,117.379,35.093,0.25178,0,hotspot,0.25178
210,\\akc0ss-n086\NMML_Polar_Imagery_4\Surveys_IceSeals_2025\fl223\images_30deg_N68RF\center_view\ice_seals_2025_fl223_C_20250514_001145.743925_ir.tif,5402,79.095,462.755,91.968,474.845,0.17751,0,hotspot,0.17751
211,\\akc0ss-n086\NMML_Polar_Imagery_4\Surveys_IceSeals_2025\fl223\images_30deg_N68RF\center_view\ice_seals_2025_fl223_C_20250514_001146.841232_ir.tif,5403,0.000,477.239,8.254,490.540,0.57287,0,hotspot,0.57287
212,\\akc0ss-n086\NMML_Polar_Imagery_4\Surveys_IceSeals_2025\fl223\images_30deg_N68RF\center_view\ice_seals_2025_fl223_C_20250514_001147.943200_ir.tif,5404,207.940,187.816,218.079,198.212,0.34487,0,hotspot,0.34487
213,\\akc0ss-n086\NMML_Polar_Imagery_4\Surveys_IceSeals_2025\fl223\images_30deg_N68RF\center_view\ice_seals_2025_fl223_C_20250514_001147.943200_ir.tif,5404,235.494,131.301,245.579,142.248,0.15717,0,hotspot,0.15717
214,\\akc0ss-n086\NMML_Polar_Imagery_4\Surveys_IceSeals_2025\fl223\images_30deg_N68RF\center_view\ice_seals_2025_fl223_C_20250514_001149.040326_ir.tif,5405,304.765,34.801,314.340,45.776,0.22568,0,hotspot,0.22568
215,\\akc0ss-n086\NMML_Polar_Imagery_4\Surveys_IceSeals_2025\fl223\images_30deg_N68RF\center_view\ice_seals_2025_fl223_C_20250514_001150.136733_ir.tif,5406,461.419,356.855,473.643,366.546,0.10461,0,hotspot,0.10461
216,\\akc0ss-n086\NMML_Polar_Imagery_4\Surveys_IceSeals_2025\fl223\images_30deg_N68RF\center_view\ice_seals_2025_fl223_C_20250514_001152.327886_ir.tif,5408,105.821,392.861,116.882,408.586,0.68322,0,hotspot,0.68322
217,\\akc0ss-n086\NMML_Polar_Imagery_4\Surveys_IceSeals_2025\fl223\images_30deg_N68RF\center_view\ice_seals_2025_fl223_C_20250514_001156.691556_ir.tif,5412,214.515,0.000,223.107,6.233,0.61255,0,hotspot,0.61255
218,\\akc0ss-n086\NMML_Polar_Imagery_4\Surveys_IceSeals_2025\fl223\images_30deg_N68RF\center_view\ice_seals_2025_fl223_C_20250514_001157.780600_ir.tif,5413,189.002,473.818,198.820,486.267,0.37962,0,hotspot,0.37962
219,\\akc0ss-n086\NMML_Polar_Imagery_4\Surveys_IceSeals_2025\fl223\images_30deg_N68RF\center_view\ice_seals_2025_fl223_C_20250514_001157.780600_ir.tif,5413,492.528,167.757,502.311,176.164,0.11450,0,hotspot,0.11450
220,\\akc0ss-n086\NMML_Polar_Imagery_4\Surveys_IceSeals_2025\fl223\images_30deg_N68RF\center_view\ice_seals_2025_fl223_C_20250514_001159.956832_ir.tif,5415,206.305,290.720,215.963,302.297,0.45162,0,hotspot,0.45162
221,\\akc0ss-n086\NMML_Polar_Imagery_4\Surveys_IceSeals_2025\fl223\images_30deg_N68RF\center_view\ice_seals_2025_fl223_C_20250514_001205.387427_ir.tif,5420,304.653,215.794,317.199,226.737,0.52790,0,hotspot,0.52790
222,\\akc0ss-n086\NMML_Polar_Imagery_4\Surveys_IceSeals_2025\fl223\images_30deg_N68RF\center_view\ice_seals_2025_fl223_C_20250514_001205.387427_ir.tif,5420,228.435,453.129,238.943,471.592,0.35789,0,hotspot,0.35789
223,\\akc0ss-n086\NMML_Polar_Imagery_4\Surveys_IceSeals_2025\fl223\images_30deg_N68RF\center_view\ice_seals_2025_fl223_C_20250514_001212.969578_ir.tif,5427,383.470,155.285,393.405,169.621,0.56990,0,hotspot,0.56990
224,\\akc0ss-n086\NMML_Polar_Imagery_4\Surveys_IceSeals_2025\fl223\images_30deg_N68RF\center_view\ice_seals_2025_fl223_C_20250514_001212.969578_ir.tif,5427,368.547,164.077,377.995,178.000,0.24852,0,hotspot,0.24852
225,\\akc0ss-n086\NMML_Polar_Imagery_4\Surveys_IceSeals_2025\fl223\images_30deg_N68RF\center_view\ice_seals_2025_fl223_C_20250514_001216.214535_ir.tif,5430,209.601,255.134,218.888,264.598,0.10770,0,hotspot,0.10770
226,\\akc0ss-n086\NMML_Polar_Imagery_4\Surveys_IceSeals_2025\fl223\images_30deg_N68RF\center_view\ice_seals_2025_fl223_C_20250514_001216.214535_ir.tif,5430,108.161,382.314,120.447,391.475,0.10109,0,hotspot,0.10109
227,\\akc0ss-n086\NMML_Polar_Imagery_4\Surveys_IceSeals_2025\fl223\images_30deg_N68RF\center_view\ice_seals_2025_fl223_C_20250514_001217.295202_ir.tif,5431,574.660,18.560,584.921,31.261,0.64744,0,hotspot,0.64744
228,\\akc0ss-n086\NMML_Polar_Imagery_4\Surveys_IceSeals_2025\fl223\images_30deg_N68RF\center_view\ice_seals_2025_fl223_C_20250514_001218.374891_ir.tif,5432,371.266,111.408,382.089,122.009,0.25605,0,hotspot,0.25605
229,\\akc0ss-n086\NMML_Polar_Imagery_4\Surveys_IceSeals_2025\fl223\images_30deg_N68RF\center_view\ice_seals_2025_fl223_C_20250514_001219.453716_ir.tif,5433,400.496,74.418,410.550,86.896,0.34348,0,hotspot,0.34348
230,\\akc0ss-n086\NMML_Polar_Imagery_4\Surveys_IceSeals_2025\fl223\images_30deg_N68RF\center_view\ice_seals_2025_fl223_C_20250514_001221.609153_ir.tif,5435,559.099,88.411,568.964,105.705,0.45465,0,hotspot,0.45465
231,\\akc0ss-n086\NMML_Polar_Imagery_4\Surveys_IceSeals_2025\fl223\images_30deg_N68RF\center_view\ice_seals_2025_fl223_C_20250514_001221.609153_ir.tif,5435,55.433,85.128,67.480,94.936,0.40207,0,hotspot,0.40207
232,\\akc0ss-n086\NMML_Polar_Imagery_4\Surveys_IceSeals_2025\fl223\images_30deg_N68RF\center_view\ice_seals_2025_fl223_C_20250514_001224.839492_ir.tif,5438,94.262,279.169,106.580,290.942,0.54649,0,hotspot,0.54649
233,\\akc0ss-n086\NMML_Polar_Imagery_4\Surveys_IceSeals_2025\fl223\images_30deg_N68RF\center_view\ice_seals_2025_fl223_C_20250514_001224.839492_ir.tif,5438,92.870,278.411,108.136,293.036,0.17269,0,hotspot,0.17269
234,\\akc0ss-n086\NMML_Polar_Imagery_4\Surveys_IceSeals_2025\fl223\images_30deg_N68RF\center_view\ice_seals_2025_fl223_C_20250514_001225.916879_ir.tif,5439,563.886,88.533,575.701,99.912,0.17488,0,hotspot,0.17488
235,\\akc0ss-n086\NMML_Polar_Imagery_4\Surveys_IceSeals_2025\fl223\images_30deg_N68RF\center_view\ice_seals_2025_fl223_C_20250514_001229.149138_ir.tif,5442,256.557,116.499,268.429,129.951,0.30654,0,hotspot,0.30654
236,\\akc0ss-n086\NMML_Polar_Imagery_4\Surveys_IceSeals_2025\fl223\images_30deg_N68RF\center_view\ice_seals_2025_fl223_C_20250514_001230.225486_ir.tif,5443,503.287,41.454,514.509,53.044,0.11252,0,hotspot,0.11252
237,\\akc0ss-n086\NMML_Polar_Imagery_4\Surveys_IceSeals_2025\fl223\images_30deg_N68RF\center_view\ice_seals_2025_fl223_C_20250514_001232.376220_ir.tif,5445,428.919,351.217,439.906,360.287,0.44278,0,hotspot,0.44278
238,\\akc0ss-n086\NMML_Polar_Imagery_4\Surveys_IceSeals_2025\fl223\images_30deg_N68RF\center_view\ice_seals_2025_fl223_C_20250514_001232.376220_ir.tif,5445,431.937,357.322,442.258,367.443,0.39057,0,hotspot,0.39057
239,\\akc0ss-n086\NMML_Polar_Imagery_4\Surveys_IceSeals_2025\fl223\images_30deg_N68RF\center_view\ice_seals_2025_fl223_C_20250514_001232.376220_ir.tif,5445,237.870,6.670,248.044,16.962,0.18833,0,hotspot,0.18833
240,\\akc0ss-n086\NMML_Polar_Imagery_4\Surveys_IceSeals_2025\fl223\images_30deg_N68RF\center_view\ice_seals_2025_fl223_C_20250514_001234.524010_ir.tif,5447,385.195,43.772,397.658,55.920,0.54656,0,hotspot,0.54656
241,\\akc0ss-n086\NMML_Polar_Imagery_4\Surveys_IceSeals_2025\fl223\images_30deg_N68RF\center_view\ice_seals_2025_fl223_C_20250514_001235.597017_ir.tif,5448,415.386,135.844,425.233,146.143,0.57487,0,hotspot,0.57487
242,\\akc0ss-n086\NMML_Polar_Imagery_4\Surveys_IceSeals_2025\fl223\images_30deg_N68RF\center_view\ice_seals_2025_fl223_C_20250514_001236.669368_ir.tif,5449,13.181,409.014,24.054,420.073,0.13153,0,hotspot,0.13153
243,\\akc0ss-n086\NMML_Polar_Imagery_4\Surveys_IceSeals_2025\fl223\images_30deg_N68RF\center_view\ice_seals_2025_fl223_C_20250514_001237.741035_ir.tif,5450,538.463,426.528,548.767,437.552,0.22435,0,hotspot,0.22435
244,\\akc0ss-n086\NMML_Polar_Imagery_4\Surveys_IceSeals_2025\fl223\images_30deg_N68RF\center_view\ice_seals_2025_fl223_C_20250514_001238.812458_ir.tif,5451,349.651,76.438,360.466,89.293,0.60034,0,hotspot,0.60034
245,\\akc0ss-n086\NMML_Polar_Imagery_4\Surveys_IceSeals_2025\fl223\images_30deg_N68RF\center_view\ice_seals_2025_fl223_C_20250514_001240.954895_ir.tif,5453,27.221,221.362,38.008,234.655,0.30110,0,hotspot,0.30110
246,\\akc0ss-n086\NMML_Polar_Imagery_4\Surveys_IceSeals_2025\fl223\images_30deg_N68RF\center_view\ice_seals_2025_fl223_C_20250514_001243.097107_ir.tif,5455,140.308,255.491,150.354,267.290,0.39187,0,hotspot,0.39187
247,\\akc0ss-n086\NMML_Polar_Imagery_4\Surveys_IceSeals_2025\fl223\images_30deg_N68RF\center_view\ice_seals_2025_fl223_C_20250514_001244.168134_ir.tif,5456,461.615,142.694,471.631,156.274,0.50371,0,hotspot,0.50371
248,\\akc0ss-n086\NMML_Polar_Imagery_4\Surveys_IceSeals_2025\fl223\images_30deg_N68RF\center_view\ice_seals_2025_fl223_C_20250514_001246.309345_ir.tif,5458,410.184,57.063,421.546,69.295,0.27591,0,hotspot,0.27591
249,\\akc0ss-n086\NMML_Polar_Imagery_4\Surveys_IceSeals_2025\fl223\images_30deg_N68RF\center_view\ice_seals_2025_fl223_C_20250514_001247.380032_ir.tif,5459,470.482,341.625,482.253,352.799,0.37776,0,hotspot,0.37776
250,\\akc0ss-n086\NMML_Polar_Imagery_4\Surveys_IceSeals_2025\fl223\images_30deg_N68RF\center_view\ice_seals_2025_fl223_C_20250514_001247.380032_ir.tif,5459,494.119,186.567,506.345,196.652,0.12574,0,hotspot,0.12574
251,\\akc0ss-n086\NMML_Polar_Imagery_4\Surveys_IceSeals_2025\fl223\images_30deg_N68RF\center_view\ice_seals_2025_fl223_C_20250514_001248.450081_ir.tif,5460,87.851,18.441,98.635,28.639,0.14200,0,hotspot,0.14200
252,\\akc0ss-n086\NMML_Polar_Imagery_4\Surveys_IceSeals_2025\fl223\images_30deg_N68RF\center_view\ice_seals_2025_fl223_C_20250514_001250.590132_ir.tif,5462,130.820,295.874,142.284,308.105,0.21003,0,hotspot,0.21003
253,\\akc0ss-n086\NMML_Polar_Imagery_4\Surveys_IceSeals_2025\fl223\images_30deg_N68RF\center_view\ice_seals_2025_fl223_C_20250514_001253.799813_ir.tif,5465,32.738,87.628,44.213,99.363,0.56221,0,hotspot,0.56221
254,\\akc0ss-n086\NMML_Polar_Imagery_4\Surveys_IceSeals_2025\fl223\images_30deg_N68RF\center_view\ice_seals_2025_fl223_C_20250514_001255.938527_ir.tif,5467,140.522,289.186,152.227,299.711,0.39015,0,hotspot,0.39015
255,\\akc0ss-n086\NMML_Polar_Imagery_4\Surveys_IceSeals_2025\fl223\images_30deg_N68RF\center_view\ice_seals_2025_fl223_C_20250514_001255.938527_ir.tif,5467,139.545,288.286,153.569,301.085,0.15037,0,hotspot,0.15037
256,\\akc0ss-n086\NMML_Polar_Imagery_4\Surveys_IceSeals_2025\fl223\images_30deg_N68RF\center_view\ice_seals_2025_fl223_C_20250514_001304.495783_ir.tif,5475,446.621,347.805,457.270,357.063,0.32357,0,hotspot,0.32357
257,\\akc0ss-n086\NMML_Polar_Imagery_4\Surveys_IceSeals_2025\fl223\images_30deg_N68RF\center_view\ice_seals_2025_fl223_C_20250514_001305.566665_ir.tif,5476,230.928,188.762,243.102,199.133,0.55471,0,hotspot,0.55471
258,\\akc0ss-n086\NMML_Polar_Imagery_4\Surveys_IceSeals_2025\fl223\images_30deg_N68RF\center_view\ice_seals_2025_fl223_C_20250514_001305.566665_ir.tif,5476,248.785,13.485,261.515,26.681,0.47887,0,hotspot,0.47887
259,\\akc0ss-n086\NMML_Polar_Imagery_4\Surveys_IceSeals_2025\fl223\images_30deg_N68RF\center_view\ice_seals_2025_fl223_C_20250514_001308.778049_ir.tif,5479,444.953,333.758,456.456,347.293,0.49085,0,hotspot,0.49085
260,\\akc0ss-n086\NMML_Polar_Imagery_4\Surveys_IceSeals_2025\fl223\images_30deg_N68RF\center_view\ice_seals_2025_fl223_C_20250514_001319.461014_ir.tif,5489,377.455,21.931,389.059,34.130,0.16552,0,hotspot,0.16552
261,\\akc0ss-n086\NMML_Polar_Imagery_4\Surveys_IceSeals_2025\fl223\images_30deg_N68RF\center_view\ice_seals_2025_fl223_C_20250514_001320.527319_ir.tif,5490,110.591,175.448,122.130,185.702,0.27681,0,hotspot,0.27681
262,\\akc0ss-n086\NMML_Polar_Imagery_4\Surveys_IceSeals_2025\fl223\images_30deg_N68RF\center_view\ice_seals_2025_fl223_C_20250514_001320.527319_ir.tif,5490,367.515,502.434,377.984,511.722,0.12218,0,hotspot,0.12218
263,\\akc0ss-n086\NMML_Polar_Imagery_4\Surveys_IceSeals_2025\fl223\images_30deg_N68RF\center_view\ice_seals_2025_fl223_C_20250514_001322.661093_ir.tif,5492,313.796,138.604,325.141,153.147,0.45911,0,hotspot,0.45911
264,\\akc0ss-n086\NMML_Polar_Imagery_4\Surveys_IceSeals_2025\fl223\images_30deg_N68RF\center_view\ice_seals_2025_fl223_C_20250514_001322.661093_ir.tif,5492,343.852,125.432,353.854,136.711,0.40224,0,hotspot,0.40224
265,\\akc0ss-n086\NMML_Polar_Imagery_4\Surveys_IceSeals_2025\fl223\images_30deg_N68RF\center_view\ice_seals_2025_fl223_C_20250514_001326.927741_ir.tif,5496,466.370,44.198,477.102,55.439,0.22538,0,hotspot,0.22538
266,\\akc0ss-n086\NMML_Polar_Imagery_4\Surveys_IceSeals_2025\fl223\images_30deg_N68RF\center_view\ice_seals_2025_fl223_C_20250514_001326.927741_ir.tif,5496,468.505,44.705,481.394,56.171,0.10489,0,hotspot,0.10489
267,\\akc0ss-n086\NMML_Polar_Imagery_4\Surveys_IceSeals_2025\fl223\images_30deg_N68RF\center_view\ice_seals_2025_fl223_C_20250514_001327.993726_ir.tif,5497,144.194,91.548,156.425,101.738,0.53526,0,hotspot,0.53526
268,\\akc0ss-n086\NMML_Polar_Imagery_4\Surveys_IceSeals_2025\fl223\images_30deg_N68RF\center_view\ice_seals_2025_fl223_C_20250514_001331.192589_ir.tif,5500,169.639,88.563,179.415,103.100,0.58856,0,hotspot,0.58856
269,\\akc0ss-n086\NMML_Polar_Imagery_4\Surveys_IceSeals_2025\fl223\images_30deg_N68RF\center_view\ice_seals_2025_fl223_C_20250514_001334.397408_ir.tif,5503,118.589,377.432,129.850,389.281,0.10800,0,hotspot,0.10800
270,\\akc0ss-n086\NMML_Polar_Imagery_4\Surveys_IceSeals_2025\fl223\images_30deg_N68RF\center_view\ice_seals_2025_fl223_C_20250514_001340.811309_ir.tif,5509,534.879,331.155,556.202,343.697,0.33789,0,hotspot,0.33789
271,\\akc0ss-n086\NMML_Polar_Imagery_4\Surveys_IceSeals_2025\fl223\images_30deg_N68RF\center_view\ice_seals_2025_fl223_C_20250514_001341.879998_ir.tif,5510,290.745,266.025,301.379,276.037,0.21862,0,hotspot,0.21862
272,\\akc0ss-n086\NMML_Polar_Imagery_4\Surveys_IceSeals_2025\fl223\images_30deg_N68RF\center_view\ice_seals_2025_fl223_C_20250514_001341.879998_ir.tif,5510,307.190,255.166,316.539,266.279,0.17274,0,hotspot,0.17274
273,\\akc0ss-n086\NMML_Polar_Imagery_4\Surveys_IceSeals_2025\fl223\images_30deg_N68RF\center_view\ice_seals_2025_fl223_C_20250514_001342.948962_ir.tif,5511,323.990,283.867,334.987,296.524,0.51267,0,hotspot,0.51267
274,\\akc0ss-n086\NMML_Polar_Imagery_4\Surveys_IceSeals_2025\fl223\images_30deg_N68RF\center_view\ice_seals_2025_fl223_C_20250514_001350.441668_ir.tif,5518,357.937,7.853,370.729,20.224,0.66703,0,hotspot,0.66703
275,\\akc0ss-n086\NMML_Polar_Imagery_4\Surveys_IceSeals_2025\fl223\images_30deg_N68RF\center_view\ice_seals_2025_fl223_C_20250514_001351.513334_ir.tif,5519,342.473,490.272,355.263,502.396,0.45256,0,hotspot,0.45256
276,\\akc0ss-n086\NMML_Polar_Imagery_4\Surveys_IceSeals_2025\fl223\images_30deg_N68RF\center_view\ice_seals_2025_fl223_C_20250514_001353.653774_ir.tif,5521,367.285,500.418,378.998,511.526,0.30888,0,hotspot,0.30888
277,\\akc0ss-n086\NMML_Polar_Imagery_4\Surveys_IceSeals_2025\fl223\images_30deg_N68RF\center_view\ice_seals_2025_fl223_C_20250514_001354.722177_ir.tif,5522,177.743,305.272,187.186,316.316,0.55447,0,hotspot,0.55447
278,\\akc0ss-n086\NMML_Polar_Imagery_4\Surveys_IceSeals_2025\fl223\images_30deg_N68RF\center_view\ice_seals_2025_fl223_C_20250514_001356.856610_ir.tif,5524,548.453,281.134,559.397,294.631,0.54310,0,hotspot,0.54310
279,\\akc0ss-n086\NMML_Polar_Imagery_4\Surveys_IceSeals_2025\fl223\images_30deg_N68RF\center_view\ice_seals_2025_fl223_C_20250514_001356.856610_ir.tif,5524,435.407,412.311,446.476,423.399,0.16462,0,hotspot,0.16462
280,\\akc0ss-n086\NMML_Polar_Imagery_4\Surveys_IceSeals_2025\fl223\images_30deg_N68RF\center_view\ice_seals_2025_fl223_C_20250514_001358.989504_ir.tif,5526,518.332,98.652,528.079,113.471,0.38075,0,hotspot,0.38075
281,\\akc0ss-n086\NMML_Polar_Imagery_4\Surveys_IceSeals_2025\fl223\images_30deg_N68RF\center_view\ice_seals_2025_fl223_C_20250514_001358.989504_ir.tif,5526,470.786,344.329,482.393,360.213,0.13000,0,hotspot,0.13000
282,\\akc0ss-n086\NMML_Polar_Imagery_4\Surveys_IceSeals_2025\fl223\images_30deg_N68RF\center_view\ice_seals_2025_fl223_C_20250514_001400.056608_ir.tif,5527,119.431,138.602,130.898,151.454,0.38454,0,hotspot,0.38454
283,\\akc0ss-n086\NMML_Polar_Imagery_4\Surveys_IceSeals_2025\fl223\images_30deg_N68RF\center_view\ice_seals_2025_fl223_C_20250514_001401.124455_ir.tif,5528,117.077,382.553,129.531,395.883,0.52961,0,hotspot,0.52961
284,\\akc0ss-n086\NMML_Polar_Imagery_4\Surveys_IceSeals_2025\fl223\images_30deg_N68RF\center_view\ice_seals_2025_fl223_C_20250514_001406.462250_ir.tif,5533,181.871,286.247,193.389,298.057,0.16530,0,hotspot,0.16530
285,\\akc0ss-n086\NMML_Polar_Imagery_4\Surveys_IceSeals_2025\fl223\images_30deg_N68RF\center_view\ice_seals_2025_fl223_C_20250514_001407.529897_ir.tif,5534,437.551,42.006,450.089,54.449,0.12878,0,hotspot,0.12878
286,\\akc0ss-n086\NMML_Polar_Imagery_4\Surveys_IceSeals_2025\fl223\images_30deg_N68RF\center_view\ice_seals_2025_fl223_C_20250514_001408.597606_ir.tif,5535,288.583,276.641,298.042,286.087,0.11314,0,hotspot,0.11314
287,\\akc0ss-n086\NMML_Polar_Imagery_4\Surveys_IceSeals_2025\fl223\images_30deg_N68RF\center_view\ice_seals_2025_fl223_C_20250514_001409.665435_ir.tif,5536,529.084,0.910,540.954,14.323,0.56426,0,hotspot,0.56426
288,\\akc0ss-n086\NMML_Polar_Imagery_4\Surveys_IceSeals_2025\fl223\images_30deg_N68RF\center_view\ice_seals_2025_fl223_C_20250514_001409.665435_ir.tif,5536,581.048,65.013,592.476,81.554,0.36553,0,hotspot,0.36553
289,\\akc0ss-n086\NMML_Polar_Imagery_4\Surveys_IceSeals_2025\fl223\images_30deg_N68RF\center_view\ice_seals_2025_fl223_C_20250514_001410.734038_ir.tif,5537,512.770,477.431,523.504,493.420,0.51298,0,hotspot,0.51298
290,\\akc0ss-n086\NMML_Polar_Imagery_4\Surveys_IceSeals_2025\fl223\images_30deg_N68RF\center_view\ice_seals_2025_fl223_C_20250514_001410.734038_ir.tif,5537,592.127,308.926,603.701,320.631,0.22255,0,hotspot,0.22255
291,\\akc0ss-n086\NMML_Polar_Imagery_4\Surveys_IceSeals_2025\fl223\images_30deg_N68RF\center_view\ice_seals_2025_fl223_C_20250514_001412.870249_ir.tif,5539,528.600,111.053,538.888,123.690,0.64407,0,hotspot,0.64407
292,\\akc0ss-n086\NMML_Polar_Imagery_4\Surveys_IceSeals_2025\fl223\images_30deg_N68RF\center_view\ice_seals_2025_fl223_C_20250514_001412.870249_ir.tif,5539,149.222,0.068,160.545,8.077,0.16785,0,hotspot,0.16785
293,\\akc0ss-n086\NMML_Polar_Imagery_4\Surveys_IceSeals_2025\fl223\images_30deg_N68RF\center_view\ice_seals_2025_fl223_C_20250514_001413.937297_ir.tif,5540,535.527,391.518,546.895,406.856,0.21190,0,hotspot,0.21190
294,\\akc0ss-n086\NMML_Polar_Imagery_4\Surveys_IceSeals_2025\fl223\images_30deg_N68RF\center_view\ice_seals_2025_fl223_C_20250514_001415.004406_ir.tif,5541,545.626,298.710,556.237,311.197,0.15481,0,hotspot,0.15481
295,\\akc0ss-n086\NMML_Polar_Imagery_4\Surveys_IceSeals_2025\fl223\images_30deg_N68RF\center_view\ice_seals_2025_fl223_C_20250514_001416.071491_ir.tif,5542,133.467,366.838,144.137,382.412,0.16832,0,hotspot,0.16832
296,\\akc0ss-n086\NMML_Polar_Imagery_4\Surveys_IceSeals_2025\fl223\images_30deg_N68RF\center_view\ice_seals_2025_fl223_C_20250514_001416.071491_ir.tif,5542,224.889,412.066,239.478,424.749,0.14964,0,hotspot,0.14964
297,\\akc0ss-n086\NMML_Polar_Imagery_4\Surveys_IceSeals_2025\fl223\images_30deg_N68RF\center_view\ice_seals_2025_fl223_C_20250514_001419.272850_ir.tif,5545,561.212,0.014,572.051,11.727,0.35779,0,hotspot,0.35779
298,\\akc0ss-n086\NMML_Polar_Imagery_4\Surveys_IceSeals_2025\fl223\images_30deg_N68RF\center_view\ice_seals_2025_fl223_C_20250514_001427.799444_ir.tif,5553,0.000,185.065,6.900,197.055,0.20990,0,hotspot,0.20990
299,\\akc0ss-n086\NMML_Polar_Imagery_4\Surveys_IceSeals_2025\fl223\images_30deg_N68RF\center_view\ice_seals_2025_fl223_C_20250514_001429.931641_ir.tif,5555,443.813,51.032,454.608,63.576,0.37906,0,hotspot,0.37906
300,\\akc0ss-n086\NMML_Polar_Imagery_4\Surveys_IceSeals_2025\fl223\images_30deg_N68RF\center_view\ice_seals_2025_fl223_C_20250514_001429.931641_ir.tif,5555,166.493,468.615,177.864,482.022,0.17405,0,hotspot,0.17405
301,\\akc0ss-n086\NMML_Polar_Imagery_4\Surveys_IceSeals_2025\fl223\images_30deg_N68RF\center_view\ice_seals_2025_fl223_C_20250514_001430.999104_ir.tif,5556,438.110,480.842,448.236,494.764,0.15010,0,hotspot,0.15010
302,\\akc0ss-n086\NMML_Polar_Imagery_4\Surveys_IceSeals_2025\fl223\images_30deg_N68RF\center_view\ice_seals_2025_fl223_C_20250514_001434.198368_ir.tif,5559,438.437,68.394,448.617,82.333,0.18153,0,hotspot,0.18153
303,\\akc0ss-n086\NMML_Polar_Imagery_4\Surveys_IceSeals_2025\fl223\images_30deg_N68RF\center_view\ice_seals_2025_fl223_C_20250514_001434.198368_ir.tif,5559,505.817,440.195,516.888,454.637,0.13010,0,hotspot,0.13010
304,\\akc0ss-n086\NMML_Polar_Imagery_4\Surveys_IceSeals_2025\fl223\images_30deg_N68RF\center_view\ice_seals_2025_fl223_C_20250514_001435.264296_ir.tif,5560,315.968,50.814,330.640,62.899,0.11529,0,hotspot,0.11529
305,\\akc0ss-n086\NMML_Polar_Imagery_4\Surveys_IceSeals_2025\fl223\images_30deg_N68RF\center_view\ice_seals_2025_fl223_C_20250514_001437.396564_ir.tif,5562,320.740,393.776,327.561,400.494,0.48569,0,hotspot,0.48569
306,\\akc0ss-n086\NMML_Polar_Imagery_4\Surveys_IceSeals_2025\fl223\images_30deg_N68RF\center_view\ice_seals_2025_fl223_C_20250514_001437.396564_ir.tif,5562,320.031,386.596,326.815,393.231,0.44928,0,hotspot,0.44928
307,\\akc0ss-n086\NMML_Polar_Imagery_4\Surveys_IceSeals_2025\fl223\images_30deg_N68RF\center_view\ice_seals_2025_fl223_C_20250514_001437.396564_ir.tif,5562,310.951,376.039,317.664,381.916,0.13128,0,hotspot,0.13128
308,\\akc0ss-n086\NMML_Polar_Imagery_4\Surveys_IceSeals_2025\fl223\images_30deg_N68RF\center_view\ice_seals_2025_fl223_C_20250514_001450.213346_ir.tif,5574,34.240,259.093,44.849,273.153,0.45961,0,hotspot,0.45961
309,\\akc0ss-n086\NMML_Polar_Imagery_4\Surveys_IceSeals_2025\fl223\images_30deg_N68RF\center_view\ice_seals_2025_fl223_C_20250514_001450.213346_ir.tif,5574,133.855,464.073,143.930,473.457,0.33864,0,hotspot,0.33864
310,\\akc0ss-n086\NMML_Polar_Imagery_4\Surveys_IceSeals_2025\fl223\images_30deg_N68RF\center_view\ice_seals_2025_fl223_C_20250514_001452.355442_ir.tif,5576,595.881,15.653,607.110,26.987,0.43311,0,hotspot,0.43311
311,\\akc0ss-n086\NMML_Polar_Imagery_4\Surveys_IceSeals_2025\fl223\images_30deg_N68RF\center_view\ice_seals_2025_fl223_C_20250514_001452.355442_ir.tif,5576,412.093,207.672,421.781,218.585,0.40416,0,hotspot,0.40416
312,\\akc0ss-n086\NMML_Polar_Imagery_4\Surveys_IceSeals_2025\fl223\images_30deg_N68RF\center_view\ice_seals_2025_fl223_C_20250514_001453.426707_ir.tif,5577,446.296,193.366,458.948,210.748,0.64758,0,hotspot,0.64758
313,\\akc0ss-n086\NMML_Polar_Imagery_4\Surveys_IceSeals_2025\fl223\images_30deg_N68RF\center_view\ice_seals_2025_fl223_C_20250514_001453.426707_ir.tif,5577,581.102,494.913,592.303,506.582,0.38738,0,hotspot,0.38738
314,\\akc0ss-n086\NMML_Polar_Imagery_4\Surveys_IceSeals_2025\fl223\images_30deg_N68RF\center_view\ice_seals_2025_fl223_C_20250514_001454.497697_ir.tif,5578,605.583,237.647,616.995,248.948,0.16939,0,hotspot,0.16939
315,\\akc0ss-n086\NMML_Polar_Imagery_4\Surveys_IceSeals_2025\fl223\images_30deg_N68RF\center_view\ice_seals_2025_fl223_C_20250514_001455.568881_ir.tif,5579,412.492,105.959,424.228,118.042,0.57675,0,hotspot,0.57675
316,\\akc0ss-n086\NMML_Polar_Imagery_4\Surveys_IceSeals_2025\fl223\images_30deg_N68RF\center_view\ice_seals_2025_fl223_C_20250514_001455.568881_ir.tif,5579,514.826,304.435,524.796,317.544,0.44462,0,hotspot,0.44462
317,\\akc0ss-n086\NMML_Polar_Imagery_4\Surveys_IceSeals_2025\fl223\images_30deg_N68RF\center_view\ice_seals_2025_fl223_C_20250514_001457.711013_ir.tif,5581,487.577,132.479,497.745,147.888,0.35830,0,hotspot,0.35830
318,\\akc0ss-n086\NMML_Polar_Imagery_4\Surveys_IceSeals_2025\fl223\images_30deg_N68RF\center_view\ice_seals_2025_fl223_C_20250514_001505.215822_ir.tif,5588,71.745,3.562,83.087,16.378,0.17028,0,hotspot,0.17028
319,\\akc0ss-n086\NMML_Polar_Imagery_4\Surveys_IceSeals_2025\fl223\images_30deg_N68RF\center_view\ice_seals_2025_fl223_C_20250514_001506.287910_ir.tif,5589,517.116,360.129,531.416,372.771,0.76088,0,hotspot,0.76088
320,\\akc0ss-n086\NMML_Polar_Imagery_4\Surveys_IceSeals_2025\fl223\images_30deg_N68RF\center_view\ice_seals_2025_fl223_C_20250514_001507.359373_ir.tif,5590,616.387,341.214,626.302,358.471,0.30242,0,hotspot,0.30242
321,\\akc0ss-n086\NMML_Polar_Imagery_4\Surveys_IceSeals_2025\fl223\images_30deg_N68RF\center_view\ice_seals_2025_fl223_C_20250514_001507.359373_ir.tif,5590,27.503,411.612,37.475,421.524,0.15337,0,hotspot,0.15337
322,\\akc0ss-n086\NMML_Polar_Imagery_4\Surveys_IceSeals_2025\fl223\images_30deg_N68RF\center_view\ice_seals_2025_fl223_C_20250514_001509.501266_ir.tif,5592,592.621,28.031,604.021,39.227,0.52448,0,hotspot,0.52448
323,\\akc0ss-n086\NMML_Polar_Imagery_4\Surveys_IceSeals_2025\fl223\images_30deg_N68RF\center_view\ice_seals_2025_fl223_C_20250514_001512.716531_ir.tif,5595,526.721,44.483,537.939,56.136,0.45839,0,hotspot,0.45839
324,\\akc0ss-n086\NMML_Polar_Imagery_4\Surveys_IceSeals_2025\fl223\images_30deg_N68RF\center_view\ice_seals_2025_fl223_C_20250514_001512.716531_ir.tif,5595,326.142,239.150,334.692,250.943,0.26041,0,hotspot,0.26041
325,\\akc0ss-n086\NMML_Polar_Imagery_4\Surveys_IceSeals_2025\fl223\images_30deg_N68RF\center_view\ice_seals_2025_fl223_C_20250514_001519.139271_ir.tif,5601,4.090,357.058,15.058,368.241,0.53117,0,hotspot,0.53117
326,\\akc0ss-n086\NMML_Polar_Imagery_4\Surveys_IceSeals_2025\fl223\images_30deg_N68RF\center_view\ice_seals_2025_fl223_C_20250514_001522.348526_ir.tif,5604,340.525,275.923,349.544,287.964,0.16666,0,hotspot,0.16666
327,\\akc0ss-n086\NMML_Polar_Imagery_4\Surveys_IceSeals_2025\fl223\images_30deg_N68RF\center_view\ice_seals_2025_fl223_C_20250514_001527.703821_ir.tif,5609,299.610,53.779,310.810,65.296,0.21924,0,hotspot,0.21924
328,\\akc0ss-n086\NMML_Polar_Imagery_4\Surveys_IceSeals_2025\fl223\images_30deg_N68RF\center_view\ice_seals_2025_fl223_C_20250514_001528.775789_ir.tif,5610,455.397,19.816,465.578,32.129,0.50880,0,hotspot,0.50880
329,\\akc0ss-n086\NMML_Polar_Imagery_4\Surveys_IceSeals_2025\fl223\images_30deg_N68RF\center_view\ice_seals_2025_fl223_C_20250514_001537.351202_ir.tif,5618,510.105,252.662,519.303,262.482,0.13807,0,hotspot,0.13807
330,\\akc0ss-n086\NMML_Polar_Imagery_4\Surveys_IceSeals_2025\fl223\images_30deg_N68RF\center_view\ice_seals_2025_fl223_C_20250514_001550.190843_ir.tif,5630,223.026,87.430,235.644,96.003,0.35641,0,hotspot,0.35641
331,\\akc0ss-n086\NMML_Polar_Imagery_4\Surveys_IceSeals_2025\fl223\images_30deg_N68RF\center_view\ice_seals_2025_fl223_C_20250514_001550.190843_ir.tif,5630,215.000,73.315,226.901,84.009,0.16516,0,hotspot,0.16516
332,\\akc0ss-n086\NMML_Polar_Imagery_4\Surveys_IceSeals_2025\fl223\images_30deg_N68RF\center_view\ice_seals_2025_fl223_C_20250514_001555.530559_ir.tif,5635,569.995,360.632,580.098,373.519,0.49024,0,hotspot,0.49024
333,\\akc0ss-n086\NMML_Polar_Imagery_4\Surveys_IceSeals_2025\fl223\images_30deg_N68RF\center_view\ice_seals_2025_fl223_C_20250514_001559.796066_ir.tif,5639,283.988,27.017,295.493,42.896,0.67875,0,hotspot,0.67875
334,\\akc0ss-n086\NMML_Polar_Imagery_4\Surveys_IceSeals_2025\fl223\images_30deg_N68RF\center_view\ice_seals_2025_fl223_C_20250514_001559.796066_ir.tif,5639,285.980,331.828,295.604,345.112,0.22567,0,hotspot,0.22567
335,\\akc0ss-n086\NMML_Polar_Imagery_4\Surveys_IceSeals_2025\fl223\images_30deg_N68RF\center_view\ice_seals_2025_fl223_C_20250514_001600.862271_ir.tif,5640,390.951,207.035,401.219,220.592,0.52635,0,hotspot,0.52635
336,\\akc0ss-n086\NMML_Polar_Imagery_4\Surveys_IceSeals_2025\fl223\images_30deg_N68RF\center_view\ice_seals_2025_fl223_C_20250514_001602.999084_ir.tif,5642,124.908,391.468,134.955,405.088,0.32499,0,hotspot,0.32499
337,\\akc0ss-n086\NMML_Polar_Imagery_4\Surveys_IceSeals_2025\fl223\images_30deg_N68RF\center_view\ice_seals_2025_fl223_C_20250514_001602.999084_ir.tif,5642,125.184,394.628,134.936,408.234,0.29092,0,hotspot,0.29092
338,\\akc0ss-n086\NMML_Polar_Imagery_4\Surveys_IceSeals_2025\fl223\images_30deg_N68RF\center_view\ice_seals_2025_fl223_C_20250514_001604.067831_ir.tif,5643,306.633,392.054,317.019,401.627,0.22698,0,hotspot,0.22698
339,\\akc0ss-n086\NMML_Polar_Imagery_4\Surveys_IceSeals_2025\fl223\images_30deg_N68RF\center_view\ice_seals_2025_fl223_C_20250514_001611.553097_ir.tif,5650,218.528,169.086,229.784,182.118,0.55964,0,hotspot,0.55964
340,\\akc0ss-n086\NMML_Polar_Imagery_4\Surveys_IceSeals_2025\fl223\images_30deg_N68RF\center_view\ice_seals_2025_fl223_C_20250514_001614.765002_ir.tif,5653,564.939,42.350,577.264,55.486,0.36537,0,hotspot,0.36537
341,\\akc0ss-n086\NMML_Polar_Imagery_4\Surveys_IceSeals_2025\fl223\images_30deg_N68RF\center_view\ice_seals_2025_fl223_C_20250514_001619.050384_ir.tif,5657,531.690,499.007,542.299,511.302,0.44649,0,hotspot,0.44649
342,\\akc0ss-n086\NMML_Polar_Imagery_4\Surveys_IceSeals_2025\fl223\images_30deg_N68RF\center_view\ice_seals_2025_fl223_C_20250514_001621.194303_ir.tif,5659,487.070,20.633,499.008,32.189,0.55271,0,hotspot,0.55271
343,\\akc0ss-n086\NMML_Polar_Imagery_4\Surveys_IceSeals_2025\fl223\images_30deg_N68RF\center_view\ice_seals_2025_fl223_C_20250514_001622.267187_ir.tif,5660,471.066,499.355,481.831,510.639,0.32670,0,hotspot,0.32670
344,\\akc0ss-n086\NMML_Polar_Imagery_4\Surveys_IceSeals_2025\fl223\images_30deg_N68RF\center_view\ice_seals_2025_fl223_C_20250514_001623.340251_ir.tif,5661,418.144,120.900,429.558,134.278,0.49315,0,hotspot,0.49315
345,\\akc0ss-n086\NMML_Polar_Imagery_4\Surveys_IceSeals_2025\fl223\images_30deg_N68RF\center_view\ice_seals_2025_fl223_C_20250514_001624.413862_ir.tif,5662,510.164,397.364,519.387,407.461,0.37939,0,hotspot,0.37939
346,\\akc0ss-n086\NMML_Polar_Imagery_4\Surveys_IceSeals_2025\fl223\images_30deg_N68RF\center_view\ice_seals_2025_fl223_C_20250514_001625.487766_ir.tif,5663,52.196,34.463,62.926,50.157,0.67117,0,hotspot,0.67117
347,\\akc0ss-n086\NMML_Polar_Imagery_4\Surveys_IceSeals_2025\fl223\images_30deg_N68RF\center_view\ice_seals_2025_fl223_C_20250514_001634.086383_ir.tif,5671,144.475,292.174,156.391,301.815,0.46020,0,hotspot,0.46020
348,\\akc0ss-n086\NMML_Polar_Imagery_4\Surveys_IceSeals_2025\fl223\images_30deg_N68RF\center_view\ice_seals_2025_fl223_C_20250514_001636.239017_ir.tif,5673,364.998,423.796,377.009,435.303,0.60885,0,hotspot,0.60885
349,\\akc0ss-n086\NMML_Polar_Imagery_4\Surveys_IceSeals_2025\fl223\images_30deg_N68RF\center_view\ice_seals_2025_fl223_C_20250514_001637.315960_ir.tif,5674,613.377,297.004,624.694,308.631,0.11536,0,hotspot,0.11536
350,\\akc0ss-n086\NMML_Polar_Imagery_4\Surveys_IceSeals_2025\fl223\images_30deg_N68RF\center_view\ice_seals_2025_fl223_C_20250514_001639.468533_ir.tif,5676,328.966,140.558,340.293,152.812,0.34818,0,hotspot,0.34818
351,\\akc0ss-n086\NMML_Polar_Imagery_4\Surveys_IceSeals_2025\fl223\images_30deg_N68RF\center_view\ice_seals_2025_fl223_C_20250514_001641.620471_ir.tif,5678,286.958,454.193,298.546,470.992,0.41641,0,hotspot,0.41641
352,\\akc0ss-n086\NMML_Polar_Imagery_4\Surveys_IceSeals_2025\fl223\images_30deg_N68RF\center_view\ice_seals_2025_fl223_C_20250514_001641.620471_ir.tif,5678,497.405,126.931,508.148,144.339,0.26081,0,hotspot,0.26081
353,\\akc0ss-n086\NMML_Polar_Imagery_4\Surveys_IceSeals_2025\fl223\images_30deg_N68RF\center_view\ice_seals_2025_fl223_C_20250514_001644.847091_ir.tif,5681,436.292,4.812,446.005,22.000,0.55272,0,hotspot,0.55272
354,\\akc0ss-n086\NMML_Polar_Imagery_4\Surveys_IceSeals_2025\fl223\images_30deg_N68RF\center_view\ice_seals_2025_fl223_C_20250514_001644.847091_ir.tif,5681,435.047,1.502,445.726,19.815,0.11186,0,hotspot,0.11186
355,\\akc0ss-n086\NMML_Polar_Imagery_4\Surveys_IceSeals_2025\fl223\images_30deg_N68RF\center_view\ice_seals_2025_fl223_C_20250514_001645.922518_ir.tif,5682,71.038,311.997,81.139,324.481,0.57359,0,hotspot,0.57359
356,\\akc0ss-n086\NMML_Polar_Imagery_4\Surveys_IceSeals_2025\fl223\images_30deg_N68RF\center_view\ice_seals_2025_fl223_C_20250514_001645.922518_ir.tif,5682,421.225,485.376,431.383,502.971,0.43286,0,hotspot,0.43286
357,\\akc0ss-n086\NMML_Polar_Imagery_4\Surveys_IceSeals_2025\fl223\images_30deg_N68RF\center_view\ice_seals_2025_fl223_C_20250514_001645.922518_ir.tif,5682,432.315,455.189,443.772,468.838,0.12147,0,hotspot,0.12147
358,\\akc0ss-n086\NMML_Polar_Imagery_4\Surveys_IceSeals_2025\fl223\images_30deg_N68RF\center_view\ice_seals_2025_fl223_C_20250514_001654.533688_ir.tif,5690,534.502,441.673,545.879,453.436,0.41941,0,hotspot,0.41941
359,\\akc0ss-n086\NMML_Polar_Imagery_4\Surveys_IceSeals_2025\fl223\images_30deg_N68RF\center_view\ice_seals_2025_fl223_C_20250514_001656.689542_ir.tif,5692,366.602,144.284,378.179,156.041,0.14346,0,hotspot,0.14346
360,\\akc0ss-n086\NMML_Polar_Imagery_4\Surveys_IceSeals_2025\fl223\images_30deg_N68RF\center_view\ice_seals_2025_fl223_C_20250514_001657.767911_ir.tif,5693,220.044,416.510,230.119,427.258,0.15466,0,hotspot,0.15466
361,\\akc0ss-n086\NMML_Polar_Imagery_4\Surveys_IceSeals_2025\fl223\images_30deg_N68RF\center_view\ice_seals_2025_fl223_C_20250514_001701.005709_ir.tif,5696,192.155,403.636,202.642,414.098,0.42787,0,hotspot,0.42787
362,\\akc0ss-n086\NMML_Polar_Imagery_4\Surveys_IceSeals_2025\fl223\images_30deg_N68RF\center_view\ice_seals_2025_fl223_C_20250514_001703.162484_ir.tif,5698,395.376,179.472,407.293,192.800,0.46372,0,hotspot,0.46372
363,\\akc0ss-n086\NMML_Polar_Imagery_4\Surveys_IceSeals_2025\fl223\images_30deg_N68RF\center_view\ice_seals_2025_fl223_C_20250514_001704.239793_ir.tif,5699,63.079,14.927,73.228,26.758,0.11798,0,hotspot,0.11798
364,\\akc0ss-n086\NMML_Polar_Imagery_4\Surveys_IceSeals_2025\fl223\images_30deg_N68RF\center_view\ice_seals_2025_fl223_C_20250514_001706.393506_ir.tif,5701,614.689,452.671,626.843,464.759,0.13149,0,hotspot,0.13149
365,\\akc0ss-n086\NMML_Polar_Imagery_4\Surveys_IceSeals_2025\fl223\images_30deg_N68RF\center_view\ice_seals_2025_fl223_C_20250514_001707.469571_ir.tif,5702,454.504,182.700,468.234,193.861,0.21576,0,hotspot,0.21576
366,\\akc0ss-n086\NMML_Polar_Imagery_4\Surveys_IceSeals_2025\fl223\images_30deg_N68RF\center_view\ice_seals_2025_fl223_C_20250514_001720.371773_ir.tif,5714,60.413,230.297,70.789,240.077,0.23075,0,hotspot,0.23075
367,\\akc0ss-n086\NMML_Polar_Imagery_4\Surveys_IceSeals_2025\fl223\images_30deg_N68RF\center_view\ice_seals_2025_fl223_C_20250514_001722.516644_ir.tif,5716,215.910,85.975,226.934,94.819,0.30907,0,hotspot,0.30907
368,\\akc0ss-n086\NMML_Polar_Imagery_4\Surveys_IceSeals_2025\fl223\images_30deg_N68RF\center_view\ice_seals_2025_fl223_C_20250514_001727.872759_ir.tif,5721,151.111,136.884,161.817,148.439,0.19053,0,hotspot,0.19053
369,\\akc0ss-n086\NMML_Polar_Imagery_4\Surveys_IceSeals_2025\fl223\images_30deg_N68RF\center_view\ice_seals_2025_fl223_C_20250514_001728.942008_ir.tif,5722,152.030,9.504,164.371,19.937,0.47789,0,hotspot,0.47789
370,\\akc0ss-n086\NMML_Polar_Imagery_4\Surveys_IceSeals_2025\fl223\images_30deg_N68RF\center_view\ice_seals_2025_fl223_C_20250514_001733.220455_ir.tif,5726,399.440,84.009,408.141,93.521,0.45519,0,hotspot,0.45519
371,\\akc0ss-n086\NMML_Polar_Imagery_4\Surveys_IceSeals_2025\fl223\images_30deg_N68RF\center_view\ice_seals_2025_fl223_C_20250514_001734.291960_ir.tif,5727,129.727,228.489,140.138,238.845,0.68078,0,hotspot,0.68078
372,\\akc0ss-n086\NMML_Polar_Imagery_4\Surveys_IceSeals_2025\fl223\images_30deg_N68RF\center_view\ice_seals_2025_fl223_C_20250514_001735.363945_ir.tif,5728,406.070,90.785,413.258,98.558,0.40299,0,hotspot,0.40299
373,\\akc0ss-n086\NMML_Polar_Imagery_4\Surveys_IceSeals_2025\fl223\images_30deg_N68RF\center_view\ice_seals_2025_fl223_C_20250514_001735.363945_ir.tif,5728,414.818,95.880,422.858,102.430,0.37072,0,hotspot,0.37072
374,\\akc0ss-n086\NMML_Polar_Imagery_4\Surveys_IceSeals_2025\fl223\images_30deg_N68RF\center_view\ice_seals_2025_fl223_C_20250514_001735.363945_ir.tif,5728,402.809,93.008,410.469,100.572,0.23007,0,hotspot,0.23007
375,\\akc0ss-n086\NMML_Polar_Imagery_4\Surveys_IceSeals_2025\fl223\images_30deg_N68RF\center_view\ice_seals_2025_fl223_C_20250514_001735.363945_ir.tif,5728,312.968,212.041,320.529,227.303,0.15365,0,hotspot,0.15365
376,\\akc0ss-n086\NMML_Polar_Imagery_4\Surveys_IceSeals_2025\fl223\images_30deg_N68RF\center_view\ice_seals_2025_fl223_C_20250514_001742.871674_ir.tif,5735,39.371,476.797,48.473,485.767,0.26583,0,hotspot,0.26583
377,\\akc0ss-n086\NMML_Polar_Imagery_4\Surveys_IceSeals_2025\fl223\images_30deg_N68RF\center_view\ice_seals_2025_fl223_C_20250514_001743.944259_ir.tif,5736,376.831,405.399,387.529,420.011,0.15828,0,hotspot,0.15828
378,\\akc0ss-n086\NMML_Polar_Imagery_4\Surveys_IceSeals_2025\fl223\images_30deg_N68RF\center_view\ice_seals_2025_fl223_C_20250514_001746.092536_ir.tif,5738,267.070,246.095,278.304,255.541,0.33078,0,hotspot,0.33078
379,\\akc0ss-n086\NMML_Polar_Imagery_4\Surveys_IceSeals_2025\fl223\images_30deg_N68RF\center_view\ice_seals_2025_fl223_C_20250514_001751.462909_ir.tif,5743,359.620,145.154,369.305,154.496,0.60728,0,hotspot,0.60728
380,\\akc0ss-n086\NMML_Polar_Imagery_4\Surveys_IceSeals_2025\fl223\images_30deg_N68RF\center_view\ice_seals_2025_fl223_C_20250514_001751.462909_ir.tif,5743,344.101,140.822,351.450,150.229,0.18792,0,hotspot,0.18792
381,\\akc0ss-n086\NMML_Polar_Imagery_4\Surveys_IceSeals_2025\fl223\images_30deg_N68RF\center_view\ice_seals_2025_fl223_C_20250514_001751.462909_ir.tif,5743,312.496,343.258,320.750,353.416,0.17212,0,hotspot,0.17212
382,\\akc0ss-n086\NMML_Polar_Imagery_4\Surveys_IceSeals_2025\fl223\images_30deg_N68RF\center_view\ice_seals_2025_fl223_C_20250514_001806.490063_ir.tif,5757,380.109,199.776,389.327,214.708,0.51439,0,hotspot,0.51439
383,\\akc0ss-n086\NMML_Polar_Imagery_4\Surveys_IceSeals_2025\fl223\images_30deg_N68RF\center_view\ice_seals_2025_fl223_C_20250514_001842.936691_ir.tif,5791,118.689,227.854,130.196,240.679,0.39736,0,hotspot,0.39736
384,\\akc0ss-n086\NMML_Polar_Imagery_4\Surveys_IceSeals_2025\fl223\images_30deg_N68RF\center_view\ice_seals_2025_fl223_C_20250514_001849.364356_ir.tif,5797,282.653,92.223,289.782,102.852,0.67957,0,hotspot,0.67957
385,\\akc0ss-n086\NMML_Polar_Imagery_4\Surveys_IceSeals_2025\fl223\images_30deg_N68RF\center_view\ice_seals_2025_fl223_C_20250514_001850.437041_ir.tif,5798,0.000,4.025,6.084,15.215,0.10767,0,hotspot,0.10767
386,\\akc0ss-n086\NMML_Polar_Imagery_4\Surveys_IceSeals_2025\fl223\images_30deg_N68RF\center_view\ice_seals_2025_fl223_C_20250514_001854.731925_ir.tif,5802,247.882,91.606,256.949,102.578,0.22250,0,hotspot,0.22250
387,\\akc0ss-n086\NMML_Polar_Imagery_4\Surveys_IceSeals_2025\fl223\images_30deg_N68RF\center_view\ice_seals_2025_fl223_C_20250514_001854.731925_ir.tif,5802,194.768,139.912,204.088,151.031,0.21876,0,hotspot,0.21876
388,\\akc0ss-n086\NMML_Polar_Imagery_4\Surveys_IceSeals_2025\fl223\images_30deg_N68RF\center_view\ice_seals_2025_fl223_C_20250514_001905.474196_ir.tif,5812,393.349,285.579,405.041,295.636,0.33079,0,hotspot,0.33079
389,\\akc0ss-n086\NMML_Polar_Imagery_4\Surveys_IceSeals_2025\fl223\images_30deg_N68RF\center_view\ice_seals_2025_fl223_C_20250514_001905.474196_ir.tif,5812,428.503,290.457,441.455,299.340,0.19169,0,hotspot,0.19169
390,\\akc0ss-n086\NMML_Polar_Imagery_4\Surveys_IceSeals_2025\fl223\images_30deg_N68RF\center_view\ice_seals_2025_fl223_C_20250514_001924.811395_ir.tif,5830,257.978,49.994,269.610,61.538,0.47212,0,hotspot,0.47212
391,\\akc0ss-n086\NMML_Polar_Imagery_4\Surveys_IceSeals_2025\fl223\images_30deg_N68RF\center_view\ice_seals_2025_fl223_C_20250514_001925.885566_ir.tif,5831,198.772,175.393,207.557,186.027,0.58375,0,hotspot,0.58375
392,\\akc0ss-n086\NMML_Polar_Imagery_4\Surveys_IceSeals_2025\fl223\images_30deg_N68RF\center_view\ice_seals_2025_fl223_C_20250514_001926.959271_ir.tif,5832,396.648,239.766,406.790,251.707,0.63628,0,hotspot,0.63628
393,\\akc0ss-n086\NMML_Polar_Imagery_4\Surveys_IceSeals_2025\fl223\images_30deg_N68RF\center_view\ice_seals_2025_fl223_C_20250514_001937.701641_ir.tif,5842,504.787,149.722,515.610,162.394,0.59000,0,hotspot,0.59000
394,\\akc0ss-n086\NMML_Polar_Imagery_4\Surveys_IceSeals_2025\fl223\images_30deg_N68RF\center_view\ice_seals_2025_fl223_C_20250514_001943.079570_ir.tif,5847,423.575,370.422,433.536,380.871,0.59856,0,hotspot,0.59856
395,\\akc0ss-n086\NMML_Polar_Imagery_4\Surveys_IceSeals_2025\fl223\images_30deg_N68RF\center_view\ice_seals_2025_fl223_C_20250514_001948.456903_ir.tif,5852,357.906,112.566,374.377,123.615,0.36616,0,hotspot,0.36616
396,\\akc0ss-n086\NMML_Polar_Imagery_4\Surveys_IceSeals_2025\fl223\images_30deg_N68RF\center_view\ice_seals_2025_fl223_C_20250514_001948.456903_ir.tif,5852,358.438,110.938,377.416,123.082,0.22351,0,hotspot,0.22351
397,\\akc0ss-n086\NMML_Polar_Imagery_4\Surveys_IceSeals_2025\fl223\images_30deg_N68RF\center_view\ice_seals_2025_fl223_C_20250514_002001.367146_ir.tif,5864,417.453,428.216,427.974,440.248,0.64074,0,hotspot,0.64074
398,\\akc0ss-n086\NMML_Polar_Imagery_4\Surveys_IceSeals_2025\fl223\images_30deg_N68RF\center_view\ice_seals_2025_fl223_C_20250514_002013.196383_ir.tif,5875,470.634,341.666,481.203,350.049,0.22610,0,hotspot,0.22610
399,\\akc0ss-n086\NMML_Polar_Imagery_4\Surveys_IceSeals_2025\fl223\images_30deg_N68RF\center_view\ice_seals_2025_fl223_C_20250514_002013.196383_ir.tif,5875,471.408,353.248,480.669,363.833,0.12602,0,hotspot,0.12602
400,\\akc0ss-n086\NMML_Polar_Imagery_4\Surveys_IceSeals_2025\fl223\images_30deg_N68RF\center_view\ice_seals_2025_fl223_C_20250514_002014.279031_ir.tif,5876,220.310,242.157,230.501,254.381,0.56790,0,hotspot,0.56790
401,\\akc0ss-n086\NMML_Polar_Imagery_4\Surveys_IceSeals_2025\fl223\images_30deg_N68RF\center_view\ice_seals_2025_fl223_C_20250514_002021.823894_ir.tif,5883,267.777,82.737,279.295,93.813,0.52927,0,hotspot,0.52927
402,\\akc0ss-n086\NMML_Polar_Imagery_4\Surveys_IceSeals_2025\fl223\images_30deg_N68RF\center_view\ice_seals_2025_fl223_C_20250514_002022.901281_ir.tif,5884,159.888,136.744,171.907,147.981,0.24200,0,hotspot,0.24200
403,\\akc0ss-n086\NMML_Polar_Imagery_4\Surveys_IceSeals_2025\fl223\images_30deg_N68RF\center_view\ice_seals_2025_fl223_C_20250514_002025.059917_ir.tif,5886,0.159,307.835,10.398,316.822,0.16192,0,hotspot,0.16192
404,\\akc0ss-n086\NMML_Polar_Imagery_4\Surveys_IceSeals_2025\fl223\images_30deg_N68RF\center_view\ice_seals_2025_fl223_C_20250514_002031.524055_ir.tif,5892,38.836,255.059,51.527,264.473,0.17452,0,hotspot,0.17452
405,\\akc0ss-n086\NMML_Polar_Imagery_4\Surveys_IceSeals_2025\fl223\images_30deg_N68RF\center_view\ice_seals_2025_fl223_C_20250514_002032.601123_ir.tif,5893,374.365,291.085,384.270,304.960,0.28353,0,hotspot,0.28353
406,\\akc0ss-n086\NMML_Polar_Imagery_4\Surveys_IceSeals_2025\fl223\images_30deg_N68RF\center_view\ice_seals_2025_fl223_C_20250514_002034.757097_ir.tif,5895,287.304,318.916,297.835,332.927,0.48647,0,hotspot,0.48647
407,\\akc0ss-n086\NMML_Polar_Imagery_4\Surveys_IceSeals_2025\fl223\images_30deg_N68RF\center_view\ice_seals_2025_fl223_C_20250514_002041.229218_ir.tif,5901,204.076,416.583,215.936,427.100,0.38653,0,hotspot,0.38653
408,\\akc0ss-n086\NMML_Polar_Imagery_4\Surveys_IceSeals_2025\fl223\images_30deg_N68RF\center_view\ice_seals_2025_fl223_C_20250514_002158.606666_ir.tif,5910,256.332,209.635,266.127,218.450,0.25715,0,hotspot,0.25715
409,\\akc0ss-n086\NMML_Polar_Imagery_4\Surveys_IceSeals_2025\fl223\images_30deg_N68RF\center_view\ice_seals_2025_fl223_C_20250514_002202.902035_ir.tif,5914,49.539,352.473,59.954,361.927,0.21156,0,hotspot,0.21156
410,\\akc0ss-n086\NMML_Polar_Imagery_4\Surveys_IceSeals_2025\fl223\images_30deg_N68RF\center_view\ice_seals_2025_fl223_C_20250514_002207.197838_ir.tif,5918,384.119,69.929,394.349,84.883,0.55102,0,hotspot,0.55102
411,\\akc0ss-n086\NMML_Polar_Imagery_4\Surveys_IceSeals_2025\fl223\images_30deg_N68RF\center_view\ice_seals_2025_fl223_C_20250514_002211.497747_ir.tif,5922,82.866,58.037,92.436,68.867,0.33071,0,hotspot,0.33071
412,\\akc0ss-n086\NMML_Polar_Imagery_4\Surveys_IceSeals_2025\fl223\images_30deg_N68RF\center_view\ice_seals_2025_fl223_C_20250514_002220.098140_ir.tif,5930,122.318,397.539,131.962,408.893,0.53338,0,hotspot,0.53338
413,\\akc0ss-n086\NMML_Polar_Imagery_4\Surveys_IceSeals_2025\fl223\images_30deg_N68RF\center_view\ice_seals_2025_fl223_C_20250514_002222.248177_ir.tif,5932,382.662,27.492,393.850,41.416,0.34011,0,hotspot,0.34011
414,\\akc0ss-n086\NMML_Polar_Imagery_4\Surveys_IceSeals_2025\fl223\images_30deg_N68RF\center_view\ice_seals_2025_fl223_C_20250514_002222.248177_ir.tif,5932,506.157,25.877,515.130,36.264,0.10258,0,hotspot,0.10258
415,\\akc0ss-n086\NMML_Polar_Imagery_4\Surveys_IceSeals_2025\fl223\images_30deg_N68RF\center_view\ice_seals_2025_fl223_C_20250514_002223.323400_ir.tif,5933,352.794,505.353,364.239,512.000,0.27486,0,hotspot,0.27486
416,\\akc0ss-n086\NMML_Polar_Imagery_4\Surveys_IceSeals_2025\fl223\images_30deg_N68RF\center_view\ice_seals_2025_fl223_C_20250514_002224.398607_ir.tif,5934,591.721,373.701,601.648,383.209,0.12350,0,hotspot,0.12350
417,\\akc0ss-n086\NMML_Polar_Imagery_4\Surveys_IceSeals_2025\fl223\images_30deg_N68RF\center_view\ice_seals_2025_fl223_C_20250514_002228.699994_ir.tif,5938,313.819,444.308,331.626,453.921,0.10861,0,hotspot,0.10861
418,\\akc0ss-n086\NMML_Polar_Imagery_4\Surveys_IceSeals_2025\fl223\images_30deg_N68RF\center_view\ice_seals_2025_fl223_C_20250514_002229.775022_ir.tif,5939,110.211,444.494,124.795,454.868,0.13675,0,hotspot,0.13675
419,\\akc0ss-n086\NMML_Polar_Imagery_4\Surveys_IceSeals_2025\fl223\images_30deg_N68RF\center_view\ice_seals_2025_fl223_C_20250514_002230.850388_ir.tif,5940,623.631,485.728,635.729,494.922,0.27680,0,hotspot,0.27680
420,\\akc0ss-n086\NMML_Polar_Imagery_4\Surveys_IceSeals_2025\fl223\images_30deg_N68RF\center_view\ice_seals_2025_fl223_C_20250514_002235.155715_ir.tif,5944,572.476,279.307,585.156,289.650,0.50666,0,hotspot,0.50666
421,\\akc0ss-n086\NMML_Polar_Imagery_4\Surveys_IceSeals_2025\fl223\images_30deg_N68RF\center_view\ice_seals_2025_fl223_C_20250514_002235.155715_ir.tif,5944,564.278,251.367,576.096,262.209,0.21819,0,hotspot,0.21819
422,\\akc0ss-n086\NMML_Polar_Imagery_4\Surveys_IceSeals_2025\fl223\images_30deg_N68RF\center_view\ice_seals_2025_fl223_C_20250514_002236.232321_ir.tif,5945,165.881,472.293,178.464,482.091,0.11664,0,hotspot,0.11664
423,\\akc0ss-n086\NMML_Polar_Imagery_4\Surveys_IceSeals_2025\fl223\images_30deg_N68RF\center_view\ice_seals_2025_fl223_C_20250514_002237.308669_ir.tif,5946,538.300,260.760,548.676,274.079,0.43833,0,hotspot,0.43833
424,\\akc0ss-n086\NMML_Polar_Imagery_4\Surveys_IceSeals_2025\fl223\images_30deg_N68RF\center_view\ice_seals_2025_fl223_C_20250514_002239.459300_ir.tif,5948,442.666,162.193,453.307,172.394,0.10975,0,hotspot,0.10975
425,\\akc0ss-n086\NMML_Polar_Imagery_4\Surveys_IceSeals_2025\fl223\images_30deg_N68RF\center_view\ice_seals_2025_fl223_C_20250514_002240.533710_ir.tif,5949,372.101,323.590,382.403,339.703,0.41854,0,hotspot,0.41854
426,\\akc0ss-n086\NMML_Polar_Imagery_4\Surveys_IceSeals_2025\fl223\images_30deg_N68RF\center_view\ice_seals_2025_fl223_C_20250514_002240.533710_ir.tif,5949,527.715,396.379,540.111,406.373,0.29593,0,hotspot,0.29593
427,\\akc0ss-n086\NMML_Polar_Imagery_4\Surveys_IceSeals_2025\fl223\images_30deg_N68RF\center_view\ice_seals_2025_fl223_C_20250514_002241.607214_ir.tif,5950,106.581,46.653,116.101,58.370,0.15627,0,hotspot,0.15627
428,\\akc0ss-n086\NMML_Polar_Imagery_4\Surveys_IceSeals_2025\fl223\images_30deg_N68RF\center_view\ice_seals_2025_fl223_C_20250514_002242.680562_ir.tif,5951,594.708,175.398,604.405,186.838,0.36335,0,hotspot,0.36335
429,\\akc0ss-n086\NMML_Polar_Imagery_4\Surveys_IceSeals_2025\fl223\images_30deg_N68RF\center_view\ice_seals_2025_fl223_C_20250514_002243.753892_ir.tif,5952,175.269,453.186,185.069,462.822,0.28327,0,hotspot,0.28327
430,\\akc0ss-n086\NMML_Polar_Imagery_4\Surveys_IceSeals_2025\fl223\images_30deg_N68RF\center_view\ice_seals_2025_fl223_C_20250514_002244.831037_ir.tif,5953,103.831,27.989,115.375,38.403,0.13635,0,hotspot,0.13635
431,\\akc0ss-n086\NMML_Polar_Imagery_4\Surveys_IceSeals_2025\fl223\images_30deg_N68RF\center_view\ice_seals_2025_fl223_C_20250514_002249.126682_ir.tif,5957,191.822,100.721,202.875,111.090,0.10506,0,hotspot,0.10506
432,\\akc0ss-n086\NMML_Polar_Imagery_4\Surveys_IceSeals_2025\fl223\images_30deg_N68RF\center_view\ice_seals_2025_fl223_C_20250514_002253.424331_ir.tif,5961,307.973,182.556,320.176,192.189,0.41494,0,hotspot,0.41494
433,\\akc0ss-n086\NMML_Polar_Imagery_4\Surveys_IceSeals_2025\fl223\images_30deg_N68RF\center_view\ice_seals_2025_fl223_C_20250514_002304.176076_ir.tif,5971,545.424,139.718,557.289,155.566,0.49323,0,hotspot,0.49323
434,\\akc0ss-n086\NMML_Polar_Imagery_4\Surveys_IceSeals_2025\fl223\images_30deg_N68RF\center_view\ice_seals_2025_fl223_C_20250514_002308.473524_ir.tif,5975,344.255,421.357,354.695,431.415,0.56299,0,hotspot,0.56299
435,\\akc0ss-n086\NMML_Polar_Imagery_4\Surveys_IceSeals_2025\fl223\images_30deg_N68RF\center_view\ice_seals_2025_fl223_C_20250514_002315.994054_ir.tif,5982,346.017,229.268,357.637,239.295,0.67979,0,hotspot,0.67979
436,\\akc0ss-n086\NMML_Polar_Imagery_4\Surveys_IceSeals_2025\fl223\images_30deg_N68RF\center_view\ice_seals_2025_fl223_C_20250514_002321.363305_ir.tif,5987,504.291,303.834,517.336,314.791,0.17887,0,hotspot,0.17887
437,\\akc0ss-n086\NMML_Polar_Imagery_4\Surveys_IceSeals_2025\fl223\images_30deg_N68RF\center_view\ice_seals_2025_fl223_C_20250514_002328.885013_ir.tif,5994,348.152,341.767,359.441,359.343,0.27642,0,hotspot,0.27642
438,\\akc0ss-n086\NMML_Polar_Imagery_4\Surveys_IceSeals_2025\fl223\images_30deg_N68RF\center_view\ice_seals_2025_fl223_C_20250514_002342.835402_ir.tif,6007,238.656,0.000,255.722,12.238,0.24396,0,hotspot,0.24396
439,\\akc0ss-n086\NMML_Polar_Imagery_4\Surveys_IceSeals_2025\fl223\images_30deg_N68RF\center_view\ice_seals_2025_fl223_C_20250514_002343.909966_ir.tif,6008,214.420,476.521,230.773,489.546,0.30899,0,hotspot,0.30899
440,\\akc0ss-n086\NMML_Polar_Imagery_4\Surveys_IceSeals_2025\fl223\images_30deg_N68RF\center_view\ice_seals_2025_fl223_C_20250514_002343.909966_ir.tif,6008,623.049,172.158,634.605,183.576,0.10439,0,hotspot,0.10439
441,\\akc0ss-n086\NMML_Polar_Imagery_4\Surveys_IceSeals_2025\fl223\images_30deg_N68RF\center_view\ice_seals_2025_fl223_C_20250514_002401.127656_ir.tif,6024,516.586,112.397,527.105,122.906,0.46810,0,hotspot,0.46810
442,\\akc0ss-n086\NMML_Polar_Imagery_4\Surveys_IceSeals_2025\fl223\images_30deg_N68RF\center_view\ice_seals_2025_fl223_C_20250514_002401.127656_ir.tif,6024,282.132,136.491,291.694,148.450,0.42477,0,hotspot,0.42477
443,\\akc0ss-n086\NMML_Polar_Imagery_4\Surveys_IceSeals_2025\fl223\images_30deg_N68RF\center_view\ice_seals_2025_fl223_C_20250514_002402.204963_ir.tif,6025,314.023,3.797,325.298,14.493,0.32605,0,hotspot,0.32605
444,\\akc0ss-n086\NMML_Polar_Imagery_4\Surveys_IceSeals_2025\fl223\images_30deg_N68RF\center_view\ice_seals_2025_fl223_C_20250514_002403.282248_ir.tif,6026,512.715,358.882,522.740,369.669,0.36438,0,hotspot,0.36438
445,\\akc0ss-n086\NMML_Polar_Imagery_4\Surveys_IceSeals_2025\fl223\images_30deg_N68RF\center_view\ice_seals_2025_fl223_C_20250514_002403.282248_ir.tif,6026,288.806,485.393,298.863,494.870,0.23282,0,hotspot,0.23282
446,\\akc0ss-n086\NMML_Polar_Imagery_4\Surveys_IceSeals_2025\fl223\images_30deg_N68RF\center_view\ice_seals_2025_fl223_C_20250514_002416.166369_ir.tif,6038,377.409,309.367,388.016,324.430,0.29981,0,hotspot,0.29981
447,\\akc0ss-n086\NMML_Polar_Imagery_4\Surveys_IceSeals_2025\fl223\images_30deg_N68RF\center_view\ice_seals_2025_fl223_C_20250514_002439.858300_ir.tif,6060,287.149,263.619,298.118,273.425,0.14386,0,hotspot,0.14386
448,\\akc0ss-n086\NMML_Polar_Imagery_4\Surveys_IceSeals_2025\fl223\images_30deg_N68RF\center_view\ice_seals_2025_fl223_C_20250514_002445.255532_ir.tif,6065,357.093,162.479,370.031,174.065,0.36715,0,hotspot,0.36715
449,\\akc0ss-n086\NMML_Polar_Imagery_4\Surveys_IceSeals_2025\fl223\images_30deg_N68RF\center_view\ice_seals_2025_fl223_C_20250514_002446.335521_ir.tif,6066,447.024,173.938,455.823,182.432,0.42460,0,hotspot,0.42460
450,\\akc0ss-n086\NMML_Polar_Imagery_4\Surveys_IceSeals_2025\fl223\images_30deg_N68RF\center_view\ice_seals_2025_fl223_C_20250514_002523.121933_ir.tif,6100,615.133,209.022,623.577,218.085,0.34976,0,hotspot,0.34976
451,\\akc0ss-n086\NMML_Polar_Imagery_4\Surveys_IceSeals_2025\fl223\images_30deg_N68RF\center_view\ice_seals_2025_fl223_C_20250514_002553.420866_ir.tif,6128,609.476,283.502,621.840,293.564,0.60933,0,hotspot,0.60933
452,\\akc0ss-n086\NMML_Polar_Imagery_4\Surveys_IceSeals_2025\fl223\images_30deg_N68RF\center_view\ice_seals_2025_fl223_C_20250514_002554.501987_ir.tif,6129,139.702,269.431,150.369,282.875,0.44800,0,hotspot,0.44800
453,\\akc0ss-n086\NMML_Polar_Imagery_4\Surveys_IceSeals_2025\fl223\images_30deg_N68RF\center_view\ice_seals_2025_fl223_C_20250514_002615.003801_ir.tif,6148,49.381,465.040,58.356,471.685,0.65005,0,hotspot,0.65005
454,\\akc0ss-n086\NMML_Polar_Imagery_4\Surveys_IceSeals_2025\fl223\images_30deg_N68RF\center_view\ice_seals_2025_fl223_C_20250514_002615.003801_ir.tif,6148,312.131,283.264,320.851,291.902,0.50775,0,hotspot,0.50775
455,\\akc0ss-n086\NMML_Polar_Imagery_4\Surveys_IceSeals_2025\fl223\images_30deg_N68RF\center_view\ice_seals_2025_fl223_C_20250514_002620.393672_ir.tif,6153,523.137,116.332,533.203,128.869,0.24438,0,hotspot,0.24438
456,\\akc0ss-n086\NMML_Polar_Imagery_4\Surveys_IceSeals_2025\fl223\images_30deg_N68RF\center_view\ice_seals_2025_fl223_C_20250514_002639.773176_ir.tif,6171,545.287,74.055,554.946,83.764,0.31273,0,hotspot,0.31273
457,\\akc0ss-n086\NMML_Polar_Imagery_4\Surveys_IceSeals_2025\fl223\images_30deg_N68RF\center_view\ice_seals_2025_fl223_C_20250514_002812.612958_ir.tif,6258,132.637,71.932,144.496,82.992,0.17382,0,hotspot,0.17382
458,\\akc0ss-n086\NMML_Polar_Imagery_4\Surveys_IceSeals_2025\fl223\images_30deg_N68RF\center_view\ice_seals_2025_fl223_C_20250514_002826.402028_ir.tif,6271,241.614,267.053,251.087,280.085,0.12457,0,hotspot,0.12457
459,\\akc0ss-n086\NMML_Polar_Imagery_4\Surveys_IceSeals_2025\fl223\images_30deg_N68RF\center_view\ice_seals_2025_fl223_C_20250514_002835.923865_ir.tif,6280,72.308,103.489,84.785,116.290,0.37769,0,hotspot,0.37769
460,\\akc0ss-n086\NMML_Polar_Imagery_4\Surveys_IceSeals_2025\fl223\images_30deg_N68RF\center_view\ice_seals_2025_fl223_C_20250514_002835.923865_ir.tif,6280,70.605,101.114,86.678,117.631,0.11496,0,hotspot,0.11496
461,\\akc0ss-n086\NMML_Polar_Imagery_4\Surveys_IceSeals_2025\fl223\images_30deg_N68RF\center_view\ice_seals_2025_fl223_C_20250514_002846.505713_ir.tif,6290,233.635,330.409,242.930,340.404,0.10126,0,hotspot,0.10126
462,\\akc0ss-n086\NMML_Polar_Imagery_4\Surveys_IceSeals_2025\fl223\images_30deg_N68RF\center_view\ice_seals_2025_fl223_C_20250514_002856.031572_ir.tif,6299,407.378,248.119,419.265,257.328,0.40312,0,hotspot,0.40312
463,\\akc0ss-n086\NMML_Polar_Imagery_4\Surveys_IceSeals_2025\fl223\images_30deg_N68RF\center_view\ice_seals_2025_fl223_C_20250514_002857.090097_ir.tif,6300,298.561,340.659,309.218,354.048,0.48544,0,hotspot,0.48544
464,\\akc0ss-n086\NMML_Polar_Imagery_4\Surveys_IceSeals_2025\fl223\images_30deg_N68RF\center_view\ice_seals_2025_fl223_C_20250514_002904.503467_ir.tif,6307,411.903,15.460,426.883,26.298,0.78662,0,hotspot,0.78662
465,\\akc0ss-n086\NMML_Polar_Imagery_4\Surveys_IceSeals_2025\fl223\images_30deg_N68RF\center_view\ice_seals_2025_fl223_C_20250514_002905.562212_ir.tif,6308,388.229,495.472,403.382,505.834,0.75725,0,hotspot,0.75725
466,\\akc0ss-n086\NMML_Polar_Imagery_4\Surveys_IceSeals_2025\fl223\images_30deg_N68RF\center_view\ice_seals_2025_fl223_C_20250514_002906.626862_ir.tif,6309,622.179,400.003,635.646,409.554,0.35622,0,hotspot,0.35622
467,\\akc0ss-n086\NMML_Polar_Imagery_4\Surveys_IceSeals_2025\fl223\images_30deg_N68RF\center_view\ice_seals_2025_fl223_C_20250514_002907.679344_ir.tif,6310,296.233,305.313,306.671,315.620,0.18983,0,hotspot,0.18983
468,\\akc0ss-n086\NMML_Polar_Imagery_4\Surveys_IceSeals_2025\fl223\images_30deg_N68RF\center_view\ice_seals_2025_fl223_C_20250514_002911.904114_ir.tif,6314,523.192,0.140,534.887,8.353,0.55784,0,hotspot,0.55784
469,\\akc0ss-n086\NMML_Polar_Imagery_4\Surveys_IceSeals_2025\fl223\images_30deg_N68RF\center_view\ice_seals_2025_fl223_C_20250514_002912.959702_ir.tif,6315,497.764,478.703,508.828,487.695,0.28592,0,hotspot,0.28592
470,\\akc0ss-n086\NMML_Polar_Imagery_4\Surveys_IceSeals_2025\fl223\images_30deg_N68RF\center_view\ice_seals_2025_fl223_C_20250514_002931.999018_ir.tif,6333,122.811,159.005,136.452,171.202,0.12723,0,hotspot,0.12723
471,\\akc0ss-n086\NMML_Polar_Imagery_4\Surveys_IceSeals_2025\fl223\images_30deg_N68RF\center_view\ice_seals_2025_fl223_C_20250514_003030.176528_ir.tif,6388,252.655,228.249,262.982,239.161,0.71397,0,hotspot,0.71397
472,\\akc0ss-n086\NMML_Polar_Imagery_4\Surveys_IceSeals_2025\fl223\images_30deg_N68RF\center_view\ice_seals_2025_fl223_C_20250514_003118.746031_ir.tif,6434,188.354,23.392,200.784,34.843,0.41270,0,hotspot,0.41270
473,\\akc0ss-n086\NMML_Polar_Imagery_4\Surveys_IceSeals_2025\fl223\images_30deg_N68RF\center_view\ice_seals_2025_fl223_C_20250514_004409.200278_ir.tif,6682,101.437,172.456,111.214,181.223,0.25404,0,hotspot,0.25404
474,\\akc0ss-n086\NMML_Polar_Imagery_4\Surveys_IceSeals_2025\fl223\images_30deg_N68RF\center_view\ice_seals_2025_fl223_C_20250514_004451.408767_ir.tif,6720,482.525,428.917,493.269,441.009,0.35237,0,hotspot,0.35237
475,\\akc0ss-n086\NMML_Polar_Imagery_4\Surveys_IceSeals_2025\fl223\images_30deg_N68RF\center_view\ice_seals_2025_fl223_C_20250514_004452.520855_ir.tif,6721,136.307,435.363,147.463,445.975,0.65199,0,hotspot,0.65199
476,\\akc0ss-n086\NMML_Polar_Imagery_4\Surveys_IceSeals_2025\fl223\images_30deg_N68RF\center_view\ice_seals_2025_fl223_C_20250514_004456.972162_ir.tif,6725,157.310,302.396,165.948,311.605,0.10886,0,hotspot,0.10886
477,\\akc0ss-n086\NMML_Polar_Imagery_4\Surveys_IceSeals_2025\fl223\images_30deg_N68RF\center_view\ice_seals_2025_fl223_C_20250514_004545.070733_ir.tif,6768,391.758,137.071,400.729,152.257,0.68899,0,hotspot,0.68899
478,\\akc0ss-n086\NMML_Polar_Imagery_4\Surveys_IceSeals_2025\fl223\images_30deg_N68RF\center_view\ice_seals_2025_fl223_C_20250514_004554.064009_ir.tif,6776,368.448,285.404,378.163,294.550,0.23791,0,hotspot,0.23791
479,\\akc0ss-n086\NMML_Polar_Imagery_4\Surveys_IceSeals_2025\fl223\images_30deg_N68RF\center_view\ice_seals_2025_fl223_C_20250514_004557.436307_ir.tif,6779,108.955,405.977,121.089,418.993,0.11413,0,hotspot,0.11413
480,\\akc0ss-n086\NMML_Polar_Imagery_4\Surveys_IceSeals_2025\fl223\images_30deg_N68RF\center_view\ice_seals_2025_fl223_C_20250514_004617.708499_ir.tif,6797,540.176,254.443,549.609,263.901,0.11536,0,hotspot,0.11536
481,\\akc0ss-n086\NMML_Polar_Imagery_4\Surveys_IceSeals_2025\fl223\images_30deg_N68RF\center_view\ice_seals_2025_fl223_C_20250514_004617.708499_ir.tif,6797,386.243,312.434,394.892,321.193,0.11491,0,hotspot,0.11491
482,\\akc0ss-n086\NMML_Polar_Imagery_4\Surveys_IceSeals_2025\fl223\images_30deg_N68RF\center_view\ice_seals_2025_fl223_C_20250514_004618.836306_ir.tif,6798,581.300,389.273,591.509,399.392,0.12496,0,hotspot,0.12496
483,\\akc0ss-n086\NMML_Polar_Imagery_4\Surveys_IceSeals_2025\fl223\images_30deg_N68RF\center_view\ice_seals_2025_fl223_C_20250514_004622.218729_ir.tif,6801,218.367,57.670,227.859,70.572,0.15295,0,hotspot,0.15295
484,\\akc0ss-n086\NMML_Polar_Imagery_4\Surveys_IceSeals_2025\fl223\images_30deg_N68RF\center_view\ice_seals_2025_fl223_C_20250514_004623.346075_ir.tif,6802,80.089,441.133,91.021,452.473,0.25408,0,hotspot,0.25408
485,\\akc0ss-n086\NMML_Polar_Imagery_4\Surveys_IceSeals_2025\fl223\images_30deg_N68RF\center_view\ice_seals_2025_fl223_C_20250514_004633.511198_ir.tif,6811,0.000,43.415,6.945,58.558,0.11594,0,hotspot,0.11594
486,\\akc0ss-n086\NMML_Polar_Imagery_4\Surveys_IceSeals_2025\fl223\images_30deg_N68RF\center_view\ice_seals_2025_fl223_C_20250514_004642.561340_ir.tif,6819,523.282,244.811,531.804,252.718,0.32690,0,hotspot,0.32690
487,\\akc0ss-n086\NMML_Polar_Imagery_4\Surveys_IceSeals_2025\fl223\images_30deg_N68RF\center_view\ice_seals_2025_fl223_C_20250514_004643.693903_ir.tif,6820,460.568,315.112,472.297,329.367,0.36808,0,hotspot,0.36808
488,\\akc0ss-n086\NMML_Polar_Imagery_4\Surveys_IceSeals_2025\fl223\images_30deg_N68RF\center_view\ice_seals_2025_fl223_C_20250514_004643.693903_ir.tif,6820,462.815,310.261,476.216,326.718,0.25422,0,hotspot,0.25422
489,\\akc0ss-n086\NMML_Polar_Imagery_4\Surveys_IceSeals_2025\fl223\images_30deg_N68RF\center_view\ice_seals_2025_fl223_C_20250514_004643.693903_ir.tif,6820,465.020,310.109,477.719,324.912,0.16796,0,hotspot,0.16796
490,\\akc0ss-n086\NMML_Polar_Imagery_4\Surveys_IceSeals_2025\fl223\images_30deg_N68RF\center_view\ice_seals_2025_fl223_C_20250514_004645.959438_ir.tif,6822,36.436,292.055,47.154,303.130,0.54263,0,hotspot,0.54263
491,\\akc0ss-n086\NMML_Polar_Imagery_4\Surveys_IceSeals_2025\fl223\images_30deg_N68RF\center_view\ice_seals_2025_fl223_C_20250514_004648.223937_ir.tif,6824,88.566,350.600,102.609,360.455,0.19625,0,hotspot,0.19625
492,\\akc0ss-n086\NMML_Polar_Imagery_4\Surveys_IceSeals_2025\fl223\images_30deg_N68RF\center_view\ice_seals_2025_fl223_C_20250514_004649.356744_ir.tif,6825,429.742,177.241,441.553,187.995,0.25679,0,hotspot,0.25679
493,\\akc0ss-n086\NMML_Polar_Imagery_4\Surveys_IceSeals_2025\fl223\images_30deg_N68RF\center_view\ice_seals_2025_fl223_C_20250514_004650.488887_ir.tif,6826,151.518,332.744,161.899,347.905,0.13973,0,hotspot,0.13973
494,\\akc0ss-n086\NMML_Polar_Imagery_4\Surveys_IceSeals_2025\fl223\images_30deg_N68RF\center_view\ice_seals_2025_fl223_C_20250514_004653.884151_ir.tif,6829,541.650,439.187,551.298,451.365,0.40618,0,hotspot,0.40618
495,\\akc0ss-n086\NMML_Polar_Imagery_4\Surveys_IceSeals_2025\fl223\images_30deg_N68RF\center_view\ice_seals_2025_fl223_C_20250514_004706.327011_ir.tif,6840,30.874,139.539,41.305,153.649,0.34673,0,hotspot,0.34673
496,\\akc0ss-n086\NMML_Polar_Imagery_4\Surveys_IceSeals_2025\fl223\images_30deg_N68RF\center_view\ice_seals_2025_fl223_C_20250514_004709.718873_ir.tif,6843,28.598,286.964,39.139,298.773,0.18235,0,hotspot,0.18235
497,\\akc0ss-n086\NMML_Polar_Imagery_4\Surveys_IceSeals_2025\fl223\images_30deg_N68RF\center_view\ice_seals_2025_fl223_C_20250514_004714.250641_ir.tif,6847,396.008,286.718,408.395,298.999,0.60085,0,hotspot,0.60085
498,\\akc0ss-n086\NMML_Polar_Imagery_4\Surveys_IceSeals_2025\fl223\images_30deg_N68RF\center_view\ice_seals_2025_fl223_C_20250514_004714.250641_ir.tif,6847,394.784,285.571,409.524,300.776,0.18171,0,hotspot,0.18171
499,\\akc0ss-n086\NMML_Polar_Imagery_4\Surveys_IceSeals_2025\fl223\images_30deg_N68RF\center_view\ice_seals_2025_fl223_C_20250514_004728.971072_ir.tif,6860,337.756,365.323,347.745,377.027,0.39198,0,hotspot,0.39198
500,\\akc0ss-n086\NMML_Polar_Imagery_4\Surveys_IceSeals_2025\fl223\images_30deg_N68RF\center_view\ice_seals_2025_fl223_C_20250514_004735.781897_ir.tif,6866,415.995,85.429,427.344,94.867,0.28218,0,hotspot,0.28218
501,\\akc0ss-n086\NMML_Polar_Imagery_4\Surveys_IceSeals_2025\fl223\images_30deg_N68RF\center_view\ice_seals_2025_fl223_C_20250514_004739.189718_ir.tif,6869,382.800,446.214,392.462,456.055,0.19866,0,hotspot,0.19866
502,\\akc0ss-n086\NMML_Polar_Imagery_4\Surveys_IceSeals_2025\fl223\images_30deg_N68RF\center_view\ice_seals_2025_fl223_C_20250514_004741.461232_ir.tif,6871,117.054,302.848,126.906,315.575,0.68317,0,hotspot,0.68317
503,\\akc0ss-n086\NMML_Polar_Imagery_4\Surveys_IceSeals_2025\fl223\images_30deg_N68RF\center_view\ice_seals_2025_fl223_C_20250514_004746.006663_ir.tif,6875,524.157,447.327,535.171,462.117,0.55912,0,hotspot,0.55912
504,\\akc0ss-n086\NMML_Polar_Imagery_4\Surveys_IceSeals_2025\fl223\images_30deg_N68RF\center_view\ice_seals_2025_fl223_C_20250514_004746.006663_ir.tif,6875,493.908,4.500,505.194,14.909,0.42256,0,hotspot,0.42256
505,\\akc0ss-n086\NMML_Polar_Imagery_4\Surveys_IceSeals_2025\fl223\images_30deg_N68RF\center_view\ice_seals_2025_fl223_C_20250514_004749.425704_ir.tif,6878,74.832,16.530,87.054,30.604,0.66517,0,hotspot,0.66517
506,\\akc0ss-n086\NMML_Polar_Imagery_4\Surveys_IceSeals_2025\fl223\images_30deg_N68RF\center_view\ice_seals_2025_fl223_C_20250514_004750.563751_ir.tif,6879,117.482,405.518,133.446,416.044,0.74229,0,hotspot,0.74229
507,\\akc0ss-n086\NMML_Polar_Imagery_4\Surveys_IceSeals_2025\fl223\images_30deg_N68RF\center_view\ice_seals_2025_fl223_C_20250514_004750.563751_ir.tif,6879,79.972,492.964,92.116,507.292,0.72197,0,hotspot,0.72197
508,\\akc0ss-n086\NMML_Polar_Imagery_4\Surveys_IceSeals_2025\fl223\images_30deg_N68RF\center_view\ice_seals_2025_fl223_C_20250514_004751.702480_ir.tif,6880,66.599,448.623,77.880,461.325,0.10195,0,hotspot,0.10195
509,\\akc0ss-n086\NMML_Polar_Imagery_4\Surveys_IceSeals_2025\fl223\images_30deg_N68RF\center_view\ice_seals_2025_fl223_C_20250514_004753.979957_ir.tif,6882,56.064,200.983,67.362,214.319,0.43463,0,hotspot,0.43463
510,\\akc0ss-n086\NMML_Polar_Imagery_4\Surveys_IceSeals_2025\fl223\images_30deg_N68RF\center_view\ice_seals_2025_fl223_C_20250514_004753.979957_ir.tif,6882,55.295,193.741,65.815,206.467,0.32193,0,hotspot,0.32193
511,\\akc0ss-n086\NMML_Polar_Imagery_4\Surveys_IceSeals_2025\fl223\images_30deg_N68RF\center_view\ice_seals_2025_fl223_C_20250514_004755.119000_ir.tif,6883,365.442,58.979,374.737,70.262,0.55047,0,hotspot,0.55047
512,\\akc0ss-n086\NMML_Polar_Imagery_4\Surveys_IceSeals_2025\fl223\images_30deg_N68RF\center_view\ice_seals_2025_fl223_C_20250514_004755.119000_ir.tif,6883,453.676,247.764,462.425,258.016,0.47301,0,hotspot,0.47301
513,\\akc0ss-n086\NMML_Polar_Imagery_4\Surveys_IceSeals_2025\fl223\images_30deg_N68RF\center_view\ice_seals_2025_fl223_C_20250514_004837.388375_ir.tif,6920,74.402,214.080,86.478,223.635,0.25735,0,hotspot,0.25735
514,\\akc0ss-n086\NMML_Polar_Imagery_4\Surveys_IceSeals_2025\fl223\images_30deg_N68RF\center_view\ice_seals_2025_fl223_C_20250514_004841.967263_ir.tif,6924,202.474,405.822,213.151,421.862,0.61315,0,hotspot,0.61315
515,\\akc0ss-n086\NMML_Polar_Imagery_4\Surveys_IceSeals_2025\fl223\images_30deg_N68RF\center_view\ice_seals_2025_fl223_C_20250514_004846.549448_ir.tif,6928,101.156,32.461,112.407,49.027,0.62938,0,hotspot,0.62938
516,\\akc0ss-n086\NMML_Polar_Imagery_4\Surveys_IceSeals_2025\fl223\images_30deg_N68RF\center_view\ice_seals_2025_fl223_C_20250514_004854.562342_ir.tif,6935,421.538,332.968,431.651,350.029,0.61735,0,hotspot,0.61735
517,\\akc0ss-n086\NMML_Polar_Imagery_4\Surveys_IceSeals_2025\fl223\images_30deg_N68RF\center_view\ice_seals_2025_fl223_C_20250514_004855.705709_ir.tif,6936,574.694,0.035,585.749,11.537,0.13725,0,hotspot,0.13725
518,\\akc0ss-n086\NMML_Polar_Imagery_4\Surveys_IceSeals_2025\fl223\images_30deg_N68RF\center_view\ice_seals_2025_fl223_C_20250514_004901.423064_ir.tif,6941,306.443,263.025,315.413,273.141,0.27476,0,hotspot,0.27476
519,\\akc0ss-n086\NMML_Polar_Imagery_4\Surveys_IceSeals_2025\fl223\images_30deg_N68RF\center_view\ice_seals_2025_fl223_C_20250514_004910.570944_ir.tif,6949,548.507,130.257,561.213,143.395,0.66551,0,hotspot,0.66551
520,\\akc0ss-n086\NMML_Polar_Imagery_4\Surveys_IceSeals_2025\fl223\images_30deg_N68RF\center_view\ice_seals_2025_fl223_C_20250514_004910.570944_ir.tif,6949,579.937,152.084,590.588,166.609,0.62805,0,hotspot,0.62805
521,\\akc0ss-n086\NMML_Polar_Imagery_4\Surveys_IceSeals_2025\fl223\images_30deg_N68RF\center_view\ice_seals_2025_fl223_C_20250514_004910.570944_ir.tif,6949,564.935,143.949,576.857,157.470,0.61474,0,hotspot,0.61474
522,\\akc0ss-n086\NMML_Polar_Imagery_4\Surveys_IceSeals_2025\fl223\images_30deg_N68RF\center_view\ice_seals_2025_fl223_C_20250514_004918.563596_ir.tif,6956,455.625,274.866,467.170,285.781,0.16587,0,hotspot,0.16587
523,\\akc0ss-n086\NMML_Polar_Imagery_4\Surveys_IceSeals_2025\fl223\images_30deg_N68RF\center_view\ice_seals_2025_fl223_C_20250514_004932.259366_ir.tif,6968,412.263,383.426,423.558,392.853,0.71967,0,hotspot,0.71967
524,\\akc0ss-n086\NMML_Polar_Imagery_4\Surveys_IceSeals_2025\fl223\images_30deg_N68RF\center_view\ice_seals_2025_fl223_C_20250514_004950.487742_ir.tif,6984,169.643,37.731,187.575,51.379,0.11113,0,hotspot,0.11113
525,\\akc0ss-n086\NMML_Polar_Imagery_4\Surveys_IceSeals_2025\fl223\images_30deg_N68RF\center_view\ice_seals_2025_fl223_C_20250514_005026.933876_ir.tif,7016,236.126,433.700,247.313,450.944,0.15946,0,hotspot,0.15946
526,\\akc0ss-n086\NMML_Polar_Imagery_4\Surveys_IceSeals_2025\fl223\images_30deg_N68RF\center_view\ice_seals_2025_fl223_C_20250514_005030.342617_ir.tif,7019,107.577,119.658,118.264,135.425,0.14859,0,hotspot,0.14859
527,\\akc0ss-n086\NMML_Polar_Imagery_4\Surveys_IceSeals_2025\fl223\images_30deg_N68RF\center_view\ice_seals_2025_fl223_C_20250514_005032.614834_ir.tif,7021,18.077,193.966,31.131,203.629,0.48169,0,hotspot,0.48169
528,\\akc0ss-n086\NMML_Polar_Imagery_4\Surveys_IceSeals_2025\fl223\images_30deg_N68RF\center_view\ice_seals_2025_fl223_C_20250514_005032.614834_ir.tif,7021,54.150,192.663,67.782,202.951,0.25676,0,hotspot,0.25676
529,\\akc0ss-n086\NMML_Polar_Imagery_4\Surveys_IceSeals_2025\fl223\images_30deg_N68RF\center_view\ice_seals_2025_fl223_C_20250514_005033.750519_ir.tif,7022,376.028,29.195,385.887,38.777,0.48568,0,hotspot,0.48568
530,\\akc0ss-n086\NMML_Polar_Imagery_4\Surveys_IceSeals_2025\fl223\images_30deg_N68RF\center_view\ice_seals_2025_fl223_C_20250514_005039.426733_ir.tif,7027,601.583,209.650,612.522,220.831,0.26555,0,hotspot,0.26555
531,\\akc0ss-n086\NMML_Polar_Imagery_4\Surveys_IceSeals_2025\fl223\images_30deg_N68RF\center_view\ice_seals_2025_fl223_C_20250514_005040.560745_ir.tif,7028,0.032,184.151,5.592,199.035,0.17836,0,hotspot,0.17836
532,\\akc0ss-n086\NMML_Polar_Imagery_4\Surveys_IceSeals_2025\fl223\images_30deg_N68RF\center_view\ice_seals_2025_fl223_C_20250514_005157.638295_ir.tif,7034,587.887,124.689,597.873,137.302,0.50875,0,hotspot,0.50875
533,\\akc0ss-n086\NMML_Polar_Imagery_4\Surveys_IceSeals_2025\fl223\images_30deg_N68RF\center_view\ice_seals_2025_fl223_C_20250514_005209.002486_ir.tif,7044,588.752,236.595,601.069,249.207,0.50604,0,hotspot,0.50604
534,\\akc0ss-n086\NMML_Polar_Imagery_4\Surveys_IceSeals_2025\fl223\images_30deg_N68RF\center_view\ice_seals_2025_fl223_C_20250514_005241.919383_ir.tif,7073,534.058,122.356,544.391,131.763,0.26801,0,hotspot,0.26801
535,\\akc0ss-n086\NMML_Polar_Imagery_4\Surveys_IceSeals_2025\fl223\images_30deg_N68RF\center_view\ice_seals_2025_fl223_C_20250514_005243.054245_ir.tif,7074,10.189,334.034,20.202,346.926,0.43520,0,hotspot,0.43520
536,\\akc0ss-n086\NMML_Polar_Imagery_4\Surveys_IceSeals_2025\fl223\images_30deg_N68RF\center_view\ice_seals_2025_fl223_C_20250514_005244.189574_ir.tif,7075,140.335,173.104,149.545,184.540,0.41710,0,hotspot,0.41710
537,\\akc0ss-n086\NMML_Polar_Imagery_4\Surveys_IceSeals_2025\fl223\images_30deg_N68RF\center_view\ice_seals_2025_fl223_C_20250514_005244.189574_ir.tif,7075,437.994,113.959,448.438,122.393,0.16708,0,hotspot,0.16708
538,\\akc0ss-n086\NMML_Polar_Imagery_4\Surveys_IceSeals_2025\fl223\images_30deg_N68RF\center_view\ice_seals_2025_fl223_C_20250514_005245.325160_ir.tif,7076,392.062,333.932,403.086,343.697,0.37893,0,hotspot,0.37893
539,\\akc0ss-n086\NMML_Polar_Imagery_4\Surveys_IceSeals_2025\fl223\images_30deg_N68RF\center_view\ice_seals_2025_fl223_C_20250514_005250.998895_ir.tif,7081,288.823,100.006,299.266,112.215,0.20804,0,hotspot,0.20804
540,\\akc0ss-n086\NMML_Polar_Imagery_4\Surveys_IceSeals_2025\fl223\images_30deg_N68RF\center_view\ice_seals_2025_fl223_C_20250514_005257.810384_ir.tif,7087,302.106,326.384,311.317,336.145,0.60622,0,hotspot,0.60622
541,\\akc0ss-n086\NMML_Polar_Imagery_4\Surveys_IceSeals_2025\fl223\images_30deg_N68RF\center_view\ice_seals_2025_fl223_C_20250514_005258.945930_ir.tif,7088,18.626,345.597,28.932,356.645,0.24494,0,hotspot,0.24494
542,\\akc0ss-n086\NMML_Polar_Imagery_4\Surveys_IceSeals_2025\fl223\images_30deg_N68RF\center_view\ice_seals_2025_fl223_C_20250514_005258.945930_ir.tif,7088,339.125,83.920,349.494,96.442,0.11003,0,hotspot,0.11003
543,\\akc0ss-n086\NMML_Polar_Imagery_4\Surveys_IceSeals_2025\fl223\images_30deg_N68RF\center_view\ice_seals_2025_fl223_C_20250514_005300.081835_ir.tif,7089,142.606,20.090,153.277,30.765,0.19754,0,hotspot,0.19754
544,\\akc0ss-n086\NMML_Polar_Imagery_4\Surveys_IceSeals_2025\fl223\images_30deg_N68RF\center_view\ice_seals_2025_fl223_C_20250514_005306.899399_ir.tif,7095,43.636,354.538,54.028,362.965,0.24842,0,hotspot,0.24842
545,\\akc0ss-n086\NMML_Polar_Imagery_4\Surveys_IceSeals_2025\fl223\images_30deg_N68RF\center_view\ice_seals_2025_fl223_C_20250514_005308.036987_ir.tif,7096,136.734,321.901,146.018,338.145,0.70819,0,hotspot,0.70819
546,\\akc0ss-n086\NMML_Polar_Imagery_4\Surveys_IceSeals_2025\fl223\images_30deg_N68RF\center_view\ice_seals_2025_fl223_C_20250514_005310.312259_ir.tif,7098,393.191,35.100,403.897,48.275,0.14265,0,hotspot,0.14265
547,\\akc0ss-n086\NMML_Polar_Imagery_4\Surveys_IceSeals_2025\fl223\images_30deg_N68RF\center_view\ice_seals_2025_fl223_C_20250514_005320.558166_ir.tif,7107,229.448,264.114,239.797,275.481,0.15938,0,hotspot,0.15938
548,\\akc0ss-n086\NMML_Polar_Imagery_4\Surveys_IceSeals_2025\fl223\images_30deg_N68RF\center_view\ice_seals_2025_fl223_C_20250514_005329.668188_ir.tif,7115,602.078,252.318,612.915,267.512,0.16832,0,hotspot,0.16832
549,\\akc0ss-n086\NMML_Polar_Imagery_4\Surveys_IceSeals_2025\fl223\images_30deg_N68RF\center_view\ice_seals_2025_fl223_C_20250514_005329.668188_ir.tif,7115,130.901,324.180,142.589,334.224,0.13831,0,hotspot,0.13831
550,\\akc0ss-n086\NMML_Polar_Imagery_4\Surveys_IceSeals_2025\fl223\images_30deg_N68RF\center_view\ice_seals_2025_fl223_C_20250514_005330.807852_ir.tif,7116,488.193,309.239,498.650,319.074,0.16656,0,hotspot,0.16656
551,\\akc0ss-n086\NMML_Polar_Imagery_4\Surveys_IceSeals_2025\fl223\images_30deg_N68RF\center_view\ice_seals_2025_fl223_C_20250514_005333.089306_ir.tif,7118,463.494,133.370,473.123,143.238,0.32625,0,hotspot,0.32625
552,\\akc0ss-n086\NMML_Polar_Imagery_4\Surveys_IceSeals_2025\fl223\images_30deg_N68RF\center_view\ice_seals_2025_fl223_C_20250514_005333.089306_ir.tif,7118,480.356,159.718,491.439,171.275,0.11860,0,hotspot,0.11860
553,\\akc0ss-n086\NMML_Polar_Imagery_4\Surveys_IceSeals_2025\fl223\images_30deg_N68RF\center_view\ice_seals_2025_fl223_C_20250514_005334.230734_ir.tif,7119,563.316,375.381,574.447,386.560,0.29524,0,hotspot,0.29524
554,\\akc0ss-n086\NMML_Polar_Imagery_4\Surveys_IceSeals_2025\fl223\images_30deg_N68RF\center_view\ice_seals_2025_fl223_C_20250514_005352.491293_ir.tif,7135,88.961,192.905,100.836,202.059,0.53062,0,hotspot,0.53062
555,\\akc0ss-n086\NMML_Polar_Imagery_4\Surveys_IceSeals_2025\fl223\images_30deg_N68RF\center_view\ice_seals_2025_fl223_C_20250514_005358.208307_ir.tif,7140,42.595,324.840,51.670,337.481,0.25039,0,hotspot,0.25039
556,\\akc0ss-n086\NMML_Polar_Imagery_4\Surveys_IceSeals_2025\fl223\images_30deg_N68RF\center_view\ice_seals_2025_fl223_C_20250514_005402.783180_ir.tif,7144,549.084,288.405,559.888,296.499,0.63959,0,hotspot,0.63959
557,\\akc0ss-n086\NMML_Polar_Imagery_4\Surveys_IceSeals_2025\fl223\images_30deg_N68RF\center_view\ice_seals_2025_fl223_C_20250514_005402.783180_ir.tif,7144,555.132,285.132,565.622,293.848,0.45286,0,hotspot,0.45286
558,\\akc0ss-n086\NMML_Polar_Imagery_4\Surveys_IceSeals_2025\fl223\images_30deg_N68RF\center_view\ice_seals_2025_fl223_C_20250514_005410.797828_ir.tif,7151,201.142,264.274,209.585,275.095,0.44500,0,hotspot,0.44500
559,\\akc0ss-n086\NMML_Polar_Imagery_4\Surveys_IceSeals_2025\fl223\images_30deg_N68RF\center_view\ice_seals_2025_fl223_C_20250514_005416.524064_ir.tif,7156,369.724,166.546,378.555,174.781,0.11674,0,hotspot,0.11674
