# 1: Detection or Track-id,  2: Video or Image Identifier,  3: Unique Frame Identifier,  4-7: Img-bbox(TL_x,TL_y,BR_x,BR_y),  8: Detection or Length Confidence,  9: Target Length (0 or -1 if invalid),  10-11+: Repeated Species, Confidence Pairs or Attributes
# Written on: Tue Apr  7 17:35:16 2026   by: write_object_track_set_viame_csv
1,//akc0ss-n086/NMML_Polar_Imagery_4/Surveys_IceSeals_2025/fl223/images_30deg_N68RF/center_view/ice_seals_2025_fl223_C_20250513_223137.115060_rgb.jpg,130,756.712,7587.84,865.089,7715.84,1,0,animal,1
2,//akc0ss-n086/NMML_Polar_Imagery_4/Surveys_IceSeals_2025/fl223/images_30deg_N68RF/center_view/ice_seals_2025_fl223_C_20250513_223147.763899_rgb.jpg,140,2220.33,6993.24,2360.17,7106.24,1,0,animal,1
3,//akc0ss-n086/NMML_Polar_Imagery_4/Surveys_IceSeals_2025/fl223/images_30deg_N68RF/center_view/ice_seals_2025_fl223_C_20250513_223646.824115_rgb.jpg,398,8756.93,7328.68,8870.93,7425.3,1,0,animal,1
4,//akc0ss-n086/NMML_Polar_Imagery_4/Surveys_IceSeals_2025/fl223/images_30deg_N68RF/center_view/ice_seals_2025_fl223_C_20250513_223922.353818_rgb.jpg,534,10328.6,8230.9,10491.2,8369.68,1,0,false_positive,1
5,//akc0ss-n086/NMML_Polar_Imagery_4/Surveys_IceSeals_2025/fl223/images_30deg_N68RF/center_view/ice_seals_2025_fl223_C_20250513_224216.291918_rgb.jpg,687,3080.87,4266.14,3210.47,4401.66,1,0,false_positive,1
6,//akc0ss-n086/NMML_Polar_Imagery_4/Surveys_IceSeals_2025/fl223/images_30deg_N68RF/center_view/ice_seals_2025_fl223_C_20250513_224458.921984_rgb.jpg,829,911.733,4970.13,1064.04,5179.57,1,0,false_positive,1
7,//akc0ss-n086/NMML_Polar_Imagery_4/Surveys_IceSeals_2025/fl223/images_30deg_N68RF/center_view/ice_seals_2025_fl223_C_20250513_224637.587981_rgb.jpg,916,7760.43,2740.88,7918.79,2939,1,0,false_positive,1
8,//akc0ss-n086/NMML_Polar_Imagery_4/Surveys_IceSeals_2025/fl223/images_30deg_N68RF/center_view/ice_seals_2025_fl223_C_20250513_224704.780545_rgb.jpg,940,6733.03,2782.46,6873.94,2953.76,1,0,false_positive,1
9,//akc0ss-n086/NMML_Polar_Imagery_4/Surveys_IceSeals_2025/fl223/images_30deg_N68RF/center_view/ice_seals_2025_fl223_C_20250513_224916.114506_rgb.jpg,1057,3136.04,7584.41,3272.21,7745.57,1,0,false_positive,1
10,//akc0ss-n086/NMML_Polar_Imagery_4/Surveys_IceSeals_2025/fl223/images_30deg_N68RF/center_view/ice_seals_2025_fl223_C_20250513_224919.431888_rgb.jpg,1060,3358.76,9789.75,3485.73,9955.6,1,0,off_frame,1
11,//akc0ss-n086/NMML_Polar_Imagery_4/Surveys_IceSeals_2025/fl223/images_30deg_N68RF/center_view/ice_seals_2025_fl223_C_20250513_224921.645401_rgb.jpg,1062,8673.57,2159.25,8850.88,2346.43,1,0,false_positive,1
12,//akc0ss-n086/NMML_Polar_Imagery_4/Surveys_IceSeals_2025/fl223/images_30deg_N68RF/center_view/ice_seals_2025_fl223_C_20250513_224949.385488_rgb.jpg,1087,6525.32,3323.98,6731.1,3499.2,1,0,false_positive,1
13,//akc0ss-n086/NMML_Polar_Imagery_4/Surveys_IceSeals_2025/fl223/images_30deg_N68RF/center_view/ice_seals_2025_fl223_C_20250513_224954.924700_rgb.jpg,1092,6078.83,812.18,6257.58,907.166,1,0,false_positive,1
14,//akc0ss-n086/NMML_Polar_Imagery_4/Surveys_IceSeals_2025/fl223/images_30deg_N68RF/center_view/ice_seals_2025_fl223_C_20250513_225201.625272_rgb.jpg,1145,9046.02,2428.47,9173.47,2536.37,1,0,animal,1
15,//akc0ss-n086/NMML_Polar_Imagery_4/Surveys_IceSeals_2025/fl223/images_30deg_N68RF/center_view/ice_seals_2025_fl223_C_20250513_225406.707597_rgb.jpg,1259,-95.849,4348.61,222.595,4548.25,1,0,false_positive,1
16,//akc0ss-n086/NMML_Polar_Imagery_4/Surveys_IceSeals_2025/fl223/images_30deg_N68RF/center_view/ice_seals_2025_fl223_C_20250513_225506.708623_rgb.jpg,1314,5994.05,2587.5,6156.4,2766.34,1,0,false_positive,1
17,//akc0ss-n086/NMML_Polar_Imagery_4/Surveys_IceSeals_2025/fl223/images_30deg_N68RF/center_view/ice_seals_2025_fl223_C_20250513_225647.518800_rgb.jpg,1407,8565.03,4164.36,8649.03,4280.36,1,0,animal,1
18,//akc0ss-n086/NMML_Polar_Imagery_4/Surveys_IceSeals_2025/fl223/images_30deg_N68RF/center_view/ice_seals_2025_fl223_C_20250513_225647.518800_rgb.jpg,1407,8237.39,4086.02,8363.39,4199.03,1,0,animal,1
19,//akc0ss-n086/NMML_Polar_Imagery_4/Surveys_IceSeals_2025/fl223/images_30deg_N68RF/center_view/ice_seals_2025_fl223_C_20250513_225725.065175_rgb.jpg,1442,7666.9,6121.48,7938.73,6318.75,1,0,false_positive,1
20,//akc0ss-n086/NMML_Polar_Imagery_4/Surveys_IceSeals_2025/fl223/images_30deg_N68RF/center_view/ice_seals_2025_fl223_C_20250513_225746.545744_rgb.jpg,1462,9131.14,930.89,9303.33,1140.89,1,0,animal,1
21,//akc0ss-n086/NMML_Polar_Imagery_4/Surveys_IceSeals_2025/fl223/images_30deg_N68RF/center_view/ice_seals_2025_fl223_C_20250513_225747.614950_rgb.jpg,1463,9430.89,10038.5,9655.19,10302.1,1,0,off_frame,1
22,//akc0ss-n086/NMML_Polar_Imagery_4/Surveys_IceSeals_2025/fl223/images_30deg_N68RF/center_view/ice_seals_2025_fl223_C_20250513_225805.825259_rgb.jpg,1480,8891.39,8987.81,9051.37,9219.46,1,0,false_positive,1
23,//akc0ss-n086/NMML_Polar_Imagery_4/Surveys_IceSeals_2025/fl223/images_30deg_N68RF/center_view/ice_seals_2025_fl223_C_20250513_225910.829298_rgb.jpg,1539,2557.09,1954.56,2670.83,2085.16,1,0,animal,1
24,//akc0ss-n086/NMML_Polar_Imagery_4/Surveys_IceSeals_2025/fl223/images_30deg_N68RF/center_view/ice_seals_2025_fl223_C_20250513_230056.164747_rgb.jpg,1633,5215.29,5911.26,5328.34,6038.35,1,0,animal,1
25,//akc0ss-n086/NMML_Polar_Imagery_4/Surveys_IceSeals_2025/fl223/images_30deg_N68RF/center_view/ice_seals_2025_fl223_C_20250513_230059.540608_rgb.jpg,1636,9237.76,860.724,9369.13,989.12,1,0,animal,1
26,//akc0ss-n086/NMML_Polar_Imagery_4/Surveys_IceSeals_2025/fl223/images_30deg_N68RF/center_view/ice_seals_2025_fl223_C_20250513_230100.662072_rgb.jpg,1637,9708.99,9977.42,9899.24,10164.6,1,0,off_frame,1
27,//akc0ss-n086/NMML_Polar_Imagery_4/Surveys_IceSeals_2025/fl223/images_30deg_N68RF/center_view/ice_seals_2025_fl223_C_20250513_230111.846740_rgb.jpg,1647,10675.3,1895.39,10794.9,2054.27,1,0,animal,1
28,//akc0ss-n086/NMML_Polar_Imagery_4/Surveys_IceSeals_2025/fl223/images_30deg_N68RF/center_view/ice_seals_2025_fl223_C_20250513_230112.962948_rgb.jpg,1648,5918.95,5353.38,6025.58,5490.85,1,0,animal,1
29,//akc0ss-n086/NMML_Polar_Imagery_4/Surveys_IceSeals_2025/fl223/images_30deg_N68RF/center_view/ice_seals_2025_fl223_C_20250513_230144.111079_rgb.jpg,1676,10037.2,7020.98,10177.8,7170.85,1,0,animal,1
30,//akc0ss-n086/NMML_Polar_Imagery_4/Surveys_IceSeals_2025/fl223/images_30deg_N68RF/center_view/ice_seals_2025_fl223_C_20250513_230211.884232_rgb.jpg,1701,7093.03,5525.01,7225.51,5655.24,1,0,animal,1
31,//akc0ss-n086/NMML_Polar_Imagery_4/Surveys_IceSeals_2025/fl223/images_30deg_N68RF/center_view/ice_seals_2025_fl223_C_20250513_230218.572036_rgb.jpg,1707,10188.8,8700.94,10398.7,8939.95,1,0,animal,1
32,//akc0ss-n086/NMML_Polar_Imagery_4/Surveys_IceSeals_2025/fl223/images_30deg_N68RF/center_view/ice_seals_2025_fl223_C_20250513_230308.725285_rgb.jpg,1752,10193.7,3657.42,10313.3,3735.56,1,0,animal,1
33,//akc0ss-n086/NMML_Polar_Imagery_4/Surveys_IceSeals_2025/fl223/images_30deg_N68RF/center_view/ice_seals_2025_fl223_C_20250513_230308.725285_rgb.jpg,1752,10082.7,3593.29,10241.1,3688.82,1,0,animal,1
34,//akc0ss-n086/NMML_Polar_Imagery_4/Surveys_IceSeals_2025/fl223/images_30deg_N68RF/center_view/ice_seals_2025_fl223_C_20250513_230405.746752_rgb.jpg,1803,2308.74,8015.76,2454.15,8133.49,1,0,animal,1
35,//akc0ss-n086/NMML_Polar_Imagery_4/Surveys_IceSeals_2025/fl223/images_30deg_N68RF/center_view/ice_seals_2025_fl223_C_20250513_230405.746752_rgb.jpg,1803,2463.91,7882.13,2585.54,7990.38,1,0,animal,1
36,//akc0ss-n086/NMML_Polar_Imagery_4/Surveys_IceSeals_2025/fl223/images_30deg_N68RF/center_view/ice_seals_2025_fl223_C_20250513_230416.950560_rgb.jpg,1813,5555.34,6203.09,5668.44,6363.38,1,0,animal,1
37,//akc0ss-n086/NMML_Polar_Imagery_4/Surveys_IceSeals_2025/fl223/images_30deg_N68RF/center_view/ice_seals_2025_fl223_C_20250513_230509.658405_rgb.jpg,1860,1879.41,7805.47,2061.37,7987.74,1,0,false_positive,1
38,//akc0ss-n086/NMML_Polar_Imagery_4/Surveys_IceSeals_2025/fl223/images_30deg_N68RF/center_view/ice_seals_2025_fl223_C_20250513_230701.441154_rgb.jpg,1957,8187.46,5309.12,8349.96,5511.75,1,0,false_positive,1
39,//akc0ss-n086/NMML_Polar_Imagery_4/Surveys_IceSeals_2025/fl223/images_30deg_N68RF/center_view/ice_seals_2025_fl223_C_20250513_230704.816355_rgb.jpg,1960,9413.89,6307.88,9554.46,6410.92,1,0,animal,1
40,//akc0ss-n086/NMML_Polar_Imagery_4/Surveys_IceSeals_2025/fl223/images_30deg_N68RF/center_view/ice_seals_2025_fl223_C_20250513_230713.818053_rgb.jpg,1968,3000.75,8589.75,3137.2,8706.08,1,0,animal,1
41,//akc0ss-n086/NMML_Polar_Imagery_4/Surveys_IceSeals_2025/fl223/images_30deg_N68RF/center_view/ice_seals_2025_fl223_C_20250513_230738.427222_rgb.jpg,1990,1386.79,3168.96,1477.15,3262.19,1,0,animal,1
42,//akc0ss-n086/NMML_Polar_Imagery_4/Surveys_IceSeals_2025/fl223/images_30deg_N68RF/center_view/ice_seals_2025_fl223_C_20250513_230807.492943_rgb.jpg,2016,8884.54,977.636,9024.17,1079.76,1,0,animal,1
43,//akc0ss-n086/NMML_Polar_Imagery_4/Surveys_IceSeals_2025/fl223/images_30deg_N68RF/center_view/ice_seals_2025_fl223_C_20250513_230807.492943_rgb.jpg,2016,8905.41,1075.65,9037.24,1217.22,1,0,animal,1
44,//akc0ss-n086/NMML_Polar_Imagery_4/Surveys_IceSeals_2025/fl223/images_30deg_N68RF/center_view/ice_seals_2025_fl223_C_20250513_230808.610789_rgb.jpg,2017,8715.42,10165.4,8885.66,10401,1,0,off_frame,1
45,//akc0ss-n086/NMML_Polar_Imagery_4/Surveys_IceSeals_2025/fl223/images_30deg_N68RF/center_view/ice_seals_2025_fl223_C_20250513_231019.559158_rgb.jpg,2133,4168.62,2379.74,4318.14,2536.43,1,0,false_positive,1
46,//akc0ss-n086/NMML_Polar_Imagery_4/Surveys_IceSeals_2025/fl223/images_30deg_N68RF/center_view/ice_seals_2025_fl223_C_20250513_231126.626775_rgb.jpg,2192,10700.2,6728.35,10796.9,6876.93,1,0,animal,1
47,//akc0ss-n086/NMML_Polar_Imagery_4/Surveys_IceSeals_2025/fl223/images_30deg_N68RF/center_view/ice_seals_2025_fl223_C_20250513_231126.626775_rgb.jpg,2192,10182.5,6535.61,10265.8,6611.3,1,0,false_positive,1
48,//akc0ss-n086/NMML_Polar_Imagery_4/Surveys_IceSeals_2025/fl223/images_30deg_N68RF/center_view/ice_seals_2025_fl223_C_20250513_231158.490930_rgb.jpg,2220,8874.26,4216.17,9041.73,4466.5,1,0,false_positive,1
49,//akc0ss-n086/NMML_Polar_Imagery_4/Surveys_IceSeals_2025/fl223/images_30deg_N68RF/center_view/ice_seals_2025_fl223_C_20250513_231213.296320_rgb.jpg,2233,8255.54,7569.26,8423.42,7793.48,1,0,false_positive,1
50,//akc0ss-n086/NMML_Polar_Imagery_4/Surveys_IceSeals_2025/fl223/images_30deg_N68RF/center_view/ice_seals_2025_fl223_C_20250513_231214.431986_rgb.jpg,2234,1808.79,6503.76,2014.67,6699.04,1,0,false_positive,1
51,//akc0ss-n086/NMML_Polar_Imagery_4/Surveys_IceSeals_2025/fl223/images_30deg_N68RF/center_view/ice_seals_2025_fl223_C_20250513_231236.053040_rgb.jpg,2253,3680.03,7367.08,3920.39,7557.75,1,0,animal,1
52,//akc0ss-n086/NMML_Polar_Imagery_4/Surveys_IceSeals_2025/fl223/images_30deg_N68RF/center_view/ice_seals_2025_fl223_C_20250513_231322.826452_rgb.jpg,2294,5831.21,5613.08,6032.43,5790.8,1,0,false_positive,1
53,//akc0ss-n086/NMML_Polar_Imagery_4/Surveys_IceSeals_2025/fl223/images_30deg_N68RF/center_view/ice_seals_2025_fl223_C_20250513_231323.970577_rgb.jpg,2295,11436.7,5509.69,11560,5648.33,1,0,animal,1
54,//akc0ss-n086/NMML_Polar_Imagery_4/Surveys_IceSeals_2025/fl223/images_30deg_N68RF/center_view/ice_seals_2025_fl223_C_20250513_231334.256542_rgb.jpg,2304,6581.33,4340.53,6719.11,4548.48,1,0,false_positive,1
55,//akc0ss-n086/NMML_Polar_Imagery_4/Surveys_IceSeals_2025/fl223/images_30deg_N68RF/center_view/ice_seals_2025_fl223_C_20250513_231404.040004_rgb.jpg,2330,10591,4113.98,10755.7,4282.17,1,0,false_positive,1
56,//akc0ss-n086/NMML_Polar_Imagery_4/Surveys_IceSeals_2025/fl223/images_30deg_N68RF/center_view/ice_seals_2025_fl223_C_20250513_231446.288764_rgb.jpg,2367,1251.08,4353.47,1486.52,4516.3,1,0,animal,1
57,//akc0ss-n086/NMML_Polar_Imagery_4/Surveys_IceSeals_2025/fl223/images_30deg_N68RF/center_view/ice_seals_2025_fl223_C_20250513_231457.673914_rgb.jpg,2377,8275.57,4538.92,8490.39,4723.59,1,0,false_positive,1
58,//akc0ss-n086/NMML_Polar_Imagery_4/Surveys_IceSeals_2025/fl223/images_30deg_N68RF/center_view/ice_seals_2025_fl223_C_20250513_231524.949984_rgb.jpg,2401,8558.02,2612.43,8734.8,2836.06,1,0,false_positive,1
59,//akc0ss-n086/NMML_Polar_Imagery_4/Surveys_IceSeals_2025/fl223/images_30deg_N68RF/center_view/ice_seals_2025_fl223_C_20250513_231618.561274_rgb.jpg,2448,11587.5,6921.49,11714.6,7034.62,1,0,animal,1
60,//akc0ss-n086/NMML_Polar_Imagery_4/Surveys_IceSeals_2025/fl223/images_30deg_N68RF/center_view/ice_seals_2025_fl223_C_20250513_231636.813251_rgb.jpg,2464,4970.17,2104.18,5065.5,2254.62,1,0,animal,1
61,//akc0ss-n086/NMML_Polar_Imagery_4/Surveys_IceSeals_2025/fl223/images_30deg_N68RF/center_view/ice_seals_2025_fl223_C_20250513_231729.375533_rgb.jpg,2510,5888.19,5089.46,6015.97,5229.85,1,0,false_positive,1
62,//akc0ss-n086/NMML_Polar_Imagery_4/Surveys_IceSeals_2025/fl223/images_30deg_N68RF/center_view/ice_seals_2025_fl223_C_20250513_231813.866852_rgb.jpg,2549,61.5094,4563.78,307.474,4743.78,1,0,false_positive,1
63,//akc0ss-n086/NMML_Polar_Imagery_4/Surveys_IceSeals_2025/fl223/images_30deg_N68RF/center_view/ice_seals_2025_fl223_C_20250513_231847.044251_rgb.jpg,2578,3633.08,2013.24,3803.65,2184.01,1,0,false_positive,1
64,//akc0ss-n086/NMML_Polar_Imagery_4/Surveys_IceSeals_2025/fl223/images_30deg_N68RF/center_view/ice_seals_2025_fl223_C_20250513_232004.600816_rgb.jpg,2646,1187.2,8943.03,1379.62,9197.45,1,0,false_positive,1
65,//akc0ss-n086/NMML_Polar_Imagery_4/Surveys_IceSeals_2025/fl223/images_30deg_N68RF/center_view/ice_seals_2025_fl223_C_20250513_232008.024231_rgb.jpg,2649,10009.7,5423.36,10180.2,5695.33,1,0,false_positive,1
66,//akc0ss-n086/NMML_Polar_Imagery_4/Surveys_IceSeals_2025/fl223/images_30deg_N68RF/center_view/ice_seals_2025_fl223_C_20250513_232017.151293_rgb.jpg,2657,3389.68,5793.34,3571.34,5968.74,1,0,false_positive,1
67,//akc0ss-n086/NMML_Polar_Imagery_4/Surveys_IceSeals_2025/fl223/images_30deg_N68RF/center_view/ice_seals_2025_fl223_C_20250513_232033.081250_rgb.jpg,2671,5463.97,7784.69,5642.82,7982.8,1,0,false_positive,1
68,//akc0ss-n086/NMML_Polar_Imagery_4/Surveys_IceSeals_2025/fl223/images_30deg_N68RF/center_view/ice_seals_2025_fl223_C_20250513_232349.333503_rgb.jpg,2783,358.341,5456.96,530.243,5619.36,1,0,false_positive,1
69,//akc0ss-n086/NMML_Polar_Imagery_4/Surveys_IceSeals_2025/fl223/images_30deg_N68RF/center_view/ice_seals_2025_fl223_C_20250513_232433.954978_rgb.jpg,2823,10535.5,5618.24,10768.9,5816.43,1,0,false_positive,1
70,//akc0ss-n086/NMML_Polar_Imagery_4/Surveys_IceSeals_2025/fl223/images_30deg_N68RF/center_view/ice_seals_2025_fl223_C_20250513_232440.600759_rgb.jpg,2829,-63.5497,7296.48,55.7659,7566.27,1,0,off_frame,1
71,//akc0ss-n086/NMML_Polar_Imagery_4/Surveys_IceSeals_2025/fl223/images_30deg_N68RF/center_view/ice_seals_2025_fl223_C_20250513_232446.133553_rgb.jpg,2834,3750.32,2723.55,3947.45,2994.81,1,0,false_positive,1
72,//akc0ss-n086/NMML_Polar_Imagery_4/Surveys_IceSeals_2025/fl223/images_30deg_N68RF/center_view/ice_seals_2025_fl223_C_20250513_232504.949790_rgb.jpg,2851,9699.89,2908,9889.83,3114.57,1,0,false_positive,1
73,//akc0ss-n086/NMML_Polar_Imagery_4/Surveys_IceSeals_2025/fl223/images_30deg_N68RF/center_view/ice_seals_2025_fl223_C_20250513_232530.436685_rgb.jpg,2874,9259.4,1085.84,9457.33,1247.28,1,0,false_positive,1
74,//akc0ss-n086/NMML_Polar_Imagery_4/Surveys_IceSeals_2025/fl223/images_30deg_N68RF/center_view/ice_seals_2025_fl223_C_20250513_232559.195462_rgb.jpg,2900,7040.59,10275.1,7252.2,10520.5,1,0,off_frame,1
75,//akc0ss-n086/NMML_Polar_Imagery_4/Surveys_IceSeals_2025/fl223/images_30deg_N68RF/center_view/ice_seals_2025_fl223_C_20250513_232606.905611_rgb.jpg,2907,5060.44,1255.93,5148.38,1381.59,1,0,animal,1
76,//akc0ss-n086/NMML_Polar_Imagery_4/Surveys_IceSeals_2025/fl223/images_30deg_N68RF/center_view/ice_seals_2025_fl223_C_20250513_232820.838618_rgb.jpg,3029,4255.04,5137.71,4494.68,5379.86,1,0,animal,1
77,//akc0ss-n086/NMML_Polar_Imagery_4/Surveys_IceSeals_2025/fl223/images_30deg_N68RF/center_view/ice_seals_2025_fl223_C_20250513_233319.808470_rgb.jpg,3304,9144.91,1523.01,9275.02,1622.67,1,0,animal,1
78,//akc0ss-n086/NMML_Polar_Imagery_4/Surveys_IceSeals_2025/fl223/images_30deg_N68RF/center_view/ice_seals_2025_fl223_C_20250513_233534.784960_rgb.jpg,3431,11551.9,1569.18,11781,1753.36,1,0,false_positive,1
79,//akc0ss-n086/NMML_Polar_Imagery_4/Surveys_IceSeals_2025/fl223/images_30deg_N68RF/center_view/ice_seals_2025_fl223_C_20250513_233605.544212_rgb.jpg,3460,6930.37,1622.83,7149.5,1917.7,1,0,false_positive,1
80,//akc0ss-n086/NMML_Polar_Imagery_4/Surveys_IceSeals_2025/fl223/images_30deg_N68RF/center_view/ice_seals_2025_fl223_C_20250513_233749.649600_rgb.jpg,3558,7518.2,3469.68,7689.6,3676.39,1,0,false_positive,1
81,//akc0ss-n086/NMML_Polar_Imagery_4/Surveys_IceSeals_2025/fl223/images_30deg_N68RF/center_view/ice_seals_2025_fl223_C_20250513_233750.715764_rgb.jpg,3559,9644.27,9296.83,9829.47,9502.83,1,0,false_positive,1
82,//akc0ss-n086/NMML_Polar_Imagery_4/Surveys_IceSeals_2025/fl223/images_30deg_N68RF/center_view/ice_seals_2025_fl223_C_20250513_234149.586325_rgb.jpg,3784,11089.8,9196.16,11178.8,9315.57,1,0,animal,1
83,//akc0ss-n086/NMML_Polar_Imagery_4/Surveys_IceSeals_2025/fl223/images_30deg_N68RF/center_view/ice_seals_2025_fl223_C_20250513_234307.746988_rgb.jpg,3860,6664.32,2890.44,6785.93,2986.76,1,0,animal,1
84,//akc0ss-n086/NMML_Polar_Imagery_4/Surveys_IceSeals_2025/fl223/images_30deg_N68RF/center_view/ice_seals_2025_fl223_C_20250513_234325.208039_rgb.jpg,3877,8105.65,5297.88,8339.87,5452.35,1,0,false_positive,1
85,//akc0ss-n086/NMML_Polar_Imagery_4/Surveys_IceSeals_2025/fl223/images_30deg_N68RF/center_view/ice_seals_2025_fl223_C_20250513_234326.234764_rgb.jpg,3878,10079,4741.8,10266.6,4998.05,1,0,false_positive,1
86,//akc0ss-n086/NMML_Polar_Imagery_4/Surveys_IceSeals_2025/fl223/images_30deg_N68RF/center_view/ice_seals_2025_fl223_C_20250513_234346.874850_rgb.jpg,3898,3522.46,5544.18,3689.28,5733.85,1,0,false_positive,1
87,//akc0ss-n086/NMML_Polar_Imagery_4/Surveys_IceSeals_2025/fl223/images_30deg_N68RF/center_view/ice_seals_2025_fl223_C_20250513_234352.116085_rgb.jpg,3903,3915.89,2734.67,4116.02,3003.64,1,0,false_positive,1
88,//akc0ss-n086/NMML_Polar_Imagery_4/Surveys_IceSeals_2025/fl223/images_30deg_N68RF/center_view/ice_seals_2025_fl223_C_20250513_234445.055954_rgb.jpg,3953,1880.07,5889.31,2088.13,6086.31,1,0,false_positive,1
89,//akc0ss-n086/NMML_Polar_Imagery_4/Surveys_IceSeals_2025/fl223/images_30deg_N68RF/center_view/ice_seals_2025_fl223_C_20250513_234446.117078_rgb.jpg,3954,-45.2416,8510.99,80.7084,8757.43,1,0,off_frame,1
90,//akc0ss-n086/NMML_Polar_Imagery_4/Surveys_IceSeals_2025/fl223/images_30deg_N68RF/center_view/ice_seals_2025_fl223_C_20250513_234446.117078_rgb.jpg,3954,5906.85,3203.58,6128.34,3394.32,1,0,false_positive,1
91,//akc0ss-n086/NMML_Polar_Imagery_4/Surveys_IceSeals_2025/fl223/images_30deg_N68RF/center_view/ice_seals_2025_fl223_C_20250513_234446.117078_rgb.jpg,3954,5882.31,3073.95,6097.8,3238.4,1,0,false_positive,1
92,//akc0ss-n086/NMML_Polar_Imagery_4/Surveys_IceSeals_2025/fl223/images_30deg_N68RF/center_view/ice_seals_2025_fl223_C_20250513_234446.117078_rgb.jpg,3954,5843.2,3172.82,6086.98,3389.01,1,0,false_positive,1
93,//akc0ss-n086/NMML_Polar_Imagery_4/Surveys_IceSeals_2025/fl223/images_30deg_N68RF/center_view/ice_seals_2025_fl223_C_20250513_234447.178383_rgb.jpg,3955,11371.7,2995.38,11566.5,3167.82,1,0,false_positive,1
94,//akc0ss-n086/NMML_Polar_Imagery_4/Surveys_IceSeals_2025/fl223/images_30deg_N68RF/center_view/ice_seals_2025_fl223_C_20250513_234447.178383_rgb.jpg,3955,11339.9,2969.42,11584.7,3191.43,1,0,false_positive,1
95,//akc0ss-n086/NMML_Polar_Imagery_4/Surveys_IceSeals_2025/fl223/images_30deg_N68RF/center_view/ice_seals_2025_fl223_C_20250513_234448.239712_rgb.jpg,3956,10277.7,4435.82,10462.2,4669.39,1,0,false_positive,1
96,//akc0ss-n086/NMML_Polar_Imagery_4/Surveys_IceSeals_2025/fl223/images_30deg_N68RF/center_view/ice_seals_2025_fl223_C_20250513_234455.672018_rgb.jpg,3963,2719.63,3722.08,2878.35,3931.72,1,0,false_positive,1
97,//akc0ss-n086/NMML_Polar_Imagery_4/Surveys_IceSeals_2025/fl223/images_30deg_N68RF/center_view/ice_seals_2025_fl223_C_20250513_234456.733942_rgb.jpg,3964,203.567,8083.34,433.428,8303.46,1,0,false_positive,1
98,//akc0ss-n086/NMML_Polar_Imagery_4/Surveys_IceSeals_2025/fl223/images_30deg_N68RF/center_view/ice_seals_2025_fl223_C_20250513_234508.423357_rgb.jpg,3975,1703.3,3929.95,1920.3,4102.99,1,0,false_positive,1
99,//akc0ss-n086/NMML_Polar_Imagery_4/Surveys_IceSeals_2025/fl223/images_30deg_N68RF/center_view/ice_seals_2025_fl223_C_20250513_234508.423357_rgb.jpg,3975,1670.13,3897.33,1952.45,4135.67,1,0,false_positive,1
100,//akc0ss-n086/NMML_Polar_Imagery_4/Surveys_IceSeals_2025/fl223/images_30deg_N68RF/center_view/ice_seals_2025_fl223_C_20250513_234523.357686_rgb.jpg,3989,11704.8,3449.97,11891.9,3639.87,1,0,false_positive,1
101,//akc0ss-n086/NMML_Polar_Imagery_4/Surveys_IceSeals_2025/fl223/images_30deg_N68RF/center_view/ice_seals_2025_fl223_C_20250513_234524.427233_rgb.jpg,3990,5895.72,8917.63,6129.06,9093.78,1,0,false_positive,1
102,//akc0ss-n086/NMML_Polar_Imagery_4/Surveys_IceSeals_2025/fl223/images_30deg_N68RF/center_view/ice_seals_2025_fl223_C_20250513_234525.496639_rgb.jpg,3991,5875.24,8124.91,6039.09,8314.21,1,0,false_positive,1
103,//akc0ss-n086/NMML_Polar_Imagery_4/Surveys_IceSeals_2025/fl223/images_30deg_N68RF/center_view/ice_seals_2025_fl223_C_20250513_234525.496639_rgb.jpg,3991,5734.48,7984.34,5897.35,8154.7,1,0,false_positive,1
104,//akc0ss-n086/NMML_Polar_Imagery_4/Surveys_IceSeals_2025/fl223/images_30deg_N68RF/center_view/ice_seals_2025_fl223_C_20250513_234527.637213_rgb.jpg,3993,5567.65,2603.87,5781.66,2912.71,1,0,false_positive,1
105,//akc0ss-n086/NMML_Polar_Imagery_4/Surveys_IceSeals_2025/fl223/images_30deg_N68RF/center_view/ice_seals_2025_fl223_C_20250513_234532.989485_rgb.jpg,3998,2318.54,6020.29,2508.03,6176.55,1,0,false_positive,1
106,//akc0ss-n086/NMML_Polar_Imagery_4/Surveys_IceSeals_2025/fl223/images_30deg_N68RF/center_view/ice_seals_2025_fl223_C_20250513_234534.060215_rgb.jpg,3999,286.58,6046.6,471.505,6211.77,1,0,false_positive,1
107,//akc0ss-n086/NMML_Polar_Imagery_4/Surveys_IceSeals_2025/fl223/images_30deg_N68RF/center_view/ice_seals_2025_fl223_C_20250513_234642.861819_rgb.jpg,4063,2678.17,2768.11,2888.84,2976.99,1,0,false_positive,1
108,//akc0ss-n086/NMML_Polar_Imagery_4/Surveys_IceSeals_2025/fl223/images_30deg_N68RF/center_view/ice_seals_2025_fl223_C_20250513_234730.319674_rgb.jpg,4107,5666.62,6901.75,5809.85,6999.35,1,0,animal,1
109,//akc0ss-n086/NMML_Polar_Imagery_4/Surveys_IceSeals_2025/fl223/images_30deg_N68RF/center_view/ice_seals_2025_fl223_C_20250513_234730.319674_rgb.jpg,4107,5517.34,6893.97,5639.53,7031.75,1,0,animal,1
110,//akc0ss-n086/NMML_Polar_Imagery_4/Surveys_IceSeals_2025/fl223/images_30deg_N68RF/center_view/ice_seals_2025_fl223_C_20250513_234812.485996_rgb.jpg,4146,9395.92,2082.5,9574.66,2304.18,1,0,false_positive,1
111,//akc0ss-n086/NMML_Polar_Imagery_4/Surveys_IceSeals_2025/fl223/images_30deg_N68RF/center_view/ice_seals_2025_fl223_C_20250513_234837.475251_rgb.jpg,4169,9193,7362.87,9318.77,7492.01,1,0,animal,1
112,//akc0ss-n086/NMML_Polar_Imagery_4/Surveys_IceSeals_2025/fl223/images_30deg_N68RF/center_view/ice_seals_2025_fl223_C_20250513_234906.825815_rgb.jpg,4196,8178.68,4811.28,8294.86,4958.77,1,0,animal,1
113,//akc0ss-n086/NMML_Polar_Imagery_4/Surveys_IceSeals_2025/fl223/images_30deg_N68RF/center_view/ice_seals_2025_fl223_C_20250513_235027.862534_rgb.jpg,4271,6490.23,4341.01,6683.72,4547.1,1,0,animal,1
114,//akc0ss-n086/NMML_Polar_Imagery_4/Surveys_IceSeals_2025/fl223/images_30deg_N68RF/center_view/ice_seals_2025_fl223_C_20250513_235209.145988_rgb.jpg,4304,7530.98,7121.4,7670.01,7308.31,1,0,false_positive,1
115,//akc0ss-n086/NMML_Polar_Imagery_4/Surveys_IceSeals_2025/fl223/images_30deg_N68RF/center_view/ice_seals_2025_fl223_C_20250513_235329.503566_rgb.jpg,4380,5244.27,6544.95,5410.02,6823.21,1,0,false_positive,1
116,//akc0ss-n086/NMML_Polar_Imagery_4/Surveys_IceSeals_2025/fl223/images_30deg_N68RF/center_view/ice_seals_2025_fl223_C_20250513_235348.478461_rgb.jpg,4398,4086.37,5484.53,4258.18,5778.93,1,0,false_positive,1
117,//akc0ss-n086/NMML_Polar_Imagery_4/Surveys_IceSeals_2025/fl223/images_30deg_N68RF/center_view/ice_seals_2025_fl223_C_20250513_235359.010047_rgb.jpg,4408,3517.46,8708.03,3725.22,8911.45,1,0,animal,1
118,//akc0ss-n086/NMML_Polar_Imagery_4/Surveys_IceSeals_2025/fl223/images_30deg_N68RF/center_view/ice_seals_2025_fl223_C_20250513_235412.681272_rgb.jpg,4421,9404.45,2211.9,9590.66,2397.72,1,0,false_positive,1
119,//akc0ss-n086/NMML_Polar_Imagery_4/Surveys_IceSeals_2025/fl223/images_30deg_N68RF/center_view/ice_seals_2025_fl223_C_20250513_235510.366431_rgb.jpg,4476,7292.02,4256.22,7434.81,4489.45,1,0,false_positive,1
120,//akc0ss-n086/NMML_Polar_Imagery_4/Surveys_IceSeals_2025/fl223/images_30deg_N68RF/center_view/ice_seals_2025_fl223_C_20250513_235516.637015_rgb.jpg,4482,7236.61,9438.47,7424.51,9683.4,1,0,off_frame,1
121,//akc0ss-n086/NMML_Polar_Imagery_4/Surveys_IceSeals_2025/fl223/images_30deg_N68RF/center_view/ice_seals_2025_fl223_C_20250513_235520.817476_rgb.jpg,4486,3791.98,2138.96,3975.09,2415.69,1,0,false_positive,1
122,//akc0ss-n086/NMML_Polar_Imagery_4/Surveys_IceSeals_2025/fl223/images_30deg_N68RF/center_view/ice_seals_2025_fl223_C_20250513_235607.858249_rgb.jpg,4531,1815.93,1277.6,2013.95,1526.46,1,0,false_positive,1
123,//akc0ss-n086/NMML_Polar_Imagery_4/Surveys_IceSeals_2025/fl223/images_30deg_N68RF/center_view/ice_seals_2025_fl223_C_20250513_235608.902636_rgb.jpg,4532,2098.94,10367.1,2293.66,10586.8,1,0,off_frame,1
124,//akc0ss-n086/NMML_Polar_Imagery_4/Surveys_IceSeals_2025/fl223/images_30deg_N68RF/center_view/ice_seals_2025_fl223_C_20250513_235613.079322_rgb.jpg,4536,7616.89,3083.38,7801.24,3252.7,1,0,false_positive,1
125,//akc0ss-n086/NMML_Polar_Imagery_4/Surveys_IceSeals_2025/fl223/images_30deg_N68RF/center_view/ice_seals_2025_fl223_C_20250513_235634.977183_rgb.jpg,4557,5891.99,5979.6,6126.89,6143.67,1,0,false_positive,1
126,//akc0ss-n086/NMML_Polar_Imagery_4/Surveys_IceSeals_2025/fl223/images_30deg_N68RF/center_view/ice_seals_2025_fl223_C_20250513_235708.393151_rgb.jpg,4589,6207,6663.76,6383.81,6873.1,1,0,false_positive,1
127,//akc0ss-n086/NMML_Polar_Imagery_4/Surveys_IceSeals_2025/fl223/images_30deg_N68RF/center_view/ice_seals_2025_fl223_C_20250513_235806.126388_rgb.jpg,4644,4160.13,1920.23,4325.33,2083.85,1,0,false_positive,1
128,//akc0ss-n086/NMML_Polar_Imagery_4/Surveys_IceSeals_2025/fl223/images_30deg_N68RF/center_view/ice_seals_2025_fl223_C_20250513_235824.037101_rgb.jpg,4661,6448.66,3818.38,6637.81,4139.63,1,0,false_positive,1
129,//akc0ss-n086/NMML_Polar_Imagery_4/Surveys_IceSeals_2025/fl223/images_30deg_N68RF/center_view/ice_seals_2025_fl223_C_20250513_235922.222881_rgb.jpg,4716,11904.6,5850.61,12087.4,6113.53,1,0,false_positive,1
130,//akc0ss-n086/NMML_Polar_Imagery_4/Surveys_IceSeals_2025/fl223/images_30deg_N68RF/center_view/ice_seals_2025_fl223_C_20250513_235940.285037_rgb.jpg,4733,6529.25,6685.88,6699,6850.71,1,0,false_positive,1
131,//akc0ss-n086/NMML_Polar_Imagery_4/Surveys_IceSeals_2025/fl223/images_30deg_N68RF/center_view/ice_seals_2025_fl223_C_20250513_235943.472753_rgb.jpg,4736,1779.54,9291.7,1974.59,9476.94,1,0,false_positive,1
132,//akc0ss-n086/NMML_Polar_Imagery_4/Surveys_IceSeals_2025/fl223/images_30deg_N68RF/center_view/ice_seals_2025_fl223_C_20250514_000008.973694_rgb.jpg,4760,6709,3688.84,6865.11,3867.71,1,0,false_positive,1
133,//akc0ss-n086/NMML_Polar_Imagery_4/Surveys_IceSeals_2025/fl223/images_30deg_N68RF/center_view/ice_seals_2025_fl223_C_20250514_000008.973694_rgb.jpg,4760,6933.22,5991.61,7114.21,6226.95,1,0,false_positive,1
134,//akc0ss-n086/NMML_Polar_Imagery_4/Surveys_IceSeals_2025/fl223/images_30deg_N68RF/center_view/ice_seals_2025_fl223_C_20250514_000022.835078_rgb.jpg,4773,6400.27,3653.41,6579.62,3819.84,1,0,false_positive,1
135,//akc0ss-n086/NMML_Polar_Imagery_4/Surveys_IceSeals_2025/fl223/images_30deg_N68RF/center_view/ice_seals_2025_fl223_C_20250514_000046.292947_rgb.jpg,4795,4680.32,4549.81,4857.34,4782.73,1,0,false_positive,1
136,//akc0ss-n086/NMML_Polar_Imagery_4/Surveys_IceSeals_2025/fl223/images_30deg_N68RF/center_view/ice_seals_2025_fl223_C_20250514_000131.106349_rgb.jpg,4837,1595.11,7549.44,1744.11,7661.19,1,0,animal,1
137,//akc0ss-n086/NMML_Polar_Imagery_4/Surveys_IceSeals_2025/fl223/images_30deg_N68RF/center_view/ice_seals_2025_fl223_C_20250514_000151.412132_rgb.jpg,4856,10708.3,1172.78,10938.9,1442.47,1,0,false_positive,1
138,//akc0ss-n086/NMML_Polar_Imagery_4/Surveys_IceSeals_2025/fl223/images_30deg_N68RF/center_view/ice_seals_2025_fl223_C_20250514_000152.482641_rgb.jpg,4857,10891.6,10223.1,11125.7,10456.2,1,0,off_frame,1
139,//akc0ss-n086/NMML_Polar_Imagery_4/Surveys_IceSeals_2025/fl223/images_30deg_N68RF/center_view/ice_seals_2025_fl223_C_20250514_000153.553107_rgb.jpg,4858,3222.5,2885.69,3523.66,3085.41,1,0,false_positive,1
140,//akc0ss-n086/NMML_Polar_Imagery_4/Surveys_IceSeals_2025/fl223/images_30deg_N68RF/center_view/ice_seals_2025_fl223_C_20250514_000153.553107_rgb.jpg,4858,10239.4,2514.3,10495.4,2691.6,1,0,false_positive,1
141,//akc0ss-n086/NMML_Polar_Imagery_4/Surveys_IceSeals_2025/fl223/images_30deg_N68RF/center_view/ice_seals_2025_fl223_C_20250514_000158.898602_rgb.jpg,4863,5662.77,9622.4,5866.41,9904.23,1,0,off_frame,1
142,//akc0ss-n086/NMML_Polar_Imagery_4/Surveys_IceSeals_2025/fl223/images_30deg_N68RF/center_view/ice_seals_2025_fl223_C_20250514_000203.170288_rgb.jpg,4867,11985.5,5779.6,12094.5,6055.74,1,0,false_positive,1
143,//akc0ss-n086/NMML_Polar_Imagery_4/Surveys_IceSeals_2025/fl223/images_30deg_N68RF/center_view/ice_seals_2025_fl223_C_20250514_000212.804326_rgb.jpg,4876,5288.47,925.936,5508.32,1117.35,1,0,false_positive,1
144,//akc0ss-n086/NMML_Polar_Imagery_4/Surveys_IceSeals_2025/fl223/images_30deg_N68RF/center_view/ice_seals_2025_fl223_C_20250514_000212.804326_rgb.jpg,4876,5466.82,822.35,5627.97,951.438,1,0,false_positive,1
145,//akc0ss-n086/NMML_Polar_Imagery_4/Surveys_IceSeals_2025/fl223/images_30deg_N68RF/center_view/ice_seals_2025_fl223_C_20250514_000312.689763_rgb.jpg,4932,5864.48,1083.35,6053,1335.36,1,0,false_positive,1
146,//akc0ss-n086/NMML_Polar_Imagery_4/Surveys_IceSeals_2025/fl223/images_30deg_N68RF/center_view/ice_seals_2025_fl223_C_20250514_000328.691665_rgb.jpg,4947,1634,4240.58,1826.85,4426.23,1,0,false_positive,1
147,//akc0ss-n086/NMML_Polar_Imagery_4/Surveys_IceSeals_2025/fl223/images_30deg_N68RF/center_view/ice_seals_2025_fl223_C_20250514_000359.641200_rgb.jpg,4976,4897.97,1054.63,5105.27,1250.88,1,0,false_positive,1
148,//akc0ss-n086/NMML_Polar_Imagery_4/Surveys_IceSeals_2025/fl223/images_30deg_N68RF/center_view/ice_seals_2025_fl223_C_20250514_000401.777132_rgb.jpg,4978,10029.2,1498.97,10217,1673.25,1,0,false_positive,1
149,//akc0ss-n086/NMML_Polar_Imagery_4/Surveys_IceSeals_2025/fl223/images_30deg_N68RF/center_view/ice_seals_2025_fl223_C_20250514_000403.912962_rgb.jpg,4980,478.541,1523.15,659.369,1685.72,1,0,false_positive,1
150,//akc0ss-n086/NMML_Polar_Imagery_4/Surveys_IceSeals_2025/fl223/images_30deg_N68RF/center_view/ice_seals_2025_fl223_C_20250514_000404.981230_rgb.jpg,4981,720.841,6525.44,971.941,6716.43,1,0,false_positive,1
151,//akc0ss-n086/NMML_Polar_Imagery_4/Surveys_IceSeals_2025/fl223/images_30deg_N68RF/center_view/ice_seals_2025_fl223_C_20250514_000407.118504_rgb.jpg,4983,9796.28,4358.43,9955.53,4573.43,1,0,false_positive,1
152,//akc0ss-n086/NMML_Polar_Imagery_4/Surveys_IceSeals_2025/fl223/images_30deg_N68RF/center_view/ice_seals_2025_fl223_C_20250514_000407.118504_rgb.jpg,4983,7205.87,2795.98,7362.13,3002.46,1,0,false_positive,1
153,//akc0ss-n086/NMML_Polar_Imagery_4/Surveys_IceSeals_2025/fl223/images_30deg_N68RF/center_view/ice_seals_2025_fl223_C_20250514_000439.207227_rgb.jpg,5013,6368.66,4877.37,6565.29,5051.33,1,0,false_positive,1
154,//akc0ss-n086/NMML_Polar_Imagery_4/Surveys_IceSeals_2025/fl223/images_30deg_N68RF/center_view/ice_seals_2025_fl223_C_20250514_000442.415107_rgb.jpg,5016,591.711,5928.04,778.851,6128.81,1,0,false_positive,1
155,//akc0ss-n086/NMML_Polar_Imagery_4/Surveys_IceSeals_2025/fl223/images_30deg_N68RF/center_view/ice_seals_2025_fl223_C_20250514_000519.830358_rgb.jpg,5051,4939.46,4861.63,5061.97,4995.61,1,0,animal,1
156,//akc0ss-n086/NMML_Polar_Imagery_4/Surveys_IceSeals_2025/fl223/images_30deg_N68RF/center_view/ice_seals_2025_fl223_C_20250514_000519.830358_rgb.jpg,5051,7493.95,5555.59,7595.46,5687.47,1,0,animal,1
157,//akc0ss-n086/NMML_Polar_Imagery_4/Surveys_IceSeals_2025/fl223/images_30deg_N68RF/center_view/ice_seals_2025_fl223_C_20250514_000526.252579_rgb.jpg,5057,7383.39,845.379,7529.23,1091.39,1,0,animal,1
158,//akc0ss-n086/NMML_Polar_Imagery_4/Surveys_IceSeals_2025/fl223/images_30deg_N68RF/center_view/ice_seals_2025_fl223_C_20250514_000527.321604_rgb.jpg,5058,7597.86,9970.46,7786.45,10243,1,0,off_frame,1
159,//akc0ss-n086/NMML_Polar_Imagery_4/Surveys_IceSeals_2025/fl223/images_30deg_N68RF/center_view/ice_seals_2025_fl223_C_20250514_000528.390590_rgb.jpg,5059,5439.8,7646.97,5598.47,7856.3,1,0,false_positive,1
160,//akc0ss-n086/NMML_Polar_Imagery_4/Surveys_IceSeals_2025/fl223/images_30deg_N68RF/center_view/ice_seals_2025_fl223_C_20250514_000528.390590_rgb.jpg,5059,5294.24,7834.5,5494.28,7983.32,1,0,false_positive,1
161,//akc0ss-n086/NMML_Polar_Imagery_4/Surveys_IceSeals_2025/fl223/images_30deg_N68RF/center_view/ice_seals_2025_fl223_C_20250514_000528.390590_rgb.jpg,5059,5180.85,7678.08,5391.93,7849.52,1,0,false_positive,1
162,//akc0ss-n086/NMML_Polar_Imagery_4/Surveys_IceSeals_2025/fl223/images_30deg_N68RF/center_view/ice_seals_2025_fl223_C_20250514_000528.390590_rgb.jpg,5059,5155.69,7696.01,5352.93,7863.75,1,0,false_positive,1
163,//akc0ss-n086/NMML_Polar_Imagery_4/Surveys_IceSeals_2025/fl223/images_30deg_N68RF/center_view/ice_seals_2025_fl223_C_20250514_000528.390590_rgb.jpg,5059,5337.65,7821.39,5538.78,7972.36,1,0,false_positive,1
164,//akc0ss-n086/NMML_Polar_Imagery_4/Surveys_IceSeals_2025/fl223/images_30deg_N68RF/center_view/ice_seals_2025_fl223_C_20250514_000532.677661_rgb.jpg,5063,4188.53,5519.32,4402.53,5751.38,1,0,false_positive,1
165,//akc0ss-n086/NMML_Polar_Imagery_4/Surveys_IceSeals_2025/fl223/images_30deg_N68RF/center_view/ice_seals_2025_fl223_C_20250514_000541.254234_rgb.jpg,5071,9307.89,7958.34,9518.23,8132.24,1,0,false_positive,1
166,//akc0ss-n086/NMML_Polar_Imagery_4/Surveys_IceSeals_2025/fl223/images_30deg_N68RF/center_view/ice_seals_2025_fl223_C_20250514_000542.326220_rgb.jpg,5072,700.958,4081.89,893.083,4270.6,1,0,false_positive,1
167,//akc0ss-n086/NMML_Polar_Imagery_4/Surveys_IceSeals_2025/fl223/images_30deg_N68RF/center_view/ice_seals_2025_fl223_C_20250514_000600.516813_rgb.jpg,5089,9848.86,1175.81,10058.7,1404.89,1,0,false_positive,1
168,//akc0ss-n086/NMML_Polar_Imagery_4/Surveys_IceSeals_2025/fl223/images_30deg_N68RF/center_view/ice_seals_2025_fl223_C_20250514_000601.585944_rgb.jpg,5090,10082.9,10241.9,10311.8,10465.6,1,0,off_frame,1
169,//akc0ss-n086/NMML_Polar_Imagery_4/Surveys_IceSeals_2025/fl223/images_30deg_N68RF/center_view/ice_seals_2025_fl223_C_20250514_000626.288516_rgb.jpg,5113,226.097,8670.95,428.364,8863.13,1,0,false_positive,1
170,//akc0ss-n086/NMML_Polar_Imagery_4/Surveys_IceSeals_2025/fl223/images_30deg_N68RF/center_view/ice_seals_2025_fl223_C_20250514_000627.380182_rgb.jpg,5114,8519.24,4022.48,8660.09,4142.5,1,0,animal,1
171,//akc0ss-n086/NMML_Polar_Imagery_4/Surveys_IceSeals_2025/fl223/images_30deg_N68RF/center_view/ice_seals_2025_fl223_C_20250514_000707.213471_rgb.jpg,5150,11867.6,4914.98,12060.5,5123.36,1,0,false_positive,1
172,//akc0ss-n086/NMML_Polar_Imagery_4/Surveys_IceSeals_2025/fl223/images_30deg_N68RF/center_view/ice_seals_2025_fl223_C_20250514_000708.318059_rgb.jpg,5151,11921.1,5928.52,12089.8,6100.74,1,0,false_positive,1
173,//akc0ss-n086/NMML_Polar_Imagery_4/Surveys_IceSeals_2025/fl223/images_30deg_N68RF/center_view/ice_seals_2025_fl223_C_20250514_000724.882184_rgb.jpg,5166,11397.8,5044.94,11616.4,5264.7,1,0,false_positive,1
174,//akc0ss-n086/NMML_Polar_Imagery_4/Surveys_IceSeals_2025/fl223/images_30deg_N68RF/center_view/ice_seals_2025_fl223_C_20250514_000727.092617_rgb.jpg,5168,7781.29,3956.79,7940.08,4153.95,1,0,false_positive,1
175,//akc0ss-n086/NMML_Polar_Imagery_4/Surveys_IceSeals_2025/fl223/images_30deg_N68RF/center_view/ice_seals_2025_fl223_C_20250514_000727.092617_rgb.jpg,5168,7212.91,3463.36,7405.95,3734.52,1,0,false_positive,1
176,//akc0ss-n086/NMML_Polar_Imagery_4/Surveys_IceSeals_2025/fl223/images_30deg_N68RF/center_view/ice_seals_2025_fl223_C_20250514_000755.805438_rgb.jpg,5194,11340.3,901.842,11449.8,1039.28,1,0,animal,1
177,//akc0ss-n086/NMML_Polar_Imagery_4/Surveys_IceSeals_2025/fl223/images_30deg_N68RF/center_view/ice_seals_2025_fl223_C_20250514_000756.912447_rgb.jpg,5195,11324.9,10012.8,11499.8,10186.4,1,0,off_frame,1
178,//akc0ss-n086/NMML_Polar_Imagery_4/Surveys_IceSeals_2025/fl223/images_30deg_N68RF/center_view/ice_seals_2025_fl223_C_20250514_000802.443144_rgb.jpg,5200,10405,1541.01,10547.1,1707.9,1,0,false_positive,1
179,//akc0ss-n086/NMML_Polar_Imagery_4/Surveys_IceSeals_2025/fl223/images_30deg_N68RF/center_view/ice_seals_2025_fl223_C_20250514_000807.969314_rgb.jpg,5205,2080.44,6651.37,2278.08,6837.85,1,0,false_positive,1
180,//akc0ss-n086/NMML_Polar_Imagery_4/Surveys_IceSeals_2025/fl223/images_30deg_N68RF/center_view/ice_seals_2025_fl223_C_20250514_000816.819890_rgb.jpg,5213,10948.5,928.792,11105.5,1029.4,1,0,animal,1
181,//akc0ss-n086/NMML_Polar_Imagery_4/Surveys_IceSeals_2025/fl223/images_30deg_N68RF/center_view/ice_seals_2025_fl223_C_20250514_000816.819890_rgb.jpg,5213,10759.2,895.584,10886.2,999.412,1,0,animal,1
182,//akc0ss-n086/NMML_Polar_Imagery_4/Surveys_IceSeals_2025/fl223/images_30deg_N68RF/center_view/ice_seals_2025_fl223_C_20250514_000816.819890_rgb.jpg,5213,10990.2,773.925,11116,921.161,1,0,animal,1
183,//akc0ss-n086/NMML_Polar_Imagery_4/Surveys_IceSeals_2025/fl223/images_30deg_N68RF/center_view/ice_seals_2025_fl223_C_20250514_000817.926021_rgb.jpg,5214,10828.2,10001,11024.8,10159.8,1,0,off_frame,1
184,//akc0ss-n086/NMML_Polar_Imagery_4/Surveys_IceSeals_2025/fl223/images_30deg_N68RF/center_view/ice_seals_2025_fl223_C_20250514_000817.926021_rgb.jpg,5214,10634.5,9964.53,10823.5,10134.4,1,0,off_frame,1
185,//akc0ss-n086/NMML_Polar_Imagery_4/Surveys_IceSeals_2025/fl223/images_30deg_N68RF/center_view/ice_seals_2025_fl223_C_20250514_000817.926021_rgb.jpg,5214,10859.1,9854.38,11046.2,10037.3,1,0,off_frame,1
186,//akc0ss-n086/NMML_Polar_Imagery_4/Surveys_IceSeals_2025/fl223/images_30deg_N68RF/center_view/ice_seals_2025_fl223_C_20250514_000908.812299_rgb.jpg,5260,940.271,8749.75,1174.4,8942.9,1,0,false_positive,1
187,//akc0ss-n086/NMML_Polar_Imagery_4/Surveys_IceSeals_2025/fl223/images_30deg_N68RF/center_view/ice_seals_2025_fl223_C_20250514_000935.355201_rgb.jpg,5284,1445.48,4741.63,1609.99,4929.8,1,0,false_positive,1
188,//akc0ss-n086/NMML_Polar_Imagery_4/Surveys_IceSeals_2025/fl223/images_30deg_N68RF/center_view/ice_seals_2025_fl223_C_20250514_000950.820204_rgb.jpg,5298,11592.8,2550.07,11699.3,2684.74,1,0,animal,1
189,//akc0ss-n086/NMML_Polar_Imagery_4/Surveys_IceSeals_2025/fl223/images_30deg_N68RF/center_view/ice_seals_2025_fl223_C_20250514_000955.241770_rgb.jpg,5302,7758.78,7945.11,7949.91,8140.03,1,0,false_positive,1
190,//akc0ss-n086/NMML_Polar_Imagery_4/Surveys_IceSeals_2025/fl223/images_30deg_N68RF/center_view/ice_seals_2025_fl223_C_20250514_001009.612401_rgb.jpg,5315,5974.18,885.735,6153.6,1067.29,1,0,false_positive,1
191,//akc0ss-n086/NMML_Polar_Imagery_4/Surveys_IceSeals_2025/fl223/images_30deg_N68RF/center_view/ice_seals_2025_fl223_C_20250514_001010.718306_rgb.jpg,5316,5906.09,10025.5,6078.62,10183.3,1,0,off_frame,1
192,//akc0ss-n086/NMML_Polar_Imagery_4/Surveys_IceSeals_2025/fl223/images_30deg_N68RF/center_view/ice_seals_2025_fl223_C_20250514_001018.463737_rgb.jpg,5323,3691.07,2635.03,3945.27,2852.02,1,0,false_positive,1
193,//akc0ss-n086/NMML_Polar_Imagery_4/Surveys_IceSeals_2025/fl223/images_30deg_N68RF/center_view/ice_seals_2025_fl223_C_20250514_001029.538965_rgb.jpg,5333,8870.28,6972.71,9066.14,7144.1,1,0,false_positive,1
194,//akc0ss-n086/NMML_Polar_Imagery_4/Surveys_IceSeals_2025/fl223/images_30deg_N68RF/center_view/ice_seals_2025_fl223_C_20250514_001048.363502_rgb.jpg,5350,7779.91,2896.43,7994.76,3064.04,1,0,false_positive,1
195,//akc0ss-n086/NMML_Polar_Imagery_4/Surveys_IceSeals_2025/fl223/images_30deg_N68RF/center_view/ice_seals_2025_fl223_C_20250514_001049.469991_rgb.jpg,5351,10415,8928.16,10695.3,9154.47,1,0,false_positive,1
196,//akc0ss-n086/NMML_Polar_Imagery_4/Surveys_IceSeals_2025/fl223/images_30deg_N68RF/center_view/ice_seals_2025_fl223_C_20250514_001050.576236_rgb.jpg,5352,1299.16,8285.98,1495.89,8518.69,1,0,false_positive,1
197,//akc0ss-n086/NMML_Polar_Imagery_4/Surveys_IceSeals_2025/fl223/images_30deg_N68RF/center_view/ice_seals_2025_fl223_C_20250514_001102.748114_rgb.jpg,5363,6797.06,6123.95,6998.9,6333.2,1,0,false_positive,1
198,//akc0ss-n086/NMML_Polar_Imagery_4/Surveys_IceSeals_2025/fl223/images_30deg_N68RF/center_view/ice_seals_2025_fl223_C_20250514_001106.063177_rgb.jpg,5366,8798.26,7751.98,8945.5,7869.01,1,0,animal,1
199,//akc0ss-n086/NMML_Polar_Imagery_4/Surveys_IceSeals_2025/fl223/images_30deg_N68RF/center_view/ice_seals_2025_fl223_C_20250514_001108.272748_rgb.jpg,5368,8903.06,6974.18,9049.6,7218.82,1,0,animal,1
200,//akc0ss-n086/NMML_Polar_Imagery_4/Surveys_IceSeals_2025/fl223/images_30deg_N68RF/center_view/ice_seals_2025_fl223_C_20250514_001117.108942_rgb.jpg,5376,6707.85,5377.95,6944.29,5562.55,1,0,false_positive,1
201,//akc0ss-n086/NMML_Polar_Imagery_4/Surveys_IceSeals_2025/fl223/images_30deg_N68RF/center_view/ice_seals_2025_fl223_C_20250514_001118.213232_rgb.jpg,5377,1329.83,6237.93,1523.24,6433.71,1,0,false_positive,1
202,//akc0ss-n086/NMML_Polar_Imagery_4/Surveys_IceSeals_2025/fl223/images_30deg_N68RF/center_view/ice_seals_2025_fl223_C_20250514_001119.317557_rgb.jpg,5378,10023.1,2567.57,10325,2768,1,0,false_positive,1
203,//akc0ss-n086/NMML_Polar_Imagery_4/Surveys_IceSeals_2025/fl223/images_30deg_N68RF/center_view/ice_seals_2025_fl223_C_20250514_001119.317557_rgb.jpg,5378,1753.51,7052.19,1981.28,7217.85,1,0,false_positive,1
204,//akc0ss-n086/NMML_Polar_Imagery_4/Surveys_IceSeals_2025/fl223/images_30deg_N68RF/center_view/ice_seals_2025_fl223_C_20250514_001125.943758_rgb.jpg,5384,11805.6,9656.91,12045.3,9820.08,1,0,off_frame,1
205,//akc0ss-n086/NMML_Polar_Imagery_4/Surveys_IceSeals_2025/fl223/images_30deg_N68RF/center_view/ice_seals_2025_fl223_C_20250514_001129.259001_rgb.jpg,5387,4505.62,1010.79,4697.61,1196.21,1,0,false_positive,1
206,//akc0ss-n086/NMML_Polar_Imagery_4/Surveys_IceSeals_2025/fl223/images_30deg_N68RF/center_view/ice_seals_2025_fl223_C_20250514_001136.948528_rgb.jpg,5394,9823.21,2419.17,10057.2,2624.82,1,0,false_positive,1
207,//akc0ss-n086/NMML_Polar_Imagery_4/Surveys_IceSeals_2025/fl223/images_30deg_N68RF/center_view/ice_seals_2025_fl223_C_20250514_001141.347117_rgb.jpg,5398,-59.237,7467.66,107.978,7682.36,1,0,false_positive,1
208,//akc0ss-n086/NMML_Polar_Imagery_4/Surveys_IceSeals_2025/fl223/images_30deg_N68RF/center_view/ice_seals_2025_fl223_C_20250514_001141.347117_rgb.jpg,5398,734.285,3854.66,975.117,4073.32,1,0,false_positive,1
209,//akc0ss-n086/NMML_Polar_Imagery_4/Surveys_IceSeals_2025/fl223/images_30deg_N68RF/center_view/ice_seals_2025_fl223_C_20250514_001145.743925_rgb.jpg,5402,1868.08,1293.55,2068.34,1549.98,1,0,false_positive,1
210,//akc0ss-n086/NMML_Polar_Imagery_4/Surveys_IceSeals_2025/fl223/images_30deg_N68RF/center_view/ice_seals_2025_fl223_C_20250514_001145.743925_rgb.jpg,5402,1480.64,9681.55,1729.59,9915.26,1,0,off_frame,1
211,//akc0ss-n086/NMML_Polar_Imagery_4/Surveys_IceSeals_2025/fl223/images_30deg_N68RF/center_view/ice_seals_2025_fl223_C_20250514_001146.841232_rgb.jpg,5403,-19.7309,9982.5,141.72,10237.8,1,0,off_frame,1
212,//akc0ss-n086/NMML_Polar_Imagery_4/Surveys_IceSeals_2025/fl223/images_30deg_N68RF/center_view/ice_seals_2025_fl223_C_20250514_001147.943200_rgb.jpg,5404,3841.97,4418.12,4038.33,4618.79,1,0,false_positive,1
213,//akc0ss-n086/NMML_Polar_Imagery_4/Surveys_IceSeals_2025/fl223/images_30deg_N68RF/center_view/ice_seals_2025_fl223_C_20250514_001147.943200_rgb.jpg,5404,4347.7,3335.71,4543.22,3546.83,1,0,false_positive,1
214,//akc0ss-n086/NMML_Polar_Imagery_4/Surveys_IceSeals_2025/fl223/images_30deg_N68RF/center_view/ice_seals_2025_fl223_C_20250514_001149.040326_rgb.jpg,5405,5634.12,1480.79,5819.94,1692.29,1,0,false_positive,1
215,//akc0ss-n086/NMML_Polar_Imagery_4/Surveys_IceSeals_2025/fl223/images_30deg_N68RF/center_view/ice_seals_2025_fl223_C_20250514_001150.136733_rgb.jpg,5406,8721.24,7551.91,8957.05,7739.83,1,0,false_positive,1
216,//akc0ss-n086/NMML_Polar_Imagery_4/Surveys_IceSeals_2025/fl223/images_30deg_N68RF/center_view/ice_seals_2025_fl223_C_20250514_001152.327886_rgb.jpg,5408,1993.62,8369.31,2155.47,8627.31,1,0,animal,1
217,//akc0ss-n086/NMML_Polar_Imagery_4/Surveys_IceSeals_2025/fl223/images_30deg_N68RF/center_view/ice_seals_2025_fl223_C_20250514_001156.691556_rgb.jpg,5412,3905.24,847.476,4070.79,968.561,1,0,false_positive,1
218,//akc0ss-n086/NMML_Polar_Imagery_4/Surveys_IceSeals_2025/fl223/images_30deg_N68RF/center_view/ice_seals_2025_fl223_C_20250514_001157.780600_rgb.jpg,5413,3575.77,9858.97,3766.7,10098.6,1,0,off_frame,1
219,//akc0ss-n086/NMML_Polar_Imagery_4/Surveys_IceSeals_2025/fl223/images_30deg_N68RF/center_view/ice_seals_2025_fl223_C_20250514_001157.780600_rgb.jpg,5413,9250.95,3949.65,9439.89,4112.41,1,0,false_positive,1
220,//akc0ss-n086/NMML_Polar_Imagery_4/Surveys_IceSeals_2025/fl223/images_30deg_N68RF/center_view/ice_seals_2025_fl223_C_20250514_001159.956832_rgb.jpg,5415,3844.74,6374.27,4032.34,6597.23,1,0,false_positive,1
221,//akc0ss-n086/NMML_Polar_Imagery_4/Surveys_IceSeals_2025/fl223/images_30deg_N68RF/center_view/ice_seals_2025_fl223_C_20250514_001205.387427_rgb.jpg,5420,5691.59,4919.35,5933.94,5131.15,1,0,false_positive,1
222,//akc0ss-n086/NMML_Polar_Imagery_4/Surveys_IceSeals_2025/fl223/images_30deg_N68RF/center_view/ice_seals_2025_fl223_C_20250514_001205.387427_rgb.jpg,5420,4319.35,9453.5,4525.4,9807.58,1,0,off_frame,1
223,//akc0ss-n086/NMML_Polar_Imagery_4/Surveys_IceSeals_2025/fl223/images_30deg_N68RF/center_view/ice_seals_2025_fl223_C_20250514_001212.969578_rgb.jpg,5427,7171.52,3746.09,7365.3,4021.57,1,0,false_positive,1
224,//akc0ss-n086/NMML_Polar_Imagery_4/Surveys_IceSeals_2025/fl223/images_30deg_N68RF/center_view/ice_seals_2025_fl223_C_20250514_001212.969578_rgb.jpg,5427,6890.44,3917.89,7074.81,4185.38,1,0,false_positive,1
225,//akc0ss-n086/NMML_Polar_Imagery_4/Surveys_IceSeals_2025/fl223/images_30deg_N68RF/center_view/ice_seals_2025_fl223_C_20250514_001216.214535_rgb.jpg,5430,3895.75,5697.12,4075.59,5879.82,1,0,false_positive,1
226,//akc0ss-n086/NMML_Polar_Imagery_4/Surveys_IceSeals_2025/fl223/images_30deg_N68RF/center_view/ice_seals_2025_fl223_C_20250514_001216.214535_rgb.jpg,5430,2007.27,8144.18,2244.08,8322.04,1,0,false_positive,1
227,//akc0ss-n086/NMML_Polar_Imagery_4/Surveys_IceSeals_2025/fl223/images_30deg_N68RF/center_view/ice_seals_2025_fl223_C_20250514_001217.295202_rgb.jpg,5431,10764.8,1089.07,10964.2,1333.58,1,0,false_positive,1
228,//akc0ss-n086/NMML_Polar_Imagery_4/Surveys_IceSeals_2025/fl223/images_30deg_N68RF/center_view/ice_seals_2025_fl223_C_20250514_001218.374891_rgb.jpg,5432,6924.83,2915.76,7134.28,3120.54,1,0,false_positive,1
229,//akc0ss-n086/NMML_Polar_Imagery_4/Surveys_IceSeals_2025/fl223/images_30deg_N68RF/center_view/ice_seals_2025_fl223_C_20250514_001219.453716_rgb.jpg,5433,7468.89,2204.09,7664.32,2444.3,1,0,false_positive,1
230,//akc0ss-n086/NMML_Polar_Imagery_4/Surveys_IceSeals_2025/fl223/images_30deg_N68RF/center_view/ice_seals_2025_fl223_C_20250514_001221.609153_rgb.jpg,5435,10491.6,2421.36,10685.1,2753.03,1,0,false_positive,1
231,//akc0ss-n086/NMML_Polar_Imagery_4/Surveys_IceSeals_2025/fl223/images_30deg_N68RF/center_view/ice_seals_2025_fl223_C_20250514_001221.609153_rgb.jpg,5435,906.007,2512.97,1138.49,2703.05,1,0,false_positive,1
232,//akc0ss-n086/NMML_Polar_Imagery_4/Surveys_IceSeals_2025/fl223/images_30deg_N68RF/center_view/ice_seals_2025_fl223_C_20250514_001224.839492_rgb.jpg,5438,1708.81,6188.35,1947.09,6415.86,1,0,false_positive,1
233,//akc0ss-n086/NMML_Polar_Imagery_4/Surveys_IceSeals_2025/fl223/images_30deg_N68RF/center_view/ice_seals_2025_fl223_C_20250514_001224.839492_rgb.jpg,5438,1682.07,6173.47,1977.39,6456.08,1,0,false_positive,1
234,//akc0ss-n086/NMML_Polar_Imagery_4/Surveys_IceSeals_2025/fl223/images_30deg_N68RF/center_view/ice_seals_2025_fl223_C_20250514_001225.916879_rgb.jpg,5439,10582.8,2421.61,10811.4,2641.47,1,0,false_positive,1
235,//akc0ss-n086/NMML_Polar_Imagery_4/Surveys_IceSeals_2025/fl223/images_30deg_N68RF/center_view/ice_seals_2025_fl223_C_20250514_001229.149138_rgb.jpg,5442,4743.64,3047.41,4973.99,3306.68,1,0,false_positive,1
236,//akc0ss-n086/NMML_Polar_Imagery_4/Surveys_IceSeals_2025/fl223/images_30deg_N68RF/center_view/ice_seals_2025_fl223_C_20250514_001230.225486_rgb.jpg,5443,9414.1,1545.75,9631.47,1769.44,1,0,false_positive,1
237,//akc0ss-n086/NMML_Polar_Imagery_4/Surveys_IceSeals_2025/fl223/images_30deg_N68RF/center_view/ice_seals_2025_fl223_C_20250514_001232.376220_rgb.jpg,5445,8100.92,7455.13,8312.98,7630.87,1,0,false_positive,1
238,//akc0ss-n086/NMML_Polar_Imagery_4/Surveys_IceSeals_2025/fl223/images_30deg_N68RF/center_view/ice_seals_2025_fl223_C_20250514_001232.376220_rgb.jpg,5445,8160.36,7570.43,8360.1,7765.93,1,0,false_positive,1
239,//akc0ss-n086/NMML_Polar_Imagery_4/Surveys_IceSeals_2025/fl223/images_30deg_N68RF/center_view/ice_seals_2025_fl223_C_20250514_001232.376220_rgb.jpg,5445,4351.87,966.569,4548.87,1165.27,1,0,false_positive,1
240,//akc0ss-n086/NMML_Polar_Imagery_4/Surveys_IceSeals_2025/fl223/images_30deg_N68RF/center_view/ice_seals_2025_fl223_C_20250514_001234.524010_rgb.jpg,5447,7167.62,1625.68,7408.79,1860.36,1,0,false_positive,1
241,//akc0ss-n086/NMML_Polar_Imagery_4/Surveys_IceSeals_2025/fl223/images_30deg_N68RF/center_view/ice_seals_2025_fl223_C_20250514_001235.597017_rgb.jpg,5448,7772.46,3366.87,7963.24,3565.61,1,0,false_positive,1
242,//akc0ss-n086/NMML_Polar_Imagery_4/Surveys_IceSeals_2025/fl223/images_30deg_N68RF/center_view/ice_seals_2025_fl223_C_20250514_001236.669368_rgb.jpg,5449,208.63,8681.16,419.181,8894.66,1,0,false_positive,1
243,//akc0ss-n086/NMML_Polar_Imagery_4/Surveys_IceSeals_2025/fl223/images_30deg_N68RF/center_view/ice_seals_2025_fl223_C_20250514_001237.741035_rgb.jpg,5450,10210.3,8852.85,10410,9065.51,1,0,false_positive,1
244,//akc0ss-n086/NMML_Polar_Imagery_4/Surveys_IceSeals_2025/fl223/images_30deg_N68RF/center_view/ice_seals_2025_fl223_C_20250514_001238.812458_rgb.jpg,5451,6501.99,2257.86,6712.03,2505.47,1,0,false_positive,1
245,//akc0ss-n086/NMML_Polar_Imagery_4/Surveys_IceSeals_2025/fl223/images_30deg_N68RF/center_view/ice_seals_2025_fl223_C_20250514_001240.954895_rgb.jpg,5453,414.008,5110.89,623.658,5366.82,1,0,false_positive,1
246,//akc0ss-n086/NMML_Polar_Imagery_4/Surveys_IceSeals_2025/fl223/images_30deg_N68RF/center_view/ice_seals_2025_fl223_C_20250514_001243.097107_rgb.jpg,5455,2577.25,5724.95,2772.3,5952.26,1,0,false_positive,1
247,//akc0ss-n086/NMML_Polar_Imagery_4/Surveys_IceSeals_2025/fl223/images_30deg_N68RF/center_view/ice_seals_2025_fl223_C_20250514_001244.168134_rgb.jpg,5456,8654.44,3482.8,8849.51,3743.93,1,0,false_positive,1
248,//akc0ss-n086/NMML_Polar_Imagery_4/Surveys_IceSeals_2025/fl223/images_30deg_N68RF/center_view/ice_seals_2025_fl223_C_20250514_001246.309345_rgb.jpg,5458,7647.53,1870.92,7867.77,2106.85,1,0,false_positive,1
249,//akc0ss-n086/NMML_Polar_Imagery_4/Surveys_IceSeals_2025/fl223/images_30deg_N68RF/center_view/ice_seals_2025_fl223_C_20250514_001247.380032_rgb.jpg,5459,8888.69,7259.85,9116.36,7475.81,1,0,false_positive,1
250,//akc0ss-n086/NMML_Polar_Imagery_4/Surveys_IceSeals_2025/fl223/images_30deg_N68RF/center_view/ice_seals_2025_fl223_C_20250514_001247.380032_rgb.jpg,5459,9287.43,4305.86,9523.4,4501.26,1,0,false_positive,1
251,//akc0ss-n086/NMML_Polar_Imagery_4/Surveys_IceSeals_2025/fl223/images_30deg_N68RF/center_view/ice_seals_2025_fl223_C_20250514_001248.450081_rgb.jpg,5460,1500.95,1236.14,1709.52,1433.24,1,0,false_positive,1
252,//akc0ss-n086/NMML_Polar_Imagery_4/Surveys_IceSeals_2025/fl223/images_30deg_N68RF/center_view/ice_seals_2025_fl223_C_20250514_001250.590132_rgb.jpg,5462,2409.99,6494.84,2632.18,6730.78,1,0,false_positive,1
253,//akc0ss-n086/NMML_Polar_Imagery_4/Surveys_IceSeals_2025/fl223/images_30deg_N68RF/center_view/ice_seals_2025_fl223_C_20250514_001253.799813_rgb.jpg,5465,474.953,2567.62,697.182,2794.15,1,0,false_positive,1
254,//akc0ss-n086/NMML_Polar_Imagery_4/Surveys_IceSeals_2025/fl223/images_30deg_N68RF/center_view/ice_seals_2025_fl223_C_20250514_001255.938527_rgb.jpg,5467,2592.42,6364.69,2818.62,6568.29,1,0,false_positive,1
255,//akc0ss-n086/NMML_Polar_Imagery_4/Surveys_IceSeals_2025/fl223/images_30deg_N68RF/center_view/ice_seals_2025_fl223_C_20250514_001255.938527_rgb.jpg,5467,2573.53,6347.18,2844.61,6594.7,1,0,false_positive,1
256,//akc0ss-n086/NMML_Polar_Imagery_4/Surveys_IceSeals_2025/fl223/images_30deg_N68RF/center_view/ice_seals_2025_fl223_C_20250514_001304.495783_rgb.jpg,5475,8436.66,7384.96,8642.35,7564.16,1,0,false_positive,1
257,//akc0ss-n086/NMML_Polar_Imagery_4/Surveys_IceSeals_2025/fl223/images_30deg_N68RF/center_view/ice_seals_2025_fl223_C_20250514_001305.566665_rgb.jpg,5476,4279.73,4428.41,4514.81,4629.23,1,0,false_positive,1
258,//akc0ss-n086/NMML_Polar_Imagery_4/Surveys_IceSeals_2025/fl223/images_30deg_N68RF/center_view/ice_seals_2025_fl223_C_20250514_001305.566665_rgb.jpg,5476,4561.82,1091.94,4808.41,1346.61,1,0,false_positive,1
259,//akc0ss-n086/NMML_Polar_Imagery_4/Surveys_IceSeals_2025/fl223/images_30deg_N68RF/center_view/ice_seals_2025_fl223_C_20250514_001308.778049_rgb.jpg,5479,8400.29,7118.28,8623.64,7379.02,1,0,false_positive,1
260,//akc0ss-n086/NMML_Polar_Imagery_4/Surveys_IceSeals_2025/fl223/images_30deg_N68RF/center_view/ice_seals_2025_fl223_C_20250514_001319.461014_rgb.jpg,5489,7013.14,1213.27,7237.98,1448.66,1,0,false_positive,1
261,//akc0ss-n086/NMML_Polar_Imagery_4/Surveys_IceSeals_2025/fl223/images_30deg_N68RF/center_view/ice_seals_2025_fl223_C_20250514_001320.527319_rgb.jpg,5490,1985.38,4212.55,2208.34,4410.95,1,0,false_positive,1
262,//akc0ss-n086/NMML_Polar_Imagery_4/Surveys_IceSeals_2025/fl223/images_30deg_N68RF/center_view/ice_seals_2025_fl223_C_20250514_001320.527319_rgb.jpg,5490,6982.22,10347.8,7184.5,10527.5,1,0,off_frame,1
263,//akc0ss-n086/NMML_Polar_Imagery_4/Surveys_IceSeals_2025/fl223/images_30deg_N68RF/center_view/ice_seals_2025_fl223_C_20250514_001322.661093_rgb.jpg,5492,5840.16,3450.06,6060.84,3729.9,1,0,false_positive,1
264,//akc0ss-n086/NMML_Polar_Imagery_4/Surveys_IceSeals_2025/fl223/images_30deg_N68RF/center_view/ice_seals_2025_fl223_C_20250514_001322.661093_rgb.jpg,5492,6407.77,3190.93,6601.82,3408.34,1,0,false_positive,1
265,//akc0ss-n086/NMML_Polar_Imagery_4/Surveys_IceSeals_2025/fl223/images_30deg_N68RF/center_view/ice_seals_2025_fl223_C_20250514_001326.927741_rgb.jpg,5496,8712.49,1609.38,8920.42,1826.29,1,0,false_positive,1
266,//akc0ss-n086/NMML_Polar_Imagery_4/Surveys_IceSeals_2025/fl223/images_30deg_N68RF/center_view/ice_seals_2025_fl223_C_20250514_001326.927741_rgb.jpg,5496,8753.28,1617.7,9002.33,1839.55,1,0,false_positive,1
267,//akc0ss-n086/NMML_Polar_Imagery_4/Surveys_IceSeals_2025/fl223/images_30deg_N68RF/center_view/ice_seals_2025_fl223_C_20250514_001327.993726_rgb.jpg,5497,2597.21,2607.65,2833.31,2805.05,1,0,false_positive,1
268,//akc0ss-n086/NMML_Polar_Imagery_4/Surveys_IceSeals_2025/fl223/images_30deg_N68RF/center_view/ice_seals_2025_fl223_C_20250514_001331.192589_rgb.jpg,5500,3080.43,2543.87,3271.25,2823.12,1,0,false_positive,1
269,//akc0ss-n086/NMML_Polar_Imagery_4/Surveys_IceSeals_2025/fl223/images_30deg_N68RF/center_view/ice_seals_2025_fl223_C_20250514_001334.397408_rgb.jpg,5503,2204.1,8048.51,2422.29,8277.14,1,0,false_positive,1
270,//akc0ss-n086/NMML_Polar_Imagery_4/Surveys_IceSeals_2025/fl223/images_30deg_N68RF/center_view/ice_seals_2025_fl223_C_20250514_001340.811309_rgb.jpg,5509,10110.7,7038.18,10520.6,7283.07,1,0,false_positive,1
271,//akc0ss-n086/NMML_Polar_Imagery_4/Surveys_IceSeals_2025/fl223/images_30deg_N68RF/center_view/ice_seals_2025_fl223_C_20250514_001341.879998_rgb.jpg,5510,5443.47,5878.76,5649.13,6072.28,1,0,false_positive,1
272,//akc0ss-n086/NMML_Polar_Imagery_4/Surveys_IceSeals_2025/fl223/images_30deg_N68RF/center_view/ice_seals_2025_fl223_C_20250514_001341.879998_rgb.jpg,5510,5752.83,5667.75,5934.4,5881.8,1,0,false_positive,1
273,//akc0ss-n086/NMML_Polar_Imagery_4/Surveys_IceSeals_2025/fl223/images_30deg_N68RF/center_view/ice_seals_2025_fl223_C_20250514_001342.948962_rgb.jpg,5511,6081.98,6207.49,6295.42,6451.39,1,0,false_positive,1
274,//akc0ss-n086/NMML_Polar_Imagery_4/Surveys_IceSeals_2025/fl223/images_30deg_N68RF/center_view/ice_seals_2025_fl223_C_20250514_001350.441668_rgb.jpg,5518,6637.08,951.376,6884.58,1190.39,1,0,false_positive,1
275,//akc0ss-n086/NMML_Polar_Imagery_4/Surveys_IceSeals_2025/fl223/images_30deg_N68RF/center_view/ice_seals_2025_fl223_C_20250514_001351.513334_rgb.jpg,5519,6501.68,10123.6,6749.06,10357.9,1,0,off_frame,1
276,//akc0ss-n086/NMML_Polar_Imagery_4/Surveys_IceSeals_2025/fl223/images_30deg_N68RF/center_view/ice_seals_2025_fl223_C_20250514_001353.653774_rgb.jpg,5521,6977.18,10309.1,7203.74,10523.8,1,0,off_frame,1
277,//akc0ss-n086/NMML_Polar_Imagery_4/Surveys_IceSeals_2025/fl223/images_30deg_N68RF/center_view/ice_seals_2025_fl223_C_20250514_001354.722177_rgb.jpg,5522,3306.01,6659.64,3489.35,6872.41,1,0,false_positive,1
278,//akc0ss-n086/NMML_Polar_Imagery_4/Surveys_IceSeals_2025/fl223/images_30deg_N68RF/center_view/ice_seals_2025_fl223_C_20250514_001356.856610_rgb.jpg,5524,10352.5,6086.64,10565.2,6346.49,1,0,false_positive,1
279,//akc0ss-n086/NMML_Polar_Imagery_4/Surveys_IceSeals_2025/fl223/images_30deg_N68RF/center_view/ice_seals_2025_fl223_C_20250514_001356.856610_rgb.jpg,5524,8244.5,8614.1,8458.79,8828.2,1,0,false_positive,1
280,//akc0ss-n086/NMML_Polar_Imagery_4/Surveys_IceSeals_2025/fl223/images_30deg_N68RF/center_view/ice_seals_2025_fl223_C_20250514_001358.989504_rgb.jpg,5526,9719.24,2628.52,9909.6,2913.13,1,0,false_positive,1
281,//akc0ss-n086/NMML_Polar_Imagery_4/Surveys_IceSeals_2025/fl223/images_30deg_N68RF/center_view/ice_seals_2025_fl223_C_20250514_001358.989504_rgb.jpg,5526,8895.36,7311.19,9121.47,7616.6,1,0,false_positive,1
282,//akc0ss-n086/NMML_Polar_Imagery_4/Surveys_IceSeals_2025/fl223/images_30deg_N68RF/center_view/ice_seals_2025_fl223_C_20250514_001400.056608_rgb.jpg,5527,2141.47,3509.67,2363.92,3757.42,1,0,false_positive,1
283,//akc0ss-n086/NMML_Polar_Imagery_4/Surveys_IceSeals_2025/fl223/images_30deg_N68RF/center_view/ice_seals_2025_fl223_C_20250514_001401.124455_rgb.jpg,5528,2177.01,8145.93,2418.4,8403.06,1,0,false_positive,1
284,//akc0ss-n086/NMML_Polar_Imagery_4/Surveys_IceSeals_2025/fl223/images_30deg_N68RF/center_view/ice_seals_2025_fl223_C_20250514_001406.462250_rgb.jpg,5533,3378.3,6296.2,3601.37,6524.16,1,0,false_positive,1
285,//akc0ss-n086/NMML_Polar_Imagery_4/Surveys_IceSeals_2025/fl223/images_30deg_N68RF/center_view/ice_seals_2025_fl223_C_20250514_001407.529897_rgb.jpg,5534,8163.35,1576.02,8406.04,1816.33,1,0,false_positive,1
286,//akc0ss-n086/NMML_Polar_Imagery_4/Surveys_IceSeals_2025/fl223/images_30deg_N68RF/center_view/ice_seals_2025_fl223_C_20250514_001408.597606_rgb.jpg,5535,5405.82,6081.52,5588.94,6263.93,1,0,false_positive,1
287,//akc0ss-n086/NMML_Polar_Imagery_4/Surveys_IceSeals_2025/fl223/images_30deg_N68RF/center_view/ice_seals_2025_fl223_C_20250514_001409.665435_rgb.jpg,5536,9891.65,767.164,10122,1025.7,1,0,false_positive,1
288,//akc0ss-n086/NMML_Polar_Imagery_4/Surveys_IceSeals_2025/fl223/images_30deg_N68RF/center_view/ice_seals_2025_fl223_C_20250514_001409.665435_rgb.jpg,5536,10901.6,1969.5,11124.5,2287.34,1,0,false_positive,1
289,//akc0ss-n086/NMML_Polar_Imagery_4/Surveys_IceSeals_2025/fl223/images_30deg_N68RF/center_view/ice_seals_2025_fl223_C_20250514_001410.734038_rgb.jpg,5537,9738.13,9827.93,9947.66,10135.1,1,0,off_frame,1
290,//akc0ss-n086/NMML_Polar_Imagery_4/Surveys_IceSeals_2025/fl223/images_30deg_N68RF/center_view/ice_seals_2025_fl223_C_20250514_001410.734038_rgb.jpg,5537,11192.8,6601.17,11416.9,6827.16,1,0,false_positive,1
291,//akc0ss-n086/NMML_Polar_Imagery_4/Surveys_IceSeals_2025/fl223/images_30deg_N68RF/center_view/ice_seals_2025_fl223_C_20250514_001412.870249_rgb.jpg,5539,9918.72,2860.86,10118.7,3104.17,1,0,false_positive,1
292,//akc0ss-n086/NMML_Polar_Imagery_4/Surveys_IceSeals_2025/fl223/images_30deg_N68RF/center_view/ice_seals_2025_fl223_C_20250514_001412.870249_rgb.jpg,5539,2662.76,867.98,2880.87,1023.65,1,0,false_positive,1
293,//akc0ss-n086/NMML_Polar_Imagery_4/Surveys_IceSeals_2025/fl223/images_30deg_N68RF/center_view/ice_seals_2025_fl223_C_20250514_001413.937297_rgb.jpg,5540,10142.9,8188.13,10364.3,8483.09,1,0,false_positive,1
294,//akc0ss-n086/NMML_Polar_Imagery_4/Surveys_IceSeals_2025/fl223/images_30deg_N68RF/center_view/ice_seals_2025_fl223_C_20250514_001415.004406_rgb.jpg,5541,10304.5,6421.61,10510.5,6662.16,1,0,false_positive,1
295,//akc0ss-n086/NMML_Polar_Imagery_4/Surveys_IceSeals_2025/fl223/images_30deg_N68RF/center_view/ice_seals_2025_fl223_C_20250514_001416.071491_rgb.jpg,5542,2483.73,7842.81,2691.91,8142.04,1,0,false_positive,1
296,//akc0ss-n086/NMML_Polar_Imagery_4/Surveys_IceSeals_2025/fl223/images_30deg_N68RF/center_view/ice_seals_2025_fl223_C_20250514_001416.071491_rgb.jpg,5542,4238.35,8673.01,4520.15,8918.5,1,0,false_positive,1
297,//akc0ss-n086/NMML_Polar_Imagery_4/Surveys_IceSeals_2025/fl223/images_30deg_N68RF/center_view/ice_seals_2025_fl223_C_20250514_001419.272850_rgb.jpg,5545,10502.7,740.588,10712.9,966.5,1,0,false_positive,1
298,//akc0ss-n086/NMML_Polar_Imagery_4/Surveys_IceSeals_2025/fl223/images_30deg_N68RF/center_view/ice_seals_2025_fl223_C_20250514_001427.799444_rgb.jpg,5553,-115.949,4430.69,19.3033,4660.66,1,0,off_frame,1
299,//akc0ss-n086/NMML_Polar_Imagery_4/Surveys_IceSeals_2025/fl223/images_30deg_N68RF/center_view/ice_seals_2025_fl223_C_20250514_001429.931641_rgb.jpg,5555,8285.49,1746.16,8495.04,1987.85,1,0,false_positive,1
300,//akc0ss-n086/NMML_Polar_Imagery_4/Surveys_IceSeals_2025/fl223/images_30deg_N68RF/center_view/ice_seals_2025_fl223_C_20250514_001429.931641_rgb.jpg,5555,3145.72,9766.54,3366.52,10024.8,1,0,off_frame,1
301,//akc0ss-n086/NMML_Polar_Imagery_4/Surveys_IceSeals_2025/fl223/images_30deg_N68RF/center_view/ice_seals_2025_fl223_C_20250514_001430.999104_rgb.jpg,5556,8318.51,9915.86,8515.79,10183.5,1,0,off_frame,1
302,//akc0ss-n086/NMML_Polar_Imagery_4/Surveys_IceSeals_2025/fl223/images_30deg_N68RF/center_view/ice_seals_2025_fl223_C_20250514_001434.198368_rgb.jpg,5559,8188.9,2077.93,8387.21,2345.94,1,0,false_positive,1
303,//akc0ss-n086/NMML_Polar_Imagery_4/Surveys_IceSeals_2025/fl223/images_30deg_N68RF/center_view/ice_seals_2025_fl223_C_20250514_001434.198368_rgb.jpg,5559,9593.56,9122.36,9808.99,9400.2,1,0,false_positive,1
304,//akc0ss-n086/NMML_Polar_Imagery_4/Surveys_IceSeals_2025/fl223/images_30deg_N68RF/center_view/ice_seals_2025_fl223_C_20250514_001435.264296_rgb.jpg,5560,5852.58,1780.08,6135.76,2014.24,1,0,false_positive,1
305,//akc0ss-n086/NMML_Polar_Imagery_4/Surveys_IceSeals_2025/fl223/images_30deg_N68RF/center_view/ice_seals_2025_fl223_C_20250514_001437.396564_rgb.jpg,5562,5865.5,7827.39,6178.81,8425.54,1,0,animal,1
306,//akc0ss-n086/NMML_Polar_Imagery_4/Surveys_IceSeals_2025/fl223/images_30deg_N68RF/center_view/ice_seals_2025_fl223_C_20250514_001437.396564_rgb.jpg,5562,6040.48,8162.18,6171.76,8290.34,1,0,extra_detection,1
307,//akc0ss-n086/NMML_Polar_Imagery_4/Surveys_IceSeals_2025/fl223/images_30deg_N68RF/center_view/ice_seals_2025_fl223_C_20250514_001437.396564_rgb.jpg,5562,5864.21,7964.37,5993.89,8078.11,1,0,extra_detection,1
308,//akc0ss-n086/NMML_Polar_Imagery_4/Surveys_IceSeals_2025/fl223/images_30deg_N68RF/center_view/ice_seals_2025_fl223_C_20250514_001450.213346_rgb.jpg,5574,560.003,5825.8,766.518,6096.24,1,0,false_positive,1
309,//akc0ss-n086/NMML_Polar_Imagery_4/Surveys_IceSeals_2025/fl223/images_30deg_N68RF/center_view/ice_seals_2025_fl223_C_20250514_001450.213346_rgb.jpg,5574,2523.14,9690.64,2717.95,9872.06,1,0,off_frame,1
310,//akc0ss-n086/NMML_Polar_Imagery_4/Surveys_IceSeals_2025/fl223/images_30deg_N68RF/center_view/ice_seals_2025_fl223_C_20250514_001452.355442_rgb.jpg,5576,11167.6,1027.01,11385,1245.84,1,0,false_positive,1
311,//akc0ss-n086/NMML_Polar_Imagery_4/Surveys_IceSeals_2025/fl223/images_30deg_N68RF/center_view/ice_seals_2025_fl223_C_20250514_001452.355442_rgb.jpg,5576,7733.45,4732.89,7921.41,4943.25,1,0,false_positive,1
312,//akc0ss-n086/NMML_Polar_Imagery_4/Surveys_IceSeals_2025/fl223/images_30deg_N68RF/center_view/ice_seals_2025_fl223_C_20250514_001453.426707_rgb.jpg,5577,8379.61,4449.62,8626.1,4783.82,1,0,false_positive,1
313,//akc0ss-n086/NMML_Polar_Imagery_4/Surveys_IceSeals_2025/fl223/images_30deg_N68RF/center_view/ice_seals_2025_fl223_C_20250514_001453.426707_rgb.jpg,5577,11044.2,10139,11261.2,10364.2,1,0,off_frame,1
314,//akc0ss-n086/NMML_Polar_Imagery_4/Surveys_IceSeals_2025/fl223/images_30deg_N68RF/center_view/ice_seals_2025_fl223_C_20250514_001454.497697_rgb.jpg,5578,11425.4,5242.56,11646.2,5460.82,1,0,false_positive,1
315,//akc0ss-n086/NMML_Polar_Imagery_4/Surveys_IceSeals_2025/fl223/images_30deg_N68RF/center_view/ice_seals_2025_fl223_C_20250514_001455.568881_rgb.jpg,5579,7707.55,2799.27,7934.86,3032.49,1,0,false_positive,1
316,//akc0ss-n086/NMML_Polar_Imagery_4/Surveys_IceSeals_2025/fl223/images_30deg_N68RF/center_view/ice_seals_2025_fl223_C_20250514_001455.568881_rgb.jpg,5579,9720.29,6540.06,9914.33,6792.23,1,0,false_positive,1
317,//akc0ss-n086/NMML_Polar_Imagery_4/Surveys_IceSeals_2025/fl223/images_30deg_N68RF/center_view/ice_seals_2025_fl223_C_20250514_001457.711013_rgb.jpg,5581,9145.12,3280.66,9343.69,3576.6,1,0,false_positive,1
318,//akc0ss-n086/NMML_Polar_Imagery_4/Surveys_IceSeals_2025/fl223/images_30deg_N68RF/center_view/ice_seals_2025_fl223_C_20250514_001505.215822_rgb.jpg,5588,1189.56,958.163,1409.61,1205.19,1,0,false_positive,1
319,//akc0ss-n086/NMML_Polar_Imagery_4/Surveys_IceSeals_2025/fl223/images_30deg_N68RF/center_view/ice_seals_2025_fl223_C_20250514_001506.287910_rgb.jpg,5589,9807.51,7607.48,10043.4,7814.67,1,0,animal,1
320,//akc0ss-n086/NMML_Polar_Imagery_4/Surveys_IceSeals_2025/fl223/images_30deg_N68RF/center_view/ice_seals_2025_fl223_C_20250514_001507.359373_rgb.jpg,5590,11665.1,7207.81,11859.4,7538.79,1,0,false_positive,1
321,//akc0ss-n086/NMML_Polar_Imagery_4/Surveys_IceSeals_2025/fl223/images_30deg_N68RF/center_view/ice_seals_2025_fl223_C_20250514_001507.359373_rgb.jpg,5590,482.028,8726.41,675.055,8917.83,1,0,false_positive,1
322,//akc0ss-n086/NMML_Polar_Imagery_4/Surveys_IceSeals_2025/fl223/images_30deg_N68RF/center_view/ice_seals_2025_fl223_C_20250514_001509.501266_rgb.jpg,5592,11109.7,1263.18,11330.3,1479.44,1,0,false_positive,1
323,//akc0ss-n086/NMML_Polar_Imagery_4/Surveys_IceSeals_2025/fl223/images_30deg_N68RF/center_view/ice_seals_2025_fl223_C_20250514_001512.716531_rgb.jpg,5595,9861.04,1596.11,10078.3,1821,1,0,false_positive,1
324,//akc0ss-n086/NMML_Polar_Imagery_4/Surveys_IceSeals_2025/fl223/images_30deg_N68RF/center_view/ice_seals_2025_fl223_C_20250514_001512.716531_rgb.jpg,5595,6108.21,5357.82,6274.8,5584.55,1,0,false_positive,1
325,//akc0ss-n086/NMML_Polar_Imagery_4/Surveys_IceSeals_2025/fl223/images_30deg_N68RF/center_view/ice_seals_2025_fl223_C_20250514_001519.139271_rgb.jpg,5601,18.5222,7696.59,230.922,7912.48,1,0,false_positive,1
326,//akc0ss-n086/NMML_Polar_Imagery_4/Surveys_IceSeals_2025/fl223/images_30deg_N68RF/center_view/ice_seals_2025_fl223_C_20250514_001522.348526_rgb.jpg,5604,6394.02,6052.06,6569.61,6283.65,1,0,false_positive,1
327,//akc0ss-n086/NMML_Polar_Imagery_4/Surveys_IceSeals_2025/fl223/images_30deg_N68RF/center_view/ice_seals_2025_fl223_C_20250514_001527.703821_rgb.jpg,5609,5542.27,1842.52,5759.19,2064.81,1,0,false_positive,1
328,//akc0ss-n086/NMML_Polar_Imagery_4/Surveys_IceSeals_2025/fl223/images_30deg_N68RF/center_view/ice_seals_2025_fl223_C_20250514_001528.775789_rgb.jpg,5610,8495.65,1149.58,8693.44,1386.7,1,0,false_positive,1
329,//akc0ss-n086/NMML_Polar_Imagery_4/Surveys_IceSeals_2025/fl223/images_30deg_N68RF/center_view/ice_seals_2025_fl223_C_20250514_001537.351202_rgb.jpg,5618,9636.44,5571.25,9758.46,5730.17,1,0,animal,1
330,//akc0ss-n086/NMML_Polar_Imagery_4/Surveys_IceSeals_2025/fl223/images_30deg_N68RF/center_view/ice_seals_2025_fl223_C_20250514_001550.190843_rgb.jpg,5630,4095.99,2505.07,4338.93,2671.86,1,0,false_positive,1
331,//akc0ss-n086/NMML_Polar_Imagery_4/Surveys_IceSeals_2025/fl223/images_30deg_N68RF/center_view/ice_seals_2025_fl223_C_20250514_001550.190843_rgb.jpg,5630,3938.61,2239.53,4168.6,2446.4,1,0,false_positive,1
332,//akc0ss-n086/NMML_Polar_Imagery_4/Surveys_IceSeals_2025/fl223/images_30deg_N68RF/center_view/ice_seals_2025_fl223_C_20250514_001555.530559_rgb.jpg,5635,10788.6,7591,10985.1,7838.99,1,0,false_positive,1
333,//akc0ss-n086/NMML_Polar_Imagery_4/Surveys_IceSeals_2025/fl223/images_30deg_N68RF/center_view/ice_seals_2025_fl223_C_20250514_001559.796066_rgb.jpg,5639,5236.18,1338.66,5460.34,1643.94,1,0,false_positive,1
334,//akc0ss-n086/NMML_Polar_Imagery_4/Surveys_IceSeals_2025/fl223/images_30deg_N68RF/center_view/ice_seals_2025_fl223_C_20250514_001559.796066_rgb.jpg,5639,5374.46,7130.99,5561.98,7386.39,1,0,false_positive,1
335,//akc0ss-n086/NMML_Polar_Imagery_4/Surveys_IceSeals_2025/fl223/images_30deg_N68RF/center_view/ice_seals_2025_fl223_C_20250514_001600.862271_rgb.jpg,5640,7330.92,4727.1,7530.78,4987.88,1,0,false_positive,1
336,//akc0ss-n086/NMML_Polar_Imagery_4/Surveys_IceSeals_2025/fl223/images_30deg_N68RF/center_view/ice_seals_2025_fl223_C_20250514_001602.999084_rgb.jpg,5642,2328.97,8313.68,2524.65,8575.58,1,0,false_positive,1
337,//akc0ss-n086/NMML_Polar_Imagery_4/Surveys_IceSeals_2025/fl223/images_30deg_N68RF/center_view/ice_seals_2025_fl223_C_20250514_001602.999084_rgb.jpg,5642,2335.26,8373.73,2525.32,8635.28,1,0,false_positive,1
338,//akc0ss-n086/NMML_Polar_Imagery_4/Surveys_IceSeals_2025/fl223/images_30deg_N68RF/center_view/ice_seals_2025_fl223_C_20250514_001604.067831_rgb.jpg,5643,5787.32,8268.9,5988.11,8454.01,1,0,false_positive,1
339,//akc0ss-n086/NMML_Polar_Imagery_4/Surveys_IceSeals_2025/fl223/images_30deg_N68RF/center_view/ice_seals_2025_fl223_C_20250514_001611.553097_rgb.jpg,5650,4037.29,4058.59,4255.77,4309.7,1,0,false_positive,1
340,//akc0ss-n086/NMML_Polar_Imagery_4/Surveys_IceSeals_2025/fl223/images_30deg_N68RF/center_view/ice_seals_2025_fl223_C_20250514_001614.765002_rgb.jpg,5653,10587.6,1543.51,10826.5,1796.92,1,0,false_positive,1
341,//akc0ss-n086/NMML_Polar_Imagery_4/Surveys_IceSeals_2025/fl223/images_30deg_N68RF/center_view/ice_seals_2025_fl223_C_20250514_001619.050384_rgb.jpg,5657,10105.3,10232.2,10311.2,10469.1,1,0,off_frame,1
342,//akc0ss-n086/NMML_Polar_Imagery_4/Surveys_IceSeals_2025/fl223/images_30deg_N68RF/center_view/ice_seals_2025_fl223_C_20250514_001621.194303_rgb.jpg,5659,9098.64,1154.84,9329.62,1378.11,1,0,false_positive,1
343,//akc0ss-n086/NMML_Polar_Imagery_4/Surveys_IceSeals_2025/fl223/images_30deg_N68RF/center_view/ice_seals_2025_fl223_C_20250514_001622.267187_rgb.jpg,5660,8951.74,10257.4,9160.31,10475.1,1,0,off_frame,1
344,//akc0ss-n086/NMML_Polar_Imagery_4/Surveys_IceSeals_2025/fl223/images_30deg_N68RF/center_view/ice_seals_2025_fl223_C_20250514_001623.340251_rgb.jpg,5661,7820.03,3081.56,8041.64,3339.29,1,0,false_positive,1
345,//akc0ss-n086/NMML_Polar_Imagery_4/Surveys_IceSeals_2025/fl223/images_30deg_N68RF/center_view/ice_seals_2025_fl223_C_20250514_001624.413862_rgb.jpg,5662,9662.17,8307.67,9841.01,8502.37,1,0,false_positive,1
346,//akc0ss-n086/NMML_Polar_Imagery_4/Surveys_IceSeals_2025/fl223/images_30deg_N68RF/center_view/ice_seals_2025_fl223_C_20250514_001625.487766_rgb.jpg,5663,827.723,1551.57,1037.08,1853.1,1,0,false_positive,1
347,//akc0ss-n086/NMML_Polar_Imagery_4/Surveys_IceSeals_2025/fl223/images_30deg_N68RF/center_view/ice_seals_2025_fl223_C_20250514_001634.086383_rgb.jpg,5671,2668.62,6420.19,2898.55,6607.06,1,0,false_positive,1
348,//akc0ss-n086/NMML_Polar_Imagery_4/Surveys_IceSeals_2025/fl223/images_30deg_N68RF/center_view/ice_seals_2025_fl223_C_20250514_001636.239017_rgb.jpg,5673,6908.43,8853.68,7140.78,9076.04,1,0,false_positive,1
349,//akc0ss-n086/NMML_Polar_Imagery_4/Surveys_IceSeals_2025/fl223/images_30deg_N68RF/center_view/ice_seals_2025_fl223_C_20250514_001637.315960_rgb.jpg,5674,11593.2,6368.17,11812.4,6592.6,1,0,false_positive,1
350,//akc0ss-n086/NMML_Polar_Imagery_4/Surveys_IceSeals_2025/fl223/images_30deg_N68RF/center_view/ice_seals_2025_fl223_C_20250514_001639.468533_rgb.jpg,5676,6129.48,3482.54,6349.06,3718.88,1,0,false_positive,1
351,//akc0ss-n086/NMML_Polar_Imagery_4/Surveys_IceSeals_2025/fl223/images_30deg_N68RF/center_view/ice_seals_2025_fl223_C_20250514_001641.620471_rgb.jpg,5678,5433.37,9455.41,5659.42,9778.21,1,0,off_frame,1
352,//akc0ss-n086/NMML_Polar_Imagery_4/Surveys_IceSeals_2025/fl223/images_30deg_N68RF/center_view/ice_seals_2025_fl223_C_20250514_001641.620471_rgb.jpg,5678,9330.32,3172.04,9540.48,3506.14,1,0,false_positive,1
353,//akc0ss-n086/NMML_Polar_Imagery_4/Surveys_IceSeals_2025/fl223/images_30deg_N68RF/center_view/ice_seals_2025_fl223_C_20250514_001644.847091_rgb.jpg,5681,8127.15,870.472,8317.64,1200.08,1,0,false_positive,1
354,//akc0ss-n086/NMML_Polar_Imagery_4/Surveys_IceSeals_2025/fl223/images_30deg_N68RF/center_view/ice_seals_2025_fl223_C_20250514_001644.847091_rgb.jpg,5681,8102.36,807.657,8311.61,1158.94,1,0,false_positive,1
355,//akc0ss-n086/NMML_Polar_Imagery_4/Surveys_IceSeals_2025/fl223/images_30deg_N68RF/center_view/ice_seals_2025_fl223_C_20250514_001645.922518_rgb.jpg,5682,1277.68,6820,1474,7060.34,1,0,false_positive,1
356,//akc0ss-n086/NMML_Polar_Imagery_4/Surveys_IceSeals_2025/fl223/images_30deg_N68RF/center_view/ice_seals_2025_fl223_C_20250514_001645.922518_rgb.jpg,5682,7998.69,10007.2,8197.78,10344.7,1,0,off_frame,1
357,//akc0ss-n086/NMML_Polar_Imagery_4/Surveys_IceSeals_2025/fl223/images_30deg_N68RF/center_view/ice_seals_2025_fl223_C_20250514_001645.922518_rgb.jpg,5682,8199.78,9429.74,8422.3,9692.64,1,0,off_frame,1
358,//akc0ss-n086/NMML_Polar_Imagery_4/Surveys_IceSeals_2025/fl223/images_30deg_N68RF/center_view/ice_seals_2025_fl223_C_20250514_001654.533688_rgb.jpg,5690,10139.9,9141.54,10360.3,9368.57,1,0,false_positive,1
359,//akc0ss-n086/NMML_Polar_Imagery_4/Surveys_IceSeals_2025/fl223/images_30deg_N68RF/center_view/ice_seals_2025_fl223_C_20250514_001656.689542_rgb.jpg,5692,6846.91,3541.71,7071.08,3768.68,1,0,false_positive,1
360,//akc0ss-n086/NMML_Polar_Imagery_4/Surveys_IceSeals_2025/fl223/images_30deg_N68RF/center_view/ice_seals_2025_fl223_C_20250514_001657.767911_rgb.jpg,5693,4147.62,8760.33,4342.88,8967.67,1,0,false_positive,1
361,//akc0ss-n086/NMML_Polar_Imagery_4/Surveys_IceSeals_2025/fl223/images_30deg_N68RF/center_view/ice_seals_2025_fl223_C_20250514_001701.005709_rgb.jpg,5696,3612.66,8524.12,3815.67,8726.15,1,0,false_positive,1
362,//akc0ss-n086/NMML_Polar_Imagery_4/Surveys_IceSeals_2025/fl223/images_30deg_N68RF/center_view/ice_seals_2025_fl223_C_20250514_001703.162484_rgb.jpg,5698,7406.05,4201.45,7637.22,4458.38,1,0,false_positive,1
363,//akc0ss-n086/NMML_Polar_Imagery_4/Surveys_IceSeals_2025/fl223/images_30deg_N68RF/center_view/ice_seals_2025_fl223_C_20250514_001704.239793_rgb.jpg,5699,1028.39,1177.16,1225.42,1405.1,1,0,false_positive,1
364,//akc0ss-n086/NMML_Polar_Imagery_4/Surveys_IceSeals_2025/fl223/images_30deg_N68RF/center_view/ice_seals_2025_fl223_C_20250514_001706.393506_rgb.jpg,5701,11669.5,9325.68,11904.7,9559.12,1,0,false_positive,1
365,//akc0ss-n086/NMML_Polar_Imagery_4/Surveys_IceSeals_2025/fl223/images_30deg_N68RF/center_view/ice_seals_2025_fl223_C_20250514_001707.469571_rgb.jpg,5702,8532.29,4244.08,8797.25,4460.39,1,0,false_positive,1
366,//akc0ss-n086/NMML_Polar_Imagery_4/Surveys_IceSeals_2025/fl223/images_30deg_N68RF/center_view/ice_seals_2025_fl223_C_20250514_001720.371773_rgb.jpg,5714,1048.58,5270.62,1249.25,5459.66,1,0,false_positive,1
367,//akc0ss-n086/NMML_Polar_Imagery_4/Surveys_IceSeals_2025/fl223/images_30deg_N68RF/center_view/ice_seals_2025_fl223_C_20250514_001722.516644_rgb.jpg,5716,3960.1,2480.1,4172.79,2651.55,1,0,false_positive,1
368,//akc0ss-n086/NMML_Polar_Imagery_4/Surveys_IceSeals_2025/fl223/images_30deg_N68RF/center_view/ice_seals_2025_fl223_C_20250514_001727.872759_rgb.jpg,5721,2743.76,3467.53,2951.3,3690.39,1,0,false_positive,1
369,//akc0ss-n086/NMML_Polar_Imagery_4/Surveys_IceSeals_2025/fl223/images_30deg_N68RF/center_view/ice_seals_2025_fl223_C_20250514_001728.942008_rgb.jpg,5722,2719.3,1046.12,2957.58,1248.17,1,0,false_positive,1
370,//akc0ss-n086/NMML_Polar_Imagery_4/Surveys_IceSeals_2025/fl223/images_30deg_N68RF/center_view/ice_seals_2025_fl223_C_20250514_001733.220455_rgb.jpg,5726,7451.95,2387.09,7620.66,2570.52,1,0,false_positive,1
371,//akc0ss-n086/NMML_Polar_Imagery_4/Surveys_IceSeals_2025/fl223/images_30deg_N68RF/center_view/ice_seals_2025_fl223_C_20250514_001734.291960_rgb.jpg,5727,2404.02,5246.5,2525.95,5379.72,1,0,animal,1
372,//akc0ss-n086/NMML_Polar_Imagery_4/Surveys_IceSeals_2025/fl223/images_30deg_N68RF/center_view/ice_seals_2025_fl223_C_20250514_001735.363945_rgb.jpg,5728,7580.35,2514.29,7719.69,2664.21,1,0,false_positive,1
373,//akc0ss-n086/NMML_Polar_Imagery_4/Surveys_IceSeals_2025/fl223/images_30deg_N68RF/center_view/ice_seals_2025_fl223_C_20250514_001735.363945_rgb.jpg,5728,7748.5,2608.16,7903.65,2735.1,1,0,false_positive,1
374,//akc0ss-n086/NMML_Polar_Imagery_4/Surveys_IceSeals_2025/fl223/images_30deg_N68RF/center_view/ice_seals_2025_fl223_C_20250514_001735.363945_rgb.jpg,5728,7519.02,2557.39,7667.28,2703.48,1,0,false_positive,1
375,//akc0ss-n086/NMML_Polar_Imagery_4/Surveys_IceSeals_2025/fl223/images_30deg_N68RF/center_view/ice_seals_2025_fl223_C_20250514_001735.363945_rgb.jpg,5728,5848.59,4847.01,5997.49,5139.36,1,0,false_positive,1
376,//akc0ss-n086/NMML_Polar_Imagery_4/Surveys_IceSeals_2025/fl223/images_30deg_N68RF/center_view/ice_seals_2025_fl223_C_20250514_001742.871674_rgb.jpg,5735,729.337,9961.75,905.499,10135,1,0,off_frame,1
377,//akc0ss-n086/NMML_Polar_Imagery_4/Surveys_IceSeals_2025/fl223/images_30deg_N68RF/center_view/ice_seals_2025_fl223_C_20250514_001743.944259_rgb.jpg,5736,7127.55,8500.85,7335.94,8781.81,1,0,false_positive,1
378,//akc0ss-n086/NMML_Polar_Imagery_4/Surveys_IceSeals_2025/fl223/images_30deg_N68RF/center_view/ice_seals_2025_fl223_C_20250514_001746.092536_rgb.jpg,5738,4986.38,5507.11,5203.27,5690.06,1,0,false_positive,1
379,//akc0ss-n086/NMML_Polar_Imagery_4/Surveys_IceSeals_2025/fl223/images_30deg_N68RF/center_view/ice_seals_2025_fl223_C_20250514_001751.462909_rgb.jpg,5743,6714.33,3560.97,6901.71,3741.47,1,0,false_positive,1
380,//akc0ss-n086/NMML_Polar_Imagery_4/Surveys_IceSeals_2025/fl223/images_30deg_N68RF/center_view/ice_seals_2025_fl223_C_20250514_001751.462909_rgb.jpg,5743,6417.58,3484.13,6560.53,3665.15,1,0,false_positive,1
381,//akc0ss-n086/NMML_Polar_Imagery_4/Surveys_IceSeals_2025/fl223/images_30deg_N68RF/center_view/ice_seals_2025_fl223_C_20250514_001751.462909_rgb.jpg,5743,5882.82,7340.48,6043.23,7536.05,1,0,false_positive,1
382,//akc0ss-n086/NMML_Polar_Imagery_4/Surveys_IceSeals_2025/fl223/images_30deg_N68RF/center_view/ice_seals_2025_fl223_C_20250514_001806.490063_rgb.jpg,5757,7122.21,4592.81,7302.54,4879.39,1,0,false_positive,1
383,//akc0ss-n086/NMML_Polar_Imagery_4/Surveys_IceSeals_2025/fl223/images_30deg_N68RF/center_view/ice_seals_2025_fl223_C_20250514_001842.936691_rgb.jpg,5791,2156.74,5205.95,2379.94,5453.2,1,0,false_positive,1
384,//akc0ss-n086/NMML_Polar_Imagery_4/Surveys_IceSeals_2025/fl223/images_30deg_N68RF/center_view/ice_seals_2025_fl223_C_20250514_001849.364356_rgb.jpg,5797,5250.24,2591.84,5354.85,2768.52,1,0,animal,1
385,//akc0ss-n086/NMML_Polar_Imagery_4/Surveys_IceSeals_2025/fl223/images_30deg_N68RF/center_view/ice_seals_2025_fl223_C_20250514_001850.437041_rgb.jpg,5798,-175.569,990.607,-56.1082,1205.12,1,0,off_frame,1
386,//akc0ss-n086/NMML_Polar_Imagery_4/Surveys_IceSeals_2025/fl223/images_30deg_N68RF/center_view/ice_seals_2025_fl223_C_20250514_001854.731925_rgb.jpg,5802,4570.36,2577.89,4746.52,2789.17,1,0,false_positive,1
387,//akc0ss-n086/NMML_Polar_Imagery_4/Surveys_IceSeals_2025/fl223/images_30deg_N68RF/center_view/ice_seals_2025_fl223_C_20250514_001854.731925_rgb.jpg,5802,3575.54,3512.09,3756.55,3726.24,1,0,false_positive,1
388,//akc0ss-n086/NMML_Polar_Imagery_4/Surveys_IceSeals_2025/fl223/images_30deg_N68RF/center_view/ice_seals_2025_fl223_C_20250514_001905.474196_rgb.jpg,5812,7402.42,6218.51,7628.23,6413.22,1,0,false_positive,1
389,//akc0ss-n086/NMML_Polar_Imagery_4/Surveys_IceSeals_2025/fl223/images_30deg_N68RF/center_view/ice_seals_2025_fl223_C_20250514_001905.474196_rgb.jpg,5812,8072.99,6300.03,8322.39,6472.81,1,0,false_positive,1
390,//akc0ss-n086/NMML_Polar_Imagery_4/Surveys_IceSeals_2025/fl223/images_30deg_N68RF/center_view/ice_seals_2025_fl223_C_20250514_001924.811395_rgb.jpg,5830,4748.78,1783.24,4973.94,2006.18,1,0,false_positive,1
391,//akc0ss-n086/NMML_Polar_Imagery_4/Surveys_IceSeals_2025/fl223/images_30deg_N68RF/center_view/ice_seals_2025_fl223_C_20250514_001925.885566_rgb.jpg,5831,3663.41,4185.27,3834.09,4390.05,1,0,false_positive,1
392,//akc0ss-n086/NMML_Polar_Imagery_4/Surveys_IceSeals_2025/fl223/images_30deg_N68RF/center_view/ice_seals_2025_fl223_C_20250514_001926.959271_rgb.jpg,5832,7450.11,5347.38,7647.04,5577.41,1,0,false_positive,1
393,//akc0ss-n086/NMML_Polar_Imagery_4/Surveys_IceSeals_2025/fl223/images_30deg_N68RF/center_view/ice_seals_2025_fl223_C_20250514_001937.701641_rgb.jpg,5842,9478.3,3602.85,9688.43,3846.98,1,0,false_positive,1
394,//akc0ss-n086/NMML_Polar_Imagery_4/Surveys_IceSeals_2025/fl223/images_30deg_N68RF/center_view/ice_seals_2025_fl223_C_20250514_001943.079570_rgb.jpg,5847,8005.55,7822.05,8198.54,8023.67,1,0,false_positive,1
395,//akc0ss-n086/NMML_Polar_Imagery_4/Surveys_IceSeals_2025/fl223/images_30deg_N68RF/center_view/ice_seals_2025_fl223_C_20250514_001948.456903_rgb.jpg,5852,6670.98,2940.13,6988.05,3155.16,1,0,false_positive,1
396,//akc0ss-n086/NMML_Polar_Imagery_4/Surveys_IceSeals_2025/fl223/images_30deg_N68RF/center_view/ice_seals_2025_fl223_C_20250514_001948.456903_rgb.jpg,5852,6680.57,2908.26,7045.71,3144.87,1,0,false_positive,1
397,//akc0ss-n086/NMML_Polar_Imagery_4/Surveys_IceSeals_2025/fl223/images_30deg_N68RF/center_view/ice_seals_2025_fl223_C_20250514_002001.367146_rgb.jpg,5864,7908.08,8922.02,8112.26,9153.9,1,0,animal,1
398,//akc0ss-n086/NMML_Polar_Imagery_4/Surveys_IceSeals_2025/fl223/images_30deg_N68RF/center_view/ice_seals_2025_fl223_C_20250514_002013.196383_rgb.jpg,5875,8891.59,7260.95,9095.48,7423.5,1,0,false_positive,1
399,//akc0ss-n086/NMML_Polar_Imagery_4/Surveys_IceSeals_2025/fl223/images_30deg_N68RF/center_view/ice_seals_2025_fl223_C_20250514_002013.196383_rgb.jpg,5875,8910.14,7481.21,9089.85,7685.2,1,0,false_positive,1
400,//akc0ss-n086/NMML_Polar_Imagery_4/Surveys_IceSeals_2025/fl223/images_30deg_N68RF/center_view/ice_seals_2025_fl223_C_20250514_002014.279031_rgb.jpg,5876,4095.26,5446.95,4293.22,5682.38,1,0,false_positive,1
401,//akc0ss-n086/NMML_Polar_Imagery_4/Surveys_IceSeals_2025/fl223/images_30deg_N68RF/center_view/ice_seals_2025_fl223_C_20250514_002021.823894_rgb.jpg,5883,4946.04,2402.49,5168.87,2616.5,1,0,false_positive,1
402,//akc0ss-n086/NMML_Polar_Imagery_4/Surveys_IceSeals_2025/fl223/images_30deg_N68RF/center_view/ice_seals_2025_fl223_C_20250514_002022.901281_rgb.jpg,5884,2910.74,3461.77,3143.16,3679,1,0,false_positive,1
403,//akc0ss-n086/NMML_Polar_Imagery_4/Surveys_IceSeals_2025/fl223/images_30deg_N68RF/center_view/ice_seals_2025_fl223_C_20250514_002025.059917_rgb.jpg,5886,-72.4931,6762.63,125.31,6936.56,1,0,false_positive,1
404,//akc0ss-n086/NMML_Polar_Imagery_4/Surveys_IceSeals_2025/fl223/images_30deg_N68RF/center_view/ice_seals_2025_fl223_C_20250514_002031.524055_rgb.jpg,5892,646.134,5747.09,890.739,5929.89,1,0,false_positive,1
405,//akc0ss-n086/NMML_Polar_Imagery_4/Surveys_IceSeals_2025/fl223/images_30deg_N68RF/center_view/ice_seals_2025_fl223_C_20250514_002032.601123_rgb.jpg,5893,7042.98,6329.52,7236.03,6596.23,1,0,false_positive,1
406,//akc0ss-n086/NMML_Polar_Imagery_4/Surveys_IceSeals_2025/fl223/images_30deg_N68RF/center_view/ice_seals_2025_fl223_C_20250514_002034.757097_rgb.jpg,5895,5395.41,6884.94,5600.42,7154.43,1,0,false_positive,1
407,//akc0ss-n086/NMML_Polar_Imagery_4/Surveys_IceSeals_2025/fl223/images_30deg_N68RF/center_view/ice_seals_2025_fl223_C_20250514_002041.229218_rgb.jpg,5901,3843.78,8766.07,4072.93,8969.57,1,0,false_positive,1
408,//akc0ss-n086/NMML_Polar_Imagery_4/Surveys_IceSeals_2025/fl223/images_30deg_N68RF/center_view/ice_seals_2025_fl223_C_20250514_002158.606666_rgb.jpg,5910,4770.03,4817.99,4959.33,4988.51,1,0,false_positive,1
409,//akc0ss-n086/NMML_Polar_Imagery_4/Surveys_IceSeals_2025/fl223/images_30deg_N68RF/center_view/ice_seals_2025_fl223_C_20250514_002202.902035_rgb.jpg,5914,881.888,7595.68,1083.19,7778.53,1,0,false_positive,1
410,//akc0ss-n086/NMML_Polar_Imagery_4/Surveys_IceSeals_2025/fl223/images_30deg_N68RF/center_view/ice_seals_2025_fl223_C_20250514_002207.197838_rgb.jpg,5918,7155.76,2123.76,7355.36,2411.08,1,0,false_positive,1
411,//akc0ss-n086/NMML_Polar_Imagery_4/Surveys_IceSeals_2025/fl223/images_30deg_N68RF/center_view/ice_seals_2025_fl223_C_20250514_002211.497747_rgb.jpg,5922,1419.12,1990.49,1604.8,2199.23,1,0,false_positive,1
412,//akc0ss-n086/NMML_Polar_Imagery_4/Surveys_IceSeals_2025/fl223/images_30deg_N68RF/center_view/ice_seals_2025_fl223_C_20250514_002220.098140_rgb.jpg,5930,2281.68,8429.96,2468.94,8648.69,1,0,false_positive,1
413,//akc0ss-n086/NMML_Polar_Imagery_4/Surveys_IceSeals_2025/fl223/images_30deg_N68RF/center_view/ice_seals_2025_fl223_C_20250514_002222.248177_rgb.jpg,5932,7114.06,1317.48,7331.55,1585.51,1,0,false_positive,1
414,//akc0ss-n086/NMML_Polar_Imagery_4/Surveys_IceSeals_2025/fl223/images_30deg_N68RF/center_view/ice_seals_2025_fl223_C_20250514_002222.248177_rgb.jpg,5932,9463.59,1249.55,9637.76,1449.69,1,0,false_positive,1
415,//akc0ss-n086/NMML_Polar_Imagery_4/Surveys_IceSeals_2025/fl223/images_30deg_N68RF/center_view/ice_seals_2025_fl223_C_20250514_002223.323400_rgb.jpg,5933,6703.05,10407.4,6923.03,10537.3,1,0,off_frame,1
416,//akc0ss-n086/NMML_Polar_Imagery_4/Surveys_IceSeals_2025/fl223/images_30deg_N68RF/center_view/ice_seals_2025_fl223_C_20250514_002224.398607_rgb.jpg,5934,11206.4,7832.73,11398.4,8016.46,1,0,false_positive,1
417,//akc0ss-n086/NMML_Polar_Imagery_4/Surveys_IceSeals_2025/fl223/images_30deg_N68RF/center_view/ice_seals_2025_fl223_C_20250514_002228.699994_rgb.jpg,5938,5941.27,9257.41,6283.3,9445.55,1,0,false_positive,1
418,//akc0ss-n086/NMML_Polar_Imagery_4/Surveys_IceSeals_2025/fl223/images_30deg_N68RF/center_view/ice_seals_2025_fl223_C_20250514_002229.775022_rgb.jpg,5939,2066.76,9324.46,2347.7,9526.07,1,0,false_positive,1
419,//akc0ss-n086/NMML_Polar_Imagery_4/Surveys_IceSeals_2025/fl223/images_30deg_N68RF/center_view/ice_seals_2025_fl223_C_20250514_002230.850388_rgb.jpg,5940,11850.5,9951.13,12083.8,10129.6,1,0,off_frame,1
420,//akc0ss-n086/NMML_Polar_Imagery_4/Surveys_IceSeals_2025/fl223/images_30deg_N68RF/center_view/ice_seals_2025_fl223_C_20250514_002235.155715_rgb.jpg,5944,10809.1,6044.01,11053.8,6244.46,1,0,false_positive,1
421,//akc0ss-n086/NMML_Polar_Imagery_4/Surveys_IceSeals_2025/fl223/images_30deg_N68RF/center_view/ice_seals_2025_fl223_C_20250514_002235.155715_rgb.jpg,5944,10643.9,5515.85,10872.3,5725.51,1,0,false_positive,1
422,//akc0ss-n086/NMML_Polar_Imagery_4/Surveys_IceSeals_2025/fl223/images_30deg_N68RF/center_view/ice_seals_2025_fl223_C_20250514_002236.232321_rgb.jpg,5945,3135.29,9836.24,3377.96,10026.3,1,0,off_frame,1
423,//akc0ss-n086/NMML_Polar_Imagery_4/Surveys_IceSeals_2025/fl223/images_30deg_N68RF/center_view/ice_seals_2025_fl223_C_20250514_002237.308669_rgb.jpg,5946,10152.6,5702.76,10354.4,5959.05,1,0,false_positive,1
424,//akc0ss-n086/NMML_Polar_Imagery_4/Surveys_IceSeals_2025/fl223/images_30deg_N68RF/center_view/ice_seals_2025_fl223_C_20250514_002239.459300_rgb.jpg,5948,8300.27,3858.97,8506.12,4056.08,1,0,false_positive,1
425,//akc0ss-n086/NMML_Polar_Imagery_4/Surveys_IceSeals_2025/fl223/images_30deg_N68RF/center_view/ice_seals_2025_fl223_C_20250514_002240.533710_rgb.jpg,5949,7010.6,6947.79,7211.95,7257.15,1,0,false_positive,1
426,//akc0ss-n086/NMML_Polar_Imagery_4/Surveys_IceSeals_2025/fl223/images_30deg_N68RF/center_view/ice_seals_2025_fl223_C_20250514_002240.533710_rgb.jpg,5949,9995.84,8282.58,10235,8476.31,1,0,false_positive,1
427,//akc0ss-n086/NMML_Polar_Imagery_4/Surveys_IceSeals_2025/fl223/images_30deg_N68RF/center_view/ice_seals_2025_fl223_C_20250514_002241.607214_rgb.jpg,5950,1866.66,1766.89,2051.68,1992.47,1,0,false_positive,1
428,//akc0ss-n086/NMML_Polar_Imagery_4/Surveys_IceSeals_2025/fl223/images_30deg_N68RF/center_view/ice_seals_2025_fl223_C_20250514_002242.680562_rgb.jpg,5951,11197.9,4063.5,11386.2,4283.88,1,0,false_positive,1
429,//akc0ss-n086/NMML_Polar_Imagery_4/Surveys_IceSeals_2025/fl223/images_30deg_N68RF/center_view/ice_seals_2025_fl223_C_20250514_002243.753892_rgb.jpg,5952,3307.64,9471.12,3497.31,9657.25,1,0,false_positive,1
430,//akc0ss-n086/NMML_Polar_Imagery_4/Surveys_IceSeals_2025/fl223/images_30deg_N68RF/center_view/ice_seals_2025_fl223_C_20250514_002244.831037_rgb.jpg,5953,1808.18,1412.44,2031.29,1613.88,1,0,false_positive,1
431,//akc0ss-n086/NMML_Polar_Imagery_4/Surveys_IceSeals_2025/fl223/images_30deg_N68RF/center_view/ice_seals_2025_fl223_C_20250514_002249.126682_rgb.jpg,5957,3506.57,2767.71,3720.32,2968.14,1,0,false_positive,1
432,//akc0ss-n086/NMML_Polar_Imagery_4/Surveys_IceSeals_2025/fl223/images_30deg_N68RF/center_view/ice_seals_2025_fl223_C_20250514_002253.424331_rgb.jpg,5961,5743.82,4286.81,5979.21,4473.61,1,0,false_positive,1
433,//akc0ss-n086/NMML_Polar_Imagery_4/Surveys_IceSeals_2025/fl223/images_30deg_N68RF/center_view/ice_seals_2025_fl223_C_20250514_002304.176076_rgb.jpg,5971,10248.3,3399.94,10479.3,3704.74,1,0,false_positive,1
434,//akc0ss-n086/NMML_Polar_Imagery_4/Surveys_IceSeals_2025/fl223/images_30deg_N68RF/center_view/ice_seals_2025_fl223_C_20250514_002308.473524_rgb.jpg,5975,6512.9,8814.18,6714.88,9008.52,1,0,false_positive,1
435,//akc0ss-n086/NMML_Polar_Imagery_4/Surveys_IceSeals_2025/fl223/images_30deg_N68RF/center_view/ice_seals_2025_fl223_C_20250514_002315.994054_rgb.jpg,5982,6523.38,5210.23,6668.38,5318.85,1,0,animal,1
436,//akc0ss-n086/NMML_Polar_Imagery_4/Surveys_IceSeals_2025/fl223/images_30deg_N68RF/center_view/ice_seals_2025_fl223_C_20250514_002321.363305_rgb.jpg,5987,9519.61,6530.93,9771.46,6743.15,1,0,false_positive,1
437,//akc0ss-n086/NMML_Polar_Imagery_4/Surveys_IceSeals_2025/fl223/images_30deg_N68RF/center_view/ice_seals_2025_fl223_C_20250514_002328.885013_rgb.jpg,5994,6560.84,7300.26,6781.46,7637.73,1,0,false_positive,1
438,//akc0ss-n086/NMML_Polar_Imagery_4/Surveys_IceSeals_2025/fl223/images_30deg_N68RF/center_view/ice_seals_2025_fl223_C_20250514_002342.835402_rgb.jpg,6007,4364.63,837.461,4693.42,1075.26,1,0,false_positive,1
439,//akc0ss-n086/NMML_Polar_Imagery_4/Surveys_IceSeals_2025/fl223/images_30deg_N68RF/center_view/ice_seals_2025_fl223_C_20250514_002343.909966_rgb.jpg,6008,4060.36,9900.53,4375.84,10153.1,1,0,off_frame,1
440,//akc0ss-n086/NMML_Polar_Imagery_4/Surveys_IceSeals_2025/fl223/images_30deg_N68RF/center_view/ice_seals_2025_fl223_C_20250514_002343.909966_rgb.jpg,6008,11736.2,3992.66,11959.8,4213.19,1,0,false_positive,1
441,//akc0ss-n086/NMML_Polar_Imagery_4/Surveys_IceSeals_2025/fl223/images_30deg_N68RF/center_view/ice_seals_2025_fl223_C_20250514_002401.127656_rgb.jpg,6024,9690.54,2890.02,9894.17,3092.96,1,0,false_positive,1
442,//akc0ss-n086/NMML_Polar_Imagery_4/Surveys_IceSeals_2025/fl223/images_30deg_N68RF/center_view/ice_seals_2025_fl223_C_20250514_002401.127656_rgb.jpg,6024,5236.91,3420.17,5422.81,3650.37,1,0,false_positive,1
443,//akc0ss-n086/NMML_Polar_Imagery_4/Surveys_IceSeals_2025/fl223/images_30deg_N68RF/center_view/ice_seals_2025_fl223_C_20250514_002402.204963_rgb.jpg,6025,5800.08,888.25,6018.16,1094.97,1,0,false_positive,1
444,//akc0ss-n086/NMML_Polar_Imagery_4/Surveys_IceSeals_2025/fl223/images_30deg_N68RF/center_view/ice_seals_2025_fl223_C_20250514_002403.282248_rgb.jpg,6026,9698.05,7575.36,9892.37,7783.42,1,0,false_positive,1
445,//akc0ss-n086/NMML_Polar_Imagery_4/Surveys_IceSeals_2025/fl223/images_30deg_N68RF/center_view/ice_seals_2025_fl223_C_20250514_002403.282248_rgb.jpg,6026,5478.81,10048.2,5673.31,10231.4,1,0,off_frame,1
446,//akc0ss-n086/NMML_Polar_Imagery_4/Surveys_IceSeals_2025/fl223/images_30deg_N68RF/center_view/ice_seals_2025_fl223_C_20250514_002416.166369_rgb.jpg,6038,7106.92,6675.79,7313.73,6965.29,1,0,false_positive,1
447,//akc0ss-n086/NMML_Polar_Imagery_4/Surveys_IceSeals_2025/fl223/images_30deg_N68RF/center_view/ice_seals_2025_fl223_C_20250514_002439.858300_rgb.jpg,6060,5374.25,5834.04,5586.21,6023.75,1,0,false_positive,1
448,//akc0ss-n086/NMML_Polar_Imagery_4/Surveys_IceSeals_2025/fl223/images_30deg_N68RF/center_view/ice_seals_2025_fl223_C_20250514_002445.255532_rgb.jpg,6065,6671.94,3889.97,6921.96,4114.12,1,0,false_positive,1
449,//akc0ss-n086/NMML_Polar_Imagery_4/Surveys_IceSeals_2025/fl223/images_30deg_N68RF/center_view/ice_seals_2025_fl223_C_20250514_002446.335521_rgb.jpg,6066,8387.07,4081.39,8557.31,4245.5,1,0,false_positive,1
450,//akc0ss-n086/NMML_Polar_Imagery_4/Surveys_IceSeals_2025/fl223/images_30deg_N68RF/center_view/ice_seals_2025_fl223_C_20250514_002523.121933_rgb.jpg,6100,11597.7,4696.58,11761.3,4871.4,1,0,false_positive,1
451,//akc0ss-n086/NMML_Polar_Imagery_4/Surveys_IceSeals_2025/fl223/images_30deg_N68RF/center_view/ice_seals_2025_fl223_C_20250514_002553.420866_rgb.jpg,6128,11557.8,6144,11712.8,6265.94,1,0,animal,1
452,//akc0ss-n086/NMML_Polar_Imagery_4/Surveys_IceSeals_2025/fl223/images_30deg_N68RF/center_view/ice_seals_2025_fl223_C_20250514_002554.501987_rgb.jpg,6129,2570.31,5989.85,2777.72,6248.61,1,0,false_positive,1
453,//akc0ss-n086/NMML_Polar_Imagery_4/Surveys_IceSeals_2025/fl223/images_30deg_N68RF/center_view/ice_seals_2025_fl223_C_20250514_002615.003801_rgb.jpg,6148,934.201,9751.16,1069,9855.64,1,0,animal_prev_rgb,1
454,//akc0ss-n086/NMML_Polar_Imagery_4/Surveys_IceSeals_2025/fl223/images_30deg_N68RF/center_view/ice_seals_2025_fl223_C_20250514_002615.003801_rgb.jpg,6148,5873.11,6224.38,6000.62,6350.47,1,0,animal,1
455,//akc0ss-n086/NMML_Polar_Imagery_4/Surveys_IceSeals_2025/fl223/images_30deg_N68RF/center_view/ice_seals_2025_fl223_C_20250514_002620.393672_rgb.jpg,6153,9816.5,2962.93,10012.2,3204.26,1,0,false_positive,1
456,//akc0ss-n086/NMML_Polar_Imagery_4/Surveys_IceSeals_2025/fl223/images_30deg_N68RF/center_view/ice_seals_2025_fl223_C_20250514_002639.773176_rgb.jpg,6171,10224.1,2152.85,10411.1,2340.32,1,0,false_positive,1
457,//akc0ss-n086/NMML_Polar_Imagery_4/Surveys_IceSeals_2025/fl223/images_30deg_N68RF/center_view/ice_seals_2025_fl223_C_20250514_002812.612958_rgb.jpg,6258,2370.82,2238.55,2600.14,2452.37,1,0,false_positive,1
458,//akc0ss-n086/NMML_Polar_Imagery_4/Surveys_IceSeals_2025/fl223/images_30deg_N68RF/center_view/ice_seals_2025_fl223_C_20250514_002826.402028_rgb.jpg,6271,4508.87,5913.74,4693.42,6164.29,1,0,false_positive,1
459,//akc0ss-n086/NMML_Polar_Imagery_4/Surveys_IceSeals_2025/fl223/images_30deg_N68RF/center_view/ice_seals_2025_fl223_C_20250514_002835.923865_rgb.jpg,6280,1233.18,2856.57,1474.83,3103.66,1,0,false_positive,1
460,//akc0ss-n086/NMML_Polar_Imagery_4/Surveys_IceSeals_2025/fl223/images_30deg_N68RF/center_view/ice_seals_2025_fl223_C_20250514_002835.923865_rgb.jpg,6280,1199.99,2810.86,1511.29,3129.67,1,0,false_positive,1
461,//akc0ss-n086/NMML_Polar_Imagery_4/Surveys_IceSeals_2025/fl223/images_30deg_N68RF/center_view/ice_seals_2025_fl223_C_20250514_002846.505713_rgb.jpg,6290,4377.89,7120.2,4558.06,7313,1,0,false_positive,1
462,//akc0ss-n086/NMML_Polar_Imagery_4/Surveys_IceSeals_2025/fl223/images_30deg_N68RF/center_view/ice_seals_2025_fl223_C_20250514_002856.031572_rgb.jpg,6299,7657.05,5502.28,7886.29,5680.94,1,0,false_positive,1
463,//akc0ss-n086/NMML_Polar_Imagery_4/Surveys_IceSeals_2025/fl223/images_30deg_N68RF/center_view/ice_seals_2025_fl223_C_20250514_002857.090097_rgb.jpg,6300,5616.78,7294.63,5823.99,7552.34,1,0,false_positive,1
464,//akc0ss-n086/NMML_Polar_Imagery_4/Surveys_IceSeals_2025/fl223/images_30deg_N68RF/center_view/ice_seals_2025_fl223_C_20250514_002904.503467_rgb.jpg,6307,7674.24,1084.12,7938.37,1265.6,1,0,animal,1
465,//akc0ss-n086/NMML_Polar_Imagery_4/Surveys_IceSeals_2025/fl223/images_30deg_N68RF/center_view/ice_seals_2025_fl223_C_20250514_002905.562212_rgb.jpg,6308,7374.11,10207.7,7665.88,10409.2,1,0,off_frame,1
466,//akc0ss-n086/NMML_Polar_Imagery_4/Surveys_IceSeals_2025/fl223/images_30deg_N68RF/center_view/ice_seals_2025_fl223_C_20250514_002906.626862_rgb.jpg,6309,11794.6,8322.11,12054.1,8507.75,1,0,false_positive,1
467,//akc0ss-n086/NMML_Polar_Imagery_4/Surveys_IceSeals_2025/fl223/images_30deg_N68RF/center_view/ice_seals_2025_fl223_C_20250514_002907.679344_rgb.jpg,6310,5560.84,6623.73,5762.87,6822.8,1,0,false_positive,1
468,//akc0ss-n086/NMML_Polar_Imagery_4/Surveys_IceSeals_2025/fl223/images_30deg_N68RF/center_view/ice_seals_2025_fl223_C_20250514_002911.904114_rgb.jpg,6314,9779.28,754.395,10004.5,914.059,1,0,false_positive,1
469,//akc0ss-n086/NMML_Polar_Imagery_4/Surveys_IceSeals_2025/fl223/images_30deg_N68RF/center_view/ice_seals_2025_fl223_C_20250514_002912.959702_rgb.jpg,6315,9452.99,9856.61,9666.5,10030.9,1,0,off_frame,1
470,//akc0ss-n086/NMML_Polar_Imagery_4/Surveys_IceSeals_2025/fl223/images_30deg_N68RF/center_view/ice_seals_2025_fl223_C_20250514_002931.999018_rgb.jpg,6333,2212.51,3895.68,2476.11,4131.65,1,0,false_positive,1
471,//akc0ss-n086/NMML_Polar_Imagery_4/Surveys_IceSeals_2025/fl223/images_30deg_N68RF/center_view/ice_seals_2025_fl223_C_20250514_003030.176528_rgb.jpg,6388,4746.47,5204.19,4864.41,5358.17,1,0,animal,1
472,//akc0ss-n086/NMML_Polar_Imagery_4/Surveys_IceSeals_2025/fl223/images_30deg_N68RF/center_view/ice_seals_2025_fl223_C_20250514_003118.746031_rgb.jpg,6434,3415.11,1298.85,3655.42,1520.28,1,0,false_positive,1
473,//akc0ss-n086/NMML_Polar_Imagery_4/Surveys_IceSeals_2025/fl223/images_30deg_N68RF/center_view/ice_seals_2025_fl223_C_20250514_004409.200278_rgb.jpg,6682,1810.2,4159.05,1999.14,4328.65,1,0,false_positive,1
474,//akc0ss-n086/NMML_Polar_Imagery_4/Surveys_IceSeals_2025/fl223/images_30deg_N68RF/center_view/ice_seals_2025_fl223_C_20250514_004451.408767_rgb.jpg,6720,9146.61,8915.29,9355.04,9148.38,1,0,false_positive,1
475,//akc0ss-n086/NMML_Polar_Imagery_4/Surveys_IceSeals_2025/fl223/images_30deg_N68RF/center_view/ice_seals_2025_fl223_C_20250514_004452.520855_rgb.jpg,6721,2597.06,9187.02,2730.42,9315.02,1,0,animal,1
476,//akc0ss-n086/NMML_Polar_Imagery_4/Surveys_IceSeals_2025/fl223/images_30deg_N68RF/center_view/ice_seals_2025_fl223_C_20250514_004456.972162_rgb.jpg,6725,2916.23,6611.51,3083.64,6789.16,1,0,false_positive,1
477,//akc0ss-n086/NMML_Polar_Imagery_4/Surveys_IceSeals_2025/fl223/images_30deg_N68RF/center_view/ice_seals_2025_fl223_C_20250514_004545.070733_rgb.jpg,6768,7323.24,3397.71,7498.95,3689.05,1,0,animal,1
478,//akc0ss-n086/NMML_Polar_Imagery_4/Surveys_IceSeals_2025/fl223/images_30deg_N68RF/center_view/ice_seals_2025_fl223_C_20250514_004554.064009_rgb.jpg,6776,6928.51,6223.44,7116.39,6400.23,1,0,false_positive,1
479,//akc0ss-n086/NMML_Polar_Imagery_4/Surveys_IceSeals_2025/fl223/images_30deg_N68RF/center_view/ice_seals_2025_fl223_C_20250514_004557.436307_rgb.jpg,6779,2030.17,8593.65,2265.36,8844.72,1,0,false_positive,1
480,//akc0ss-n086/NMML_Polar_Imagery_4/Surveys_IceSeals_2025/fl223/images_30deg_N68RF/center_view/ice_seals_2025_fl223_C_20250514_004617.708499_rgb.jpg,6797,10186.2,5582.43,10368.8,5765.06,1,0,false_positive,1
481,//akc0ss-n086/NMML_Polar_Imagery_4/Surveys_IceSeals_2025/fl223/images_30deg_N68RF/center_view/ice_seals_2025_fl223_C_20250514_004617.708499_rgb.jpg,6797,7276.04,6731.96,7443.51,6901.06,1,0,false_positive,1
482,//akc0ss-n086/NMML_Polar_Imagery_4/Surveys_IceSeals_2025/fl223/images_30deg_N68RF/center_view/ice_seals_2025_fl223_C_20250514_004618.836306_rgb.jpg,6798,11013.2,8131.76,11210.8,8327.19,1,0,false_positive,1
483,//akc0ss-n086/NMML_Polar_Imagery_4/Surveys_IceSeals_2025/fl223/images_30deg_N68RF/center_view/ice_seals_2025_fl223_C_20250514_004622.218729_rgb.jpg,6801,3997.53,1941.93,4182.41,2190.02,1,0,false_positive,1
484,//akc0ss-n086/NMML_Polar_Imagery_4/Surveys_IceSeals_2025/fl223/images_30deg_N68RF/center_view/ice_seals_2025_fl223_C_20250514_004623.346075_rgb.jpg,6802,1492.44,9270.96,1704.21,9489.81,1,0,false_positive,1
485,//akc0ss-n086/NMML_Polar_Imagery_4/Surveys_IceSeals_2025/fl223/images_30deg_N68RF/center_view/ice_seals_2025_fl223_C_20250514_004633.511198_rgb.jpg,6811,-162.597,1738.88,-25.45,2028.78,1,0,off_frame,1
486,//akc0ss-n086/NMML_Polar_Imagery_4/Surveys_IceSeals_2025/fl223/images_30deg_N68RF/center_view/ice_seals_2025_fl223_C_20250514_004642.561340_rgb.jpg,6819,9900.01,5444.2,9995.32,5527.69,1,0,animal,1
487,//akc0ss-n086/NMML_Polar_Imagery_4/Surveys_IceSeals_2025/fl223/images_30deg_N68RF/center_view/ice_seals_2025_fl223_C_20250514_004643.693903_rgb.jpg,6820,8691.3,6759.08,8919.19,7033.57,1,0,false_positive,1
488,//akc0ss-n086/NMML_Polar_Imagery_4/Surveys_IceSeals_2025/fl223/images_30deg_N68RF/center_view/ice_seals_2025_fl223_C_20250514_004643.693903_rgb.jpg,6820,8732.46,6665.69,8992.89,6982.54,1,0,false_positive,1
489,//akc0ss-n086/NMML_Polar_Imagery_4/Surveys_IceSeals_2025/fl223/images_30deg_N68RF/center_view/ice_seals_2025_fl223_C_20250514_004643.693903_rgb.jpg,6820,8774.37,6662.34,9020.9,6947.54,1,0,false_positive,1
490,//akc0ss-n086/NMML_Polar_Imagery_4/Surveys_IceSeals_2025/fl223/images_30deg_N68RF/center_view/ice_seals_2025_fl223_C_20250514_004645.959438_rgb.jpg,6822,612.647,6451.48,820.253,6665.23,1,0,false_positive,1
491,//akc0ss-n086/NMML_Polar_Imagery_4/Surveys_IceSeals_2025/fl223/images_30deg_N68RF/center_view/ice_seals_2025_fl223_C_20250514_004648.223937_rgb.jpg,6824,1623.94,7546.99,1894.42,7738.58,1,0,false_positive,1
492,//akc0ss-n086/NMML_Polar_Imagery_4/Surveys_IceSeals_2025/fl223/images_30deg_N68RF/center_view/ice_seals_2025_fl223_C_20250514_004649.356744_rgb.jpg,6825,8059.29,4148.53,8287.59,4356.52,1,0,false_positive,1
493,//akc0ss-n086/NMML_Polar_Imagery_4/Surveys_IceSeals_2025/fl223/images_30deg_N68RF/center_view/ice_seals_2025_fl223_C_20250514_004650.488887_rgb.jpg,6826,2816.01,7189.46,3018.55,7480.75,1,0,false_positive,1
494,//akc0ss-n086/NMML_Polar_Imagery_4/Surveys_IceSeals_2025/fl223/images_30deg_N68RF/center_view/ice_seals_2025_fl223_C_20250514_004653.884151_rgb.jpg,6829,10275.1,9092.64,10462.7,9327.02,1,0,false_positive,1
495,//akc0ss-n086/NMML_Polar_Imagery_4/Surveys_IceSeals_2025/fl223/images_30deg_N68RF/center_view/ice_seals_2025_fl223_C_20250514_004706.327011_rgb.jpg,6840,456.578,3554.99,659.722,3826.32,1,0,false_positive,1
496,//akc0ss-n086/NMML_Polar_Imagery_4/Surveys_IceSeals_2025/fl223/images_30deg_N68RF/center_view/ice_seals_2025_fl223_C_20250514_004709.718873_rgb.jpg,6843,461.816,6357.19,666.296,6584.84,1,0,false_positive,1
497,//akc0ss-n086/NMML_Polar_Imagery_4/Surveys_IceSeals_2025/fl223/images_30deg_N68RF/center_view/ice_seals_2025_fl223_C_20250514_004714.250641_rgb.jpg,6847,7453.4,6239.13,7693.16,6476.31,1,0,false_positive,1
498,//akc0ss-n086/NMML_Polar_Imagery_4/Surveys_IceSeals_2025/fl223/images_30deg_N68RF/center_view/ice_seals_2025_fl223_C_20250514_004714.250641_rgb.jpg,6847,7429.73,6216.98,7715.23,6510.45,1,0,false_positive,1
499,//akc0ss-n086/NMML_Polar_Imagery_4/Surveys_IceSeals_2025/fl223/images_30deg_N68RF/center_view/ice_seals_2025_fl223_C_20250514_004728.971072_rgb.jpg,6860,6370.77,7751.49,6564.71,7976.97,1,0,false_positive,1
500,//akc0ss-n086/NMML_Polar_Imagery_4/Surveys_IceSeals_2025/fl223/images_30deg_N68RF/center_view/ice_seals_2025_fl223_C_20250514_004735.781897_rgb.jpg,6866,7767.45,2408.18,7986.53,2591.02,1,0,false_positive,1
501,//akc0ss-n086/NMML_Polar_Imagery_4/Surveys_IceSeals_2025/fl223/images_30deg_N68RF/center_view/ice_seals_2025_fl223_C_20250514_004739.189718_rgb.jpg,6869,7254.58,9274.95,7441.68,9464.92,1,0,false_positive,1
502,//akc0ss-n086/NMML_Polar_Imagery_4/Surveys_IceSeals_2025/fl223/images_30deg_N68RF/center_view/ice_seals_2025_fl223_C_20250514_004741.461232_rgb.jpg,6871,2150.33,6632.09,2342,6876.97,1,0,false_positive,1
503,//akc0ss-n086/NMML_Polar_Imagery_4/Surveys_IceSeals_2025/fl223/images_30deg_N68RF/center_view/ice_seals_2025_fl223_C_20250514_004746.006663_rgb.jpg,6875,9944.91,9252.27,10159.4,9536.71,1,0,false_positive,1
504,//akc0ss-n086/NMML_Polar_Imagery_4/Surveys_IceSeals_2025/fl223/images_30deg_N68RF/center_view/ice_seals_2025_fl223_C_20250514_004746.006663_rgb.jpg,6875,9223.45,846.367,9441.65,1047.64,1,0,false_positive,1
505,//akc0ss-n086/NMML_Polar_Imagery_4/Surveys_IceSeals_2025/fl223/images_30deg_N68RF/center_view/ice_seals_2025_fl223_C_20250514_004749.425704_rgb.jpg,6878,1274.57,1222.14,1469.05,1459.63,1,0,animal,1
506,//akc0ss-n086/NMML_Polar_Imagery_4/Surveys_IceSeals_2025/fl223/images_30deg_N68RF/center_view/ice_seals_2025_fl223_C_20250514_004750.563751_rgb.jpg,6879,2199.39,8602.88,2494.98,8774.48,1,0,animal,1
507,//akc0ss-n086/NMML_Polar_Imagery_4/Surveys_IceSeals_2025/fl223/images_30deg_N68RF/center_view/ice_seals_2025_fl223_C_20250514_004750.563751_rgb.jpg,6879,1507.28,10255.6,1743.1,10531.6,1,0,off_frame,1
508,//akc0ss-n086/NMML_Polar_Imagery_4/Surveys_IceSeals_2025/fl223/images_30deg_N68RF/center_view/ice_seals_2025_fl223_C_20250514_004751.702480_rgb.jpg,6880,1238.2,9417.33,1457.05,9662.17,1,0,false_positive,1
509,//akc0ss-n086/NMML_Polar_Imagery_4/Surveys_IceSeals_2025/fl223/images_30deg_N68RF/center_view/ice_seals_2025_fl223_C_20250514_004753.979957_rgb.jpg,6882,956.167,4714.61,1175.56,4971.51,1,0,false_positive,1
510,//akc0ss-n086/NMML_Polar_Imagery_4/Surveys_IceSeals_2025/fl223/images_30deg_N68RF/center_view/ice_seals_2025_fl223_C_20250514_004753.979957_rgb.jpg,6882,939.149,4577.47,1143.53,4822.53,1,0,false_positive,1
511,//akc0ss-n086/NMML_Polar_Imagery_4/Surveys_IceSeals_2025/fl223/images_30deg_N68RF/center_view/ice_seals_2025_fl223_C_20250514_004755.119000_rgb.jpg,6883,6796.74,1921.7,6977.33,2138.97,1,0,false_positive,1
512,//akc0ss-n086/NMML_Polar_Imagery_4/Surveys_IceSeals_2025/fl223/images_30deg_N68RF/center_view/ice_seals_2025_fl223_C_20250514_004755.119000_rgb.jpg,6883,8537.97,5482.29,8707.83,5679.79,1,0,false_positive,1
513,//akc0ss-n086/NMML_Polar_Imagery_4/Surveys_IceSeals_2025/fl223/images_30deg_N68RF/center_view/ice_seals_2025_fl223_C_20250514_004837.388375_rgb.jpg,6920,1309.45,4957.63,1542.39,5142.91,1,0,false_positive,1
514,//akc0ss-n086/NMML_Polar_Imagery_4/Surveys_IceSeals_2025/fl223/images_30deg_N68RF/center_view/ice_seals_2025_fl223_C_20250514_004841.967263_rgb.jpg,6924,3809.75,8562.43,4018.21,8870.52,1,0,false_positive,1
515,//akc0ss-n086/NMML_Polar_Imagery_4/Surveys_IceSeals_2025/fl223/images_30deg_N68RF/center_view/ice_seals_2025_fl223_C_20250514_004846.549448_rgb.jpg,6928,1758.75,1498.33,1978.31,1816.59,1,0,false_positive,1
516,//akc0ss-n086/NMML_Polar_Imagery_4/Surveys_IceSeals_2025/fl223/images_30deg_N68RF/center_view/ice_seals_2025_fl223_C_20250514_004854.562342_rgb.jpg,6935,7954.45,7110.88,8152.52,7438.2,1,0,false_positive,1
517,//akc0ss-n086/NMML_Polar_Imagery_4/Surveys_IceSeals_2025/fl223/images_30deg_N68RF/center_view/ice_seals_2025_fl223_C_20250514_004855.705709_rgb.jpg,6936,10759.3,736.781,10973.5,958.75,1,0,false_positive,1
518,//akc0ss-n086/NMML_Polar_Imagery_4/Surveys_IceSeals_2025/fl223/images_30deg_N68RF/center_view/ice_seals_2025_fl223_C_20250514_004901.423064_rgb.jpg,6941,5741.21,5817.44,5915.23,6012.43,1,0,false_positive,1
519,//akc0ss-n086/NMML_Polar_Imagery_4/Surveys_IceSeals_2025/fl223/images_30deg_N68RF/center_view/ice_seals_2025_fl223_C_20250514_004910.570944_rgb.jpg,6949,10324.8,3246.36,10527.4,3454.79,1,0,animal,1
520,//akc0ss-n086/NMML_Polar_Imagery_4/Surveys_IceSeals_2025/fl223/images_30deg_N68RF/center_view/ice_seals_2025_fl223_C_20250514_004910.570944_rgb.jpg,6949,10924.4,3635.91,11098.1,3896.03,1,0,animal,1
521,//akc0ss-n086/NMML_Polar_Imagery_4/Surveys_IceSeals_2025/fl223/images_30deg_N68RF/center_view/ice_seals_2025_fl223_C_20250514_004910.570944_rgb.jpg,6949,10630.8,3490.73,10842.5,3726.62,1,0,animal,1
522,//akc0ss-n086/NMML_Polar_Imagery_4/Surveys_IceSeals_2025/fl223/images_30deg_N68RF/center_view/ice_seals_2025_fl223_C_20250514_004918.563596_rgb.jpg,6956,8583.98,5995.85,8807.27,6206.82,1,0,false_positive,1
523,//akc0ss-n086/NMML_Polar_Imagery_4/Surveys_IceSeals_2025/fl223/images_30deg_N68RF/center_view/ice_seals_2025_fl223_C_20250514_004932.259366_rgb.jpg,6968,7824.42,8111.76,7981.14,8225,1,0,animal,1
524,//akc0ss-n086/NMML_Polar_Imagery_4/Surveys_IceSeals_2025/fl223/images_30deg_N68RF/center_view/ice_seals_2025_fl223_C_20250514_004950.487742_rgb.jpg,6984,3063.77,1575.4,3409.5,1840.26,1,0,false_positive,1
525,//akc0ss-n086/NMML_Polar_Imagery_4/Surveys_IceSeals_2025/fl223/images_30deg_N68RF/center_view/ice_seals_2025_fl223_C_20250514_005026.933876_rgb.jpg,7016,4459.31,9081.71,4677.87,9412.84,1,0,false_positive,1
526,//akc0ss-n086/NMML_Polar_Imagery_4/Surveys_IceSeals_2025/fl223/images_30deg_N68RF/center_view/ice_seals_2025_fl223_C_20250514_005030.342617_rgb.jpg,7019,1909.66,3153.55,2118.22,3456.46,1,0,false_positive,1
527,//akc0ss-n086/NMML_Polar_Imagery_4/Surveys_IceSeals_2025/fl223/images_30deg_N68RF/center_view/ice_seals_2025_fl223_C_20250514_005032.614834_rgb.jpg,7021,230.98,4592.4,482.574,4780.03,1,0,false_positive,1
528,//akc0ss-n086/NMML_Polar_Imagery_4/Surveys_IceSeals_2025/fl223/images_30deg_N68RF/center_view/ice_seals_2025_fl223_C_20250514_005032.614834_rgb.jpg,7021,917.005,4556.38,1179.8,4756.07,1,0,false_positive,1
529,//akc0ss-n086/NMML_Polar_Imagery_4/Surveys_IceSeals_2025/fl223/images_30deg_N68RF/center_view/ice_seals_2025_fl223_C_20250514_005033.750519_rgb.jpg,7022,6988.38,1352.29,7179.15,1537.4,1,0,false_positive,1
530,//akc0ss-n086/NMML_Polar_Imagery_4/Surveys_IceSeals_2025/fl223/images_30deg_N68RF/center_view/ice_seals_2025_fl223_C_20250514_005039.426733_rgb.jpg,7027,11340,4711.91,11551.9,4927.74,1,0,false_positive,1
531,//akc0ss-n086/NMML_Polar_Imagery_4/Surveys_IceSeals_2025/fl223/images_30deg_N68RF/center_view/ice_seals_2025_fl223_C_20250514_005040.560745_rgb.jpg,7028,-115.641,4413.72,-4.9353,4698.27,1,0,off_frame,1
532,//akc0ss-n086/NMML_Polar_Imagery_4/Surveys_IceSeals_2025/fl223/images_30deg_N68RF/center_view/ice_seals_2025_fl223_C_20250514_005157.638295_rgb.jpg,7034,11051.4,3101.88,11245.6,3344.63,1,0,false_positive,1
533,//akc0ss-n086/NMML_Polar_Imagery_4/Surveys_IceSeals_2025/fl223/images_30deg_N68RF/center_view/ice_seals_2025_fl223_C_20250514_005209.002486_rgb.jpg,7044,11104.7,5227.46,11343.3,5470.91,1,0,false_positive,1
534,//akc0ss-n086/NMML_Polar_Imagery_4/Surveys_IceSeals_2025/fl223/images_30deg_N68RF/center_view/ice_seals_2025_fl223_C_20250514_005241.919383_rgb.jpg,7073,10026.3,3073.97,10226,3255.9,1,0,false_positive,1
535,//akc0ss-n086/NMML_Polar_Imagery_4/Surveys_IceSeals_2025/fl223/images_30deg_N68RF/center_view/ice_seals_2025_fl223_C_20250514_005243.054245_rgb.jpg,7074,127.001,7257.49,321.79,7505.55,1,0,false_positive,1
536,//akc0ss-n086/NMML_Polar_Imagery_4/Surveys_IceSeals_2025/fl223/images_30deg_N68RF/center_view/ice_seals_2025_fl223_C_20250514_005244.189574_rgb.jpg,7075,2550.63,4159.59,2729.66,4379.74,1,0,false_positive,1
537,//akc0ss-n086/NMML_Polar_Imagery_4/Surveys_IceSeals_2025/fl223/images_30deg_N68RF/center_view/ice_seals_2025_fl223_C_20250514_005244.189574_rgb.jpg,7075,8195.48,2943.86,8397,3107.34,1,0,false_positive,1
538,//akc0ss-n086/NMML_Polar_Imagery_4/Surveys_IceSeals_2025/fl223/images_30deg_N68RF/center_view/ice_seals_2025_fl223_C_20250514_005245.325160_rgb.jpg,7076,7393.85,7137.97,7606.85,7326.92,1,0,false_positive,1
539,//akc0ss-n086/NMML_Polar_Imagery_4/Surveys_IceSeals_2025/fl223/images_30deg_N68RF/center_view/ice_seals_2025_fl223_C_20250514_005250.998895_rgb.jpg,7081,5352.22,2724.52,5554.97,2959.74,1,0,false_positive,1
540,//akc0ss-n086/NMML_Polar_Imagery_4/Surveys_IceSeals_2025/fl223/images_30deg_N68RF/center_view/ice_seals_2025_fl223_C_20250514_005257.810384_rgb.jpg,7087,5679.54,7022.72,5858.04,7211.03,1,0,false_positive,1
541,//akc0ss-n086/NMML_Polar_Imagery_4/Surveys_IceSeals_2025/fl223/images_30deg_N68RF/center_view/ice_seals_2025_fl223_C_20250514_005258.945930_rgb.jpg,7088,291.362,7474.54,491.119,7687.65,1,0,false_positive,1
542,//akc0ss-n086/NMML_Polar_Imagery_4/Surveys_IceSeals_2025/fl223/images_30deg_N68RF/center_view/ice_seals_2025_fl223_C_20250514_005258.945930_rgb.jpg,7088,6304.15,2403.41,6505.59,2644.55,1,0,false_positive,1
543,//akc0ss-n086/NMML_Polar_Imagery_4/Surveys_IceSeals_2025/fl223/images_30deg_N68RF/center_view/ice_seals_2025_fl223_C_20250514_005300.081835_rgb.jpg,7089,2543.45,1250.69,2750.03,1456.83,1,0,false_positive,1
544,//akc0ss-n086/NMML_Polar_Imagery_4/Surveys_IceSeals_2025/fl223/images_30deg_N68RF/center_view/ice_seals_2025_fl223_C_20250514_005306.899399_rgb.jpg,7095,770.236,7636.74,970.767,7800.07,1,0,false_positive,1
545,//akc0ss-n086/NMML_Polar_Imagery_4/Surveys_IceSeals_2025/fl223/images_30deg_N68RF/center_view/ice_seals_2025_fl223_C_20250514_005308.036987_rgb.jpg,7096,2531.1,6988.29,2713.12,7299.82,1,0,false_positive,1
546,//akc0ss-n086/NMML_Polar_Imagery_4/Surveys_IceSeals_2025/fl223/images_30deg_N68RF/center_view/ice_seals_2025_fl223_C_20250514_005310.312259_rgb.jpg,7098,7316.93,1458.97,7525,1712.62,1,0,false_positive,1
547,//akc0ss-n086/NMML_Polar_Imagery_4/Surveys_IceSeals_2025/fl223/images_30deg_N68RF/center_view/ice_seals_2025_fl223_C_20250514_005320.558166_rgb.jpg,7107,4276.38,5861.35,4477.06,6080.54,1,0,false_positive,1
548,//akc0ss-n086/NMML_Polar_Imagery_4/Surveys_IceSeals_2025/fl223/images_30deg_N68RF/center_view/ice_seals_2025_fl223_C_20250514_005329.668188_rgb.jpg,7115,11363.5,5522.61,11574.7,5814.67,1,0,false_positive,1
549,//akc0ss-n086/NMML_Polar_Imagery_4/Surveys_IceSeals_2025/fl223/images_30deg_N68RF/center_view/ice_seals_2025_fl223_C_20250514_005329.668188_rgb.jpg,7115,2420.86,7032.65,2646.58,7227.1,1,0,false_positive,1
550,//akc0ss-n086/NMML_Polar_Imagery_4/Surveys_IceSeals_2025/fl223/images_30deg_N68RF/center_view/ice_seals_2025_fl223_C_20250514_005330.807852_rgb.jpg,7116,9215.05,6639.38,9417.29,6829.49,1,0,false_positive,1
551,//akc0ss-n086/NMML_Polar_Imagery_4/Surveys_IceSeals_2025/fl223/images_30deg_N68RF/center_view/ice_seals_2025_fl223_C_20250514_005333.089306_rgb.jpg,7118,8687.13,3305.15,8873.61,3495.63,1,0,false_positive,1
552,//akc0ss-n086/NMML_Polar_Imagery_4/Surveys_IceSeals_2025/fl223/images_30deg_N68RF/center_view/ice_seals_2025_fl223_C_20250514_005333.089306_rgb.jpg,7118,9016.68,3800.22,9231.39,4023.25,1,0,false_positive,1
553,//akc0ss-n086/NMML_Polar_Imagery_4/Surveys_IceSeals_2025/fl223/images_30deg_N68RF/center_view/ice_seals_2025_fl223_C_20250514_005334.230734_rgb.jpg,7119,10666.4,7873.01,10881.9,8088.87,1,0,false_positive,1
554,//akc0ss-n086/NMML_Polar_Imagery_4/Surveys_IceSeals_2025/fl223/images_30deg_N68RF/center_view/ice_seals_2025_fl223_C_20250514_005352.491293_rgb.jpg,7135,1579.52,4550.83,1808.51,4728.43,1,0,false_positive,1
555,//akc0ss-n086/NMML_Polar_Imagery_4/Surveys_IceSeals_2025/fl223/images_30deg_N68RF/center_view/ice_seals_2025_fl223_C_20250514_005358.208307_rgb.jpg,7140,740.646,7073.11,917.503,7316.11,1,0,false_positive,1
556,//akc0ss-n086/NMML_Polar_Imagery_4/Surveys_IceSeals_2025/fl223/images_30deg_N68RF/center_view/ice_seals_2025_fl223_C_20250514_005402.783180_rgb.jpg,7144,10384.5,6259.39,10536.8,6369.96,1,0,animal,1
557,//akc0ss-n086/NMML_Polar_Imagery_4/Surveys_IceSeals_2025/fl223/images_30deg_N68RF/center_view/ice_seals_2025_fl223_C_20250514_005402.783180_rgb.jpg,7144,10509.2,6175.99,10660.8,6297,1,0,animal,1
558,//akc0ss-n086/NMML_Polar_Imagery_4/Surveys_IceSeals_2025/fl223/images_30deg_N68RF/center_view/ice_seals_2025_fl223_C_20250514_005410.797828_rgb.jpg,7151,3737.78,5873.67,3902.02,6081.9,1,0,false_positive,1
559,//akc0ss-n086/NMML_Polar_Imagery_4/Surveys_IceSeals_2025/fl223/images_30deg_N68RF/center_view/ice_seals_2025_fl223_C_20250514_005416.524064_rgb.jpg,7156,6913.65,3964.64,7084.41,4123.84,1,0,false_positive,1
560,//akc0ss-n086/NMML_Polar_Imagery_4/Surveys_IceSeals_2025/fl223/images_30deg_N68RF/center_view/ice_seals_2025_fl223_C_20250513_234149.586325_rgb.jpg,3784,11159.8,9173.02,11263.4,9254.92,1,0,animal,1
